image_id,source,image_url,questions,source_type
1236e320-0e85-42c5-9717-f1afffe3e41e,bing,http://images5.fanpop.com/image/photos/26900000/Becoming-Jane-becoming-jane-26988361-2048-1365.jpg,Why is Anne so surprised? | Why is she excited? | How much did she get paid to be in this film? | What movie is this scene from? | What movie was this from?,original
3415bdf8-5f4b-4c7f-9522-7b510c359e83,bing,http://3.bp.blogspot.com/-ab0Cd4ZbYTw/Thhb-MBqOII/AAAAAAAAAb8/WOqr-Q03FLw/s1600/June+%2527+11+091.jpg,Are those all dairy cows? | Why are these children on the farm? | Are these wild cows? | Were the girls a little bit afraid of the cows? | Are those cows rushing those children?,original
733f1063-f7e1-42a4-9ad5-6fbc4ac7ed68,bing,http://www.premieremulti.com/wp-content/uploads/2012/12/premiere-social-events.jpg,What is the reason for this banquet? | How many people went to this event? | Did you enjoy this dinner? | What event was that at? | What is this presentation about?,original
39ad91db-5a83-4cf2-9ce1-152c1cc7dabd,bing,http://static.guim.co.uk/sys-images/Guardian/Pix/pictures/2013/1/20/1358697125146/Dorking--A-family-of-snow-017.jpg,Did one person make all of these snowmen? | Who made those snowmen? | Where were these snowman made? | Who made the snowmen? | Who built all of these snowmen?,original
d5e56382-2f23-4af6-9213-f223775fe7a3,bing,http://dogs.thefuntimesguide.com/files/walking-dog-around-new-house.jpg,What breed of dog is that? | Is that your home? | What does the woman have in her hand? | What kind of dog does she have? | Is this house located on an ocean?,original
ccde70cb-9a36-4940-b4a1-4ec4f945155f,bing,http://fc01.deviantart.net/fs70/i/2012/135/4/1/field_goal_post_stock_by_avenueimage-d4zu0w4.jpg,Is this a football field? | How tall is this goal? | How many feet apart is the end goal? | Is that a high school football field? | Who comes to play here?,original
9eded3ff-d684-47a8-b232-ee489729732f,bing,http://www.carid.com/images/brand/suncore/151g-31-f_v1_20110921.jpg,What are those products used for? | What is the main function of those? | What are those used for? | What equipment is this? | What do these devices do?,original
bc1dbbfb-075f-421a-a4b4-9d7b9438c37c,bing,http://3.bp.blogspot.com/-9Nhuq5QK7B8/U8bYqh2nDBI/AAAAAAAAFEc/EQV6SQBO7dw/s1600/DSCN0773.JPG,What are they getting ready for? | Are they related? | Why is the man grabbing his vest? | Why is that man touching the other guy like that?,original
95c47102-60b4-48e8-aefd-22817f5b794c,bing,http://farm4.staticflickr.com/3074/2838528418_0ee3053288_z.jpg,What is under the rocks? | Where was this taken? | Is that a cave in the bushes? | Is that pile of rocks a burial ground? | Did the pile of rubble used to be a home?,original
35d6f1ae-3060-4817-aa34-5316cd1925c5,bing,http://3.cdn.nhle.com/stars/images/upload/2010/12/12.1.10GJ051_slide.jpg,Was this done by make a wish? | Why is this child in the hospital? | Why was he in the hospital? | Did the boy get better? | Why is this boy in the hospital?,original
02a65b9f-a629-4c57-a7db-174c7ebc1a2c,bing,http://spaceinimages.esa.int/var/esa/storage/images/esa_multimedia/images/2013/02/columbus_launched_onboard_space_shuttle_atlantis/12512695-1-eng-GB/Columbus_launched_onboard_Space_Shuttle_Atlantis.jpg,What is the name of this rocket ship? | What was the radius of smoke dissipation from the rocket launch? | When was the lift off happened? | Where did the shuttle travel to? | Which one of the space shuttles is on that rocket?,original
64d00386-3e6a-4c41-8ac8-b26015265844,bing,http://createdigitalmusic.com/files/2013/05/pcusack_chernobyl2007.jpg,How old is this gentleman? | Who is he? | What is he recording? | What is he recording? | What is the man listening to on his headphones?,original
2a767c85-68b4-4011-a419-fae21a11133b,bing,http://www.themuslimtimes.org/wp-content/uploads/2013/01/muslim_prayer_beads.jpg,Are those rosary beads the man is holding? | What is the significance of the beads that the man is holding? | How many rosaries have you owned in your lifetime? | What is the man praying for? | What prayer is he doing?,original
ad79ba49-f842-4432-90f4-d9ec4e3c04d3,bing,http://media.breitbart.com/media/2015/02/concealed-carry-AP-640x480.jpg,How many bullets dose that hold? | Did they have a permit for that gun? | What kind of gun is this? | Is he proficient at shooting the firearm? | Is he being arrested?,original
4bb814a5-cd4b-4e41-88de-679894a4969e,bing,http://3.bp.blogspot.com/_0vQee8oZXq8/TCXCQwHQJ1I/AAAAAAAATVs/iqIAnwtQJX4/s1600/Aprilia%2BShiver%2B750e.jpg,Have you ever ridden a motorcycle? | How much does this motorcycle cost? | What is the cost for this motorbike? | What country made the brand of this motocycle? | Who does this bike belong to?,original
6004d6cb-107c-43c4-b7a4-b601b0ebe55e,bing,http://know1radio.files.wordpress.com/2013/10/186378606.jpg,Did they just win the game? | IS the game over? | Did the Red Sox win the game? | Did the Red Sox just win the game? | What was the ruling on the play?,original
da74b576-1b23-4833-ae69-f0267e6ab9c7,bing,http://static1.businessinsider.com/image/5441663decad04451a388163/president-obama-says-his-credit-card-was-declined-at-an-nyc-restaurant.jpg,When was this picture of Obama taken? | Why is Obama so sad? | What was bothering him? | what where the circumstances surrounding this picture? | Is Obama praying?,original
a41d20d6-a070-41ad-800d-0c0d1c2e6a19,bing,http://samomatic.com/wordpress/wp-content/uploads/2009/09/factory1.jpg,What are they making? | What are they making in this factory? | What kind of gadget are they assembling? | Did the workers seem to enjoy their work? | What are they making?,original
6f988f68-3429-4fc3-a2f5-f3469b073766,bing,http://2.bp.blogspot.com/-_xi6rEdQ578/UQZ6CPatJ-I/AAAAAAAARvs/QSXFjSCiomk/s1600/Spring+Drops+Wallpapers+04.jpg,Are these flowers from a hybrid plant? | What type of flower isthat | What type of flower is this? | What types of flowers are these? | Are these flowers in your garden?,original
67127deb-5896-4c73-b641-b8463c5da790,bing,http://fsxpage.files.wordpress.com/2012/11/airbus_extended_93.jpg,What is Thomas Cook? | What flight paths does the airline take? | Where is this flight headed? | Have you ever heard of Thomas Cook? | Where will that plane head to?,original
f7e6ea77-6163-4a66-996d-6d4f96477418,bing,http://4.bp.blogspot.com/-rrWsn7CWxVk/T4coGatNlFI/AAAAAAAAAM8/m2b5oR5yofc/s1600/DSCF2020.jpg,Did she do her on nails? | Is that nail polish the quick drying kind? | Who's hand is that? | Do the sparkles make the nail polish lumpy? | Who painted her nails?,original
cc083dc2-f87b-4f0c-8688-5d8c84864d94,bing,http://2.bp.blogspot.com/-mWgGQPzvby0/T9Ngun6-c4I/AAAAAAAAEDY/HDXpzgCQT2k/s1600/botas1.jpg,Who took the four photos? | Which of these models has the most fans? | What kind of fashion is that? | Are these women professional models? | When did the skinny jean fad start?,original
93a9fa8b-c662-4f27-9f70-34397c043e80,bing,http://3.bp.blogspot.com/-V72Y9JZSKls/UPTtu3o2ykI/AAAAAAAACcs/OTEF0s6BhbU/s1600/Snow-Festival-Saporo.jpg,How long did it take to make that many snowmen? | Is this an annual event? | How long did it take to make those snowmen? | Why is there so many snowmen on the ground? | Why were they making all of these little snowmen?,original
331f9775-9953-4f7d-9104-1e634d7a55d8,bing,http://helenw13.files.wordpress.com/2010/12/path_through_the_woods.jpg,Where does this path lead to? | Wouldn't that be a beautiful place to take a walk? | How long is this trail? | Where does that path go? | Do many people walk here?,original
0f851af9-b46b-4969-8550-52cd3b33fd6f,bing,http://3.bp.blogspot.com/-_b1Csc7ghAI/ThJ41JJirnI/AAAAAAAAB_o/Spek0OPuqDE/s1600/LOOKS+DE+INVERNO+%25288%2529.jpg,Do you think skinny jeans will still be in style a year from now? | Are these women significantly famous? | Is that the same person? | Is it cold where all of thee women are? | Who is the oldest of those women?,original
155f5db8-2f94-4891-927a-f326d793f1a0,bing,http://images.fineartamerica.com/images-medium-large/2-horse-trading-peter-jenkins.jpg,Why is there a large crowd of people and horses? | How many people are at this event? | How many horses were there? | How old are the horses? | What is everyone looking at?,original
240082fb-cf1a-41b6-8314-078cb5cd64b6,bing,http://homebuildingbook.com/housephoto2.jpg,Is the house brand new? | Where is this house located? | Would you want to live in a house that big? | Does this house have a basement? | Did you grow up in this house,original
24b57763-c291-4946-94c5-0f8a376d2cb0,bing,http://cdn.home-designing.com/wp-content/uploads/2012/03/Modern-architecture-patio-water-feature.jpg,How much did that pool cost to construct? | How much does this house sell for? | How much is that house worth? | How deep is this pool? | Is this a home or a hotel room?,original
1b9d17bd-1eb3-41d3-8894-93c8808243bc,bing,http://www.archives.gov/research/military/civil-war/photos/images/civil-war-003.jpg,What types of drums do these men use? | Was this taken during the Civil War? | Why did they have drums? | Where was this picture taken? | What kind of military is this?,original
a547d094-e04f-4b6e-a21d-f0d27c6404a4,bing,http://www.collectiondx.com/files/BIG_ORDER_ROOM_zps992143b2.jpg,Do the Transformers fit into the spaceship? | How much does those toys cost? | Are these the action figures your son collects? | Are these toys part of a movie franchise? | What is the structure in the middle?,original
b935f4ab-a560-4b31-b096-55fd75f825c7,bing,http://3.bp.blogspot.com/-pKbCOVFZgyE/U9mLvW7M4kI/AAAAAAAAisw/8GyiMrowPf0/s1600/Shaft+of+Light.jpg,What is the location of this photo? | What city is this scenery located at? | Where is this town? | What city is this in? | What city is that the sun is shining on?,original
0c8ceb69-b098-4da2-9005-a0239010d38a,bing,http://p.vitalmtb.com/photos/stories/2014/12/11/full_strait_fox_3612.jpg?1418304350,How is he going to land that bike safely? | Who is that on the bike? | Did he land it? | Did he land properly? | Why is he jumping off a cliff?,original
60e97442-fd58-43cd-b3a3-0195c617fd42,bing,http://media2.onsugar.com/files/2014/03/25/210/n/1922398/f563daa1357841a2_INFphoto_1996841wtmk7y4eUA.191ratio/i/Stephanie-Seymour-picked-up-her-daughter-ocean.jpg,What was making her happy? | Where are these people swimming? | Was this the ocean or a lake? | Is that the ocean in the background? | Was this picture taken on purpose?,original
b71a198c-3937-496d-9a14-6d05671690ae,bing,http://static4.businessinsider.com/image/529bc3016da8110943428b02/look-what-happened-to-amazons-revenues-when-a-sales-tax-was-imposed-.jpg,What is the name brand of this man's sunglasses? | What is this man's profession? | Are those Ray Ban sunglasses? | Is he golfing? | What kind of sunglasses is he wearing?,original
092007e5-98c0-444c-bc3f-69908255ca1f,bing,http://2.bp.blogspot.com/-5VsTSl4d7vE/T4W7sdu7mxI/AAAAAAAAAVY/u013N15qnvY/s1600/getting+married.jpg,Did they enjoy laying in the grass? | When did you get engaged? | Where are they getting married? | Are these people in love? | Is he older than her?,original
568da543-416a-4bc1-815f-1f81af35a357,bing,http://4.bp.blogspot.com/-AuWusQBTIIc/TzAM2Yo3zJI/AAAAAAAAAYI/AMW2-vJLHRc/s1600/churchpanting.jpg,What type of plant is this? | Is the soil fertile? | How does a plant grow in hand soil? | Is this image trying to persuade a message? | What were you planting?,original
2e3e00d7-9d52-4aeb-ad9d-bf90ded306b4,bing,http://www.carid.com/images/standard/replacement-electrical-parts/as13.jpg,What kind of contraption is this? | What machine does that fit to? | What does this piece fit on? | What is this piece usually used for? | Is this device used with a computer?,original
e9144df0-2d10-4f98-9f09-e451f985fd73,bing,http://2.bp.blogspot.com/-8efquTK_bis/TkFcKmoscAI/AAAAAAAAAKA/CpJJoJ-EhWM/s1600/Fracking%2Bdemo%2BCT.jpg,Where did this protest take place? | What is a Karoo? | What city was the protest in? | Where did this protest take place? | Why are they protesting?,original
434e8cf9-8356-42c0-af91-343f603c06b6,bing,http://farm8.staticflickr.com/7085/7166033957_b37b39e1f3_z.jpg,Are they part of a military operation? | Where is this happening? | Did anyone get killed? | What urgent situation is requiring the attention of these high level enforcement officers? | Is that the army?,original
5e86858d-4b3e-45de-b534-1c438065ec5d,bing,http://diltzphotos.files.wordpress.com/2012/03/city-track-meet-01.jpg,What this practice or a meet? | Who do you think won the race? | Where is this hurdling taking place? | Are these men professionals? | Is that a college meet?,original
b5d357ed-9512-48cb-b9bb-23021a385446,bing,http://4.bp.blogspot.com/-0RLOdxBIx3E/UvmDjHFsBcI/AAAAAAAACnA/A4aic0Jx6sQ/s1600/movie_pic_001_088_scarlett_johansson_we_bought_a_zoo.png,What movie is this from? | Who is she? | Is this a picture of Scarlet Johansen? | Is that Scarlett Johannson? | is she playing a part in a movie?,original
b896fad9-4c5f-472b-894c-7dfc25b3cbad,bing,http://image.made-in-china.com/2f0j00RMjTstoYnFqy/Vision-for-Repair-Laptop-xBox-Sp3-BGA-Repair-Tool-ZM-R6808-.jpg,What does the machine do exactly? | What is the magnification for this machine? | What kind of tasks does this advanced-looking machine perform? | What type of device is this? | How does this contraption work?,original
daf0c958-0266-42e8-a97a-fa460c5b066c,bing,http://www.ar15.com/media/viewFile.html?i=52514,How much did that cost? | Did the kids help you to build the play house? | What's that house going to be? | Is this meant for kids to play in? | Why does the cantilever beam stick out of the house?,original
e218510c-93bb-4aed-880e-65a3b75c8be3,bing,http://2.bp.blogspot.com/-JUrl72Cwt-k/UM5FZzAeaVI/AAAAAAACJw8/BLsuQ8Mk7D4/s1600/lost_poster6.jpg,What show is this? | Are all of these people on a tv show together? | What group are these people a part of? | Is this the cast for some TV show? | Are they the cast from something?,original
b7846236-2cb4-4274-b115-fa57cdd477f9,bing,http://images1.fanpop.com/images/photos/2100000/Shawn-Johnson-the-olympics-2116047-2560-1859.jpg,What country is the gymnast from? | How many flips can she do in a row? | What country is this gymnist from? | How much time does she spend practicing? | What sport was she competing in?,original
8736afb2-419f-4b10-ae96-9a569f4ff230,bing,http://4.bp.blogspot.com/-LV84LJVvkn4/TzoRwFNsM3I/AAAAAAAAEf8/-gLeI1ySr3o/s1600/Mount+EVErest2.jpg,"Those mountains are gorgeous, do you agree? | How high is the tallest mountain? | How tall is this mountain? | What mountain range is this? | What mountain is this?",original
64e94231-f6db-4cc6-90cc-173032a4acdb,bing,http://defence-blog.com/wp-content/uploads/2014/12/cjXXh7LPHAA.jpg,Where was this taken? | Are those missiles in that vehicle? | Were you in that vehicle? | Where are they headed? | Is this machine part of the army?,original
64bd763c-fb05-4c11-a39a-137f7ba7b1d9,bing,http://a.espncdn.com/media/motion/2015/0729/dm_150729_mlb_nym_sd_bbtn258/dm_150729_mlb_nym_sd_bbtn258.jpg,What do you bet he throws a strike? | Can you tell what kind of pitch he's about to throw? | Where did this pitcher go to college? | What year and season is this picture from? | Was the pitched called a strike?,original
f8567778-4e83-4fde-a924-0330b0917f6d,bing,http://3.bp.blogspot.com/-xwCZTi9Kh3M/TZnbll8eXWI/AAAAAAAAB5c/OFePTGtKmD8/s1600/2011+04+04+032.JPG,Who designed this? | How long did it take to make this? | Whose is that? | Who made this piece of art? | Are those fishing lures on top?,original
8421f80b-28e6-47a6-a394-9ffbf9bced82,bing,http://2.bp.blogspot.com/-P7c7AcljZW8/UcQy_H3YMcI/AAAAAAAAI_o/38oYgpX6C5I/s1600/Rainfall+Wallpaper+17.jpg,Was it raining when this picture was taken? | Do you have any idea where this scenery is located? | Does this area get a lot of rain? | Where is this field located? | Is a tornado about to form?,original
0317bd21-d993-4fed-95ee-7045e1df2f39,bing,http://blogs.denverpost.com/library/files/2012/10/Russell-means-book-photo.jpg,Who was he? | What ethnic group does he belong to? | What nation does he belong to? | Does he belong to an ethnic group? | What is the man in deep thought about?,original
73072205-540a-409e-9820-72beee0e1f9d,bing,http://www.cs.columbia.edu/%7Esedwards/photos/kyle20050515/20050515-8942%20Kyle%20looking%20up.jpg,What is the girl looking at? | How would you describe her expression? | How old is the little girl? | What do you suppose she is looking at? | How old is the kid?,original
2cabd9c5-034a-43a1-a6ff-b0fe5e99cec0,bing,http://lifehopeandtruth.com/uploads/images/Laying-on-of-hands.jpg,Why is someone's hands on his head? | What is happening to the man in this picture? | Why are they placing their hands on his head? | Who is baptizing this man? | Why is he all wet?,original
869fe76a-104e-4f4d-8549-2ef815ada03d,bing,http://images.fineartamerica.com/images-medium-large/rushing-river-jack-gantzel.jpg,Is it safe to drink the water at this river? | Is it running higher than normal? | Is there a campsite near by? | Is the river overflowing its' banks? | What state is this river located in?,original
d3983abd-a831-4236-b95e-032794fa31f7,bing,http://nation.com.pk/print_images/large/2012-12-05/israel-must-answer-for-its-war-crimes-1354729123-4870.jpg,Is this a post apocalyptic picture? | Was this destruction the result of a natural disaster? | Where was this taken? | What do you think caused the building damage here? | What there an earthquake or an explosion?,original
0824e8d4-f09e-4271-b817-7c504db2371b,bing,http://i.huffpost.com/gen/1148950/thumbs/o-WOMAN-FINDS-DOG-CBS-facebook.jpg,Where did this disaster take place? | Was her house lost in a tornado? | Why is there so much damage? | What is the woman trying to find in the rubble? | What type of disaster occurred here?,original
7e875b74-9751-443a-9ca3-25424ef2ba4e,bing,http://images2.fanpop.com/images/photos/3200000/james-spike-3273656-1978-2000.jpg,"Why does this man look so serious? | Who is sexier, Spike or Eric Northman? | How successful is this man? | Who is this man? | Have you ever seen this man before?",original
091428f9-d1a5-4ad1-8ca5-447162bd40e8,bing,http://static.guim.co.uk/sys-images/Guardian/Pix/pictures/2011/1/10/1294659369920/A-flash-flood-in-Toowoomb-003.jpg,What city is this in? | How high are the flood waters? | Is this floodwater? | Where did this flooding take place? | What town is this?,original
33878be2-bc9e-47f9-a6a1-0579ac4ea1f2,bing,http://4.bp.blogspot.com/-hifuEWSntQY/Tq1F5CO_i5I/AAAAAAAAAjE/fHm2H2049Co/s1600/market_garden_day_8_2.jpg,Who are these men shooting at? | Is this photograph from an actual war scene? | Are those American soldiers? | What war was this taken in? | What battle was this?,original
4a13332f-569a-4142-bea1-e1d093b1155a,bing,http://static2.businessinsider.com/image/520d027f6bb3f7475f00000f/a-world-series-of-poker-champ-sold-his-tournament-bracelet-for-65000-in-an-online-auction.jpg,Did he really win all of that? | How much did he win? | Is that real money? | Did he just win this money? | How much money is that?,original
36f53cbd-4366-4847-97f0-26646efe56e9,bing,http://a.scpr.org/i/fb578705bfd0e42ff0d49352debed914/73793-full.jpg,What is he speaking about? | Do you happen to know what he might be talking about? | Is he a motivational speaker? | Is this man the CEO of Cover California? | What is he talking about?,original
ed8d403a-531a-4ac1-b25c-222d4b552911,bing,http://fc09.deviantart.net/fs70/f/2012/295/8/e/leaving_summer_behind_by_chris_lamprianidis-d5ilaq7.jpg,Where is this garden? | What park is this? | Are those woods safe? | Does she feel safe? | Why is this woman walking?,original
23a7bd24-4397-47d7-ab82-8d66474bb82b,bing,http://olympicphotocircuit.com/images/results/2013/gallery/acceptances/part03/Li%20Peng%20-%20Holy%20Worship%209.jpg,Do they live in that cart? | Why are these people stopped on the side of a road? | Where are they traveling to that they have to take a nap on the way? | How hot is it where these people are? | Are those people homeless?,original
0c6730a3-ce9e-4fdc-8f61-888a610c4603,bing,http://3.bp.blogspot.com/-zcmZzrLVsfY/U8bVnnivZtI/AAAAAAAAFD4/HZuOb-QNZXU/s1600/DSCN0788.JPG,What is behind that wire mesh? | Is this a section of the screen door? | What is the function of this object? | Is that door safe or is it easy to brake in? | What is the purpose of the metal grate?,original
69311e91-5891-481b-bacc-401a7c69d48a,bing,http://eleganthomes.files.wordpress.com/2013/01/reclining-chair.jpg,Is this recliner comfortable? | what kind of fabric is the recliner made of? | Is this chair the favorite of the man in the house? | How expensive is this reclining chair? | Do you have one of those?,original
05859329-67ec-46cc-b7e8-f7b55e22c73d,bing,https://teachbaseball.files.wordpress.com/2011/05/matsui_catching_fly_ball.jpg,Do you think he's going to catch it? | What stadium is the baseball player competing in? | How many outs are there? | Who won the game? | Who won this game?,original
abb9e18d-e547-407c-b7c3-5a1ae2f17f19,bing,http://a.abcnews.com/images/Politics/ap_marco_rubio_mt_141219_16x9_992.jpg,What office dose he hold? | Is this man a politician? | Who is this politician? | Who is the person speaking? | What is he talking about?,original
95554e9e-f1ae-4145-91c8-a8bc4edc3e89,bing,http://image.made-in-china.com/2f0j00QBUtLlaJHZby/Paint-Brush-Economic-PAB2075-.jpg,What brand of paint brush is that? | Are you starting a painting project? | Is the paint brush used? | What are those bristles made of? | How wide is the brush?,original
092e7975-7ce1-4922-af55-513d9842a983,bing,http://www.intelligentvending.co.uk/image/1/360/g-drink-dr-9-drinks-vending-machine.jpg,Who installed that vending machine? | Which of these drinks do you like the best? | Why aren't there any Pepsi products in that machine? | How much did the drinks cost? | How much is a coke?,original
692af707-d376-485b-9d16-79b05e7e6ed1,bing,http://st.depositphotos.com/1000260/1279/i/950/depositphotos_12799812-Surgeon-at-work-in-operating-room..jpg,What type of surgery are they performing? | What type of operation is being performed on the patient? | What kind of operation are the surgeons performing? | What kind of surgery are they going to do? | What type of operation are they doing?,original
7f863ce7-9edc-4d82-9901-6ec6ce6c79bf,bing,http://www.theracingbiz.com/wp-content/uploads/2014/05/vagoldcup2014hotrizescaled.jpg,Who won this game of polo | What kind of horse race is this? | Who wins the race? | Are they playing polo or just racing? | How many competitors raced in this event?,original
0ae2f145-de60-4d65-aa20-cd5ef4caf439,bing,http://2.bp.blogspot.com/-FYhLb5d87x0/T303JNDursI/AAAAAAAAOwA/zrbw-jPR_Rw/s1600/courtney-love-16.jpg,Is she a celebrity? | Is her face photoshopped? | Why does she only have eye shadow on one eye? | Is that someone who is famous? | Do you recognize this woman?,original
9a04cdff-f870-4acf-993c-dfaeea10f6d7,bing,http://4.bp.blogspot.com/-tt50AiBOj0A/T5VoxPvpppI/AAAAAAAAEzo/Q6vAWFZusn4/s1600/angry%2Bface%2Bgirl%2B%284%29.jpg,Why is this little girl so angry? | How old is this young girl? | Why is this girl angry? | Why is she making a face? | Why is she so mad?,original
d0de1c65-0083-476e-914d-3f9884241ce1,bing,http://images2.fanpop.com/image/photos/8700000/Bring-It-On-movies-8700291-1500-983.jpg,What movie is that from? | Is that Kirstin Dunst? | How did the cheerleaders do in the Regionals? | Do these cheerleaders go to a camp in the summer? | Are these people participating in a cheerleading competition?,original
5222d0a4-6236-49ad-947f-ab4dfa0d81d7,bing,http://media-cache-ak0.pinimg.com/736x/36/e9/60/36e9608b8b54de90abf59d4ac223b79c.jpg,How did her box break? | What year do you think this IRA image is from? | Is the girl homeless? | Where was this taken? | Was she begging?,original
bfe51ff5-b43a-460e-bd94-8f20f243b6f4,bing,http://4.bp.blogspot.com/-WpnEXWRyxf4/UUmHYlnkC2I/AAAAAAAAGQs/S3uDdoBKanE/s1600/Fell+Pony+Stallion.jpg,Is that a toy horse? | How large is the figure? | Who made this little horse? | Is that a collectors item? | Is this a play toy for an animal?,original
53f9d51a-5d84-4efd-a838-78dc4b9624d9,bing,http://2.bp.blogspot.com/-RWYOMikhZOI/UTwTK06bP3I/AAAAAAAAPS0/Il6RDuGHGU4/s1600/Hiroshima.jpg,What kind of bomb caused that? | Where was this photo taken? | What year did this explosion occur? | What explosion is this? | What country did that eruption take place in?,original
8ec61564-2835-43af-b7cf-cdf7d74ee5a9,bing,http://www.gannett-cdn.com/-mm-/cc1f958f92e8154db0ed804251fad3593e745eae/c=0-230-4284-2640&r=x1683&c=3200x1680/local/-/media/2015/07/28/JacksonMS/B9318234118Z.1_20150728085511_000_GSQBFDNCH.1-0.jpg,What topic is the man talking about? | What was he speaking about? | What is that man speaking to the crowd about? | What is he lecturing about? | Is he really quoting from a magazine?,original
60354da2-9c28-4d30-a408-cb8f4d2632ad,bing,http://www.johnharveyphoto.com/Japan/Toyohashi/TendingGardenLg.jpg,What are those white flowers in front of the roses? | What kind of flower is in this photo? | Can you pick those flowers? | What kind of flowers are those? | What is he doing exactly?,original
055a1d14-21e5-478d-9a07-399671855065,bing,http://4.bp.blogspot.com/-ECdDDi3kO50/TaHu-p5cQcI/AAAAAAAAAAM/np6_jKgDQ0U/s1600/Farmers-Market-foods.jpg,Where is this vegetable and fruit stand located? | How much are the yellow bell peppers in the photo? | Are all of these for sale? | Where are these vegetables harvested from? | Is this produce organic?,original
ba1daf87-2faa-4388-bde3-414500e15f68,bing,http://www.cs.columbia.edu/%7Esedwards/photos/kyle20050515/20050515-8942%20Kyle%20looking%20up.jpg,What is the girl looking at? | How old is this little girld? | What do you think has her attention? | What is this kid looking at?,original
039aa48f-0747-4af5-8855-065d1f36ef8a,bing,http://www.tropicalisland.de/REP_Siem_Reap_Angkor_Wat_with_monks.jpg,What country is this building in? | What temple is that? | What is the name of the temple? | Are tourists permitted to enter this temple? | What kind of palace is that?,original
404d41b2-3a4b-4a79-b7de-7ffbe68ef9e6,bing,http://media3.onsugar.com/files/2014/03/25/182/n/1922398/da57170aadd1319f_71333PCN_Bacon15VeEBzw.191ratio/i/Kevin-showed-off-his-shoulder-tattoo.jpg,How old is Kevin bacon in this photo? | How old is Kevin Bacon? | What actor is this? | What kind of tattoo is on his shoulder? | Did most of his sunscreen wash off?,original
d24a007d-ac5d-4752-baba-a0533235b019,bing,http://static4.businessinsider.com/image/4df74798ccd1d59110020000/the-german-economy-is-falling-off-the-cliff.jpg,How far was the dive? | How high is he diving from? | What body of water is he diving into? | What body of water is this man diving into? | Isn't this dangerous?,original
8cfc399b-52ad-4781-b3f9-fe9e6b9c7818,bing,http://i2.cdn.turner.com/cnnnext/dam/assets/150514144625-defining-moments----bavarian-ascension-super-169.jpg,What are they dressed as? | What are the ladies talking about? | Are those two having a staring contest? | What are these women talking about?,original
1f3cd272-38d0-45f1-8ac3-3ef41cea83b4,bing,http://3.bp.blogspot.com/_4b7mjGwCmrk/TGKzXIF2aXI/AAAAAAAAAQ0/x_Z0qqnFOw8/s1600/Entire+Bridal+Party.jpg,Did everyone enjoy the wedding? | Which bridesmaid is your sister? | What city's skyline did this wedding party take a picture in front of? | Is the married couple still together? | Is this their first marriage?,original
21cd0957-cc2f-47c0-a22a-734c38c3deb1,bing,http://4.bp.blogspot.com/_t6rV3U9ZEHM/TLsGtGSuuYI/AAAAAAAA7yM/CiDZhvuvbq8/s1600/eric-holder1.jpg,What is he speaking about? | Did you get to meet him? | Is this man in politics? | Does this person work for President Obama? | Who is this guy?,original
7b1e2498-dec6-4741-82e7-10cfa741cad3,bing,http://4.bp.blogspot.com/-m48_Omntres/TzwKtKJ93mI/AAAAAAAAIpM/qAQ07zt31gM/s1600/snow305.jpg,How many inches of snow were on the ground? | How much snow is on the ground? | How deep is the snow in this picture? | How deep is the snow? | Exactly how deep was the snow?,original
3fdbce76-5573-4220-bff2-810363d2c5ed,bing,https://lwplibrary.files.wordpress.com/2015/01/jam-session-jan27-12.jpg,What song are they playing? | What kind of music do you think they're playing? | What is the name of their band? | Are they rehearsing for a performance? | What event was this?,original
9d601cd9-0925-4127-a2b2-e18d4c6aba09,bing,http://thingselemental.com/wp-content/uploads/2013/02/mis-barricade_2426810k.jpg,What historical event is being depicted? | What city is that in? | What building is that supposed to be in the background? | Why was this barrier built? | Are those the French national flags?,original
00472679-97c5-449a-9ece-4d55370344f4,bing,http://static.sportskeeda.com/wp-content/uploads/2014/10/table-tennis-paddles-1920x1080-1412834960.jpg,Are those new paddles? | Are those ping pong paddles expensive? | Whose pingpong paddles are those? | Is that your ping pong table? | Where can I get a bright red ping pong paddle like that one?,original
9bd0b1c4-1d25-4240-bc39-0719120b7522,bing,http://ebmato.files.wordpress.com/2008/11/ej-programs134.jpg,Why do people have programs at weddings? | How big of an event is that for? | Will the wedding be beautiful? | What event is that a program for? | Who's wedding is this for?,original
2e4651b9-d6d8-4f93-b0f7-bba5772ad1fd,bing,http://www.spanishpropertyinsight.com/wp-content/uploads/2015/03/barcelona-diagona-mar.jpg,What city is this street located in? | What is the name of the street? | What is inside of Diagonal Mart? | Do you have any idea what city this is? | What city is this?,original
0ce3feff-12ba-4cc5-9fb7-890402761d0b,bing,http://cdn04.cdn.justjared.com/wp-content/uploads/2012/07/game-comic/game-of-thrones-takes-over-comic-con-2012-04.jpg,What type of event was this taken at? | Who are these people? | What movie or TV show are these people in? | Are those the actors from Game of Thrones? | How much money do they make each season?,original
9c4d5e1a-6e14-460e-a558-8c52805ca8d0,bing,http://simplysophisticatedcooking.files.wordpress.com/2013/08/blackened-chicken.jpg,Is that a grilled hushpuppie? | Is this a piece of grilled meat? | What type of scone is this? | How long should this be grilled?,original
4a43be22-4cda-4006-a941-be7b72b4b1d3,bing,https://scotthaddow.files.wordpress.com/2012/08/mandible_02.jpg,What kind of animal does this bone come from? | What animal is this from? | What species is this jaw bone from? | What animal did this come from? | What kind of fossil is this?,original
793a065a-9599-46b4-a8e8-62b28db981e8,bing,http://aaronwalker.org/convergence/2005/Images/Star_Wars_Group__Action.jpg,What kind of event is this? | Who put on this convention? | What other events were held? | Are they at a Star Wars convention? | Why were poeple dressed in Star Wars costumes?,original
03c1835d-06d6-4dd4-a7b4-55f262a92a49,bing,http://charltonbadongsky.files.wordpress.com/2012/09/598827_10151041336716430_916360805_n.jpg,What is this guy so excited about? | What is he celebrating? | Is that sunrise or sunset? | Why is this man stretching his arms out? | What body of water is that?,original
a528a32b-f7f6-4535-b398-dceea0e754b1,bing,http://2.bp.blogspot.com/-YrXEgpFzdsI/TccI8Uw_TeI/AAAAAAAAAJI/Gu0sNC5DVQw/s1600/VA+Disclosed+CD.jpg,How much does the album retail for? | is this band any good? | What kind of collection is this? | Is this your collection? | How much does one of these compact discs cost?,original
f3cc938d-7bd5-4002-82bc-9e28f36e2b79,bing,http://brucebennettphotography.files.wordpress.com/2012/04/20120417-met-charityride-05-wp.jpg,How many cyclists participated in this event? | Is this a triatholan? | What sort of race were they participating in? | How many people competed in the race? | How long is the race?,original
a9d85788-fd6b-49f5-b2d6-c7e66754943a,bing,https://mentalillnesstalk.files.wordpress.com/2015/02/img_20150212_110630.jpg,How much did those socks cost? | Where can I buy these socks? | Where can I purchase these socks? | Does she own the entire Wonder Woman costume? | Where did you get those?,original
2fbb9d07-4bde-47ec-a8b6-b14618c61370,bing,http://www.bbc.co.uk/news/special/world/japan_zoomr/zoomr/includes/japan/noscript/japan_earthquake_2_976.jpg,What happened? | What state was this earthquake in? | What did the earthquake register on the Richter scale? | Do you think these people were hit by an earthquake? | What caused the disorganized state of this scene?,original
617a6975-ca7e-4fc1-b8c8-e2c96df97d9d,bing,http://heylaurenrene.com/wp-content/uploads/2013/05/24-day-challenge-results.jpeg,How much weight did she lose? | How long did it take to lose all of the weight? | How much weight did she lose? | How much weight did she lose? | Have you ever lost this much weight?,original
7d1183e9-c556-41c0-a397-b98a01ae868e,bing,http://th05.deviantart.net/fs71/PRE/f/2010/230/f/a/Flowing_Stream_2_by_angryteddy.jpg,What is the name of that river? | Do any fish live in this river? | What is official term for this type of terrain? | How long did you stay at the creek/ | Were there fish in the stream?,original
4ac8cfb7-a1c2-482a-9d26-9bc53b176064,bing,http://fc06.deviantart.net/fs70/i/2009/354/0/3/Reaching_hand_by_ArchaicLover.jpg,What is he reaching for? | Whose hand is this? | Is this your hand? | How old is the person in the picture? | Is this person in a dungeon?,original
9e3cab35-2970-44f1-8a3a-f838f39ca46d,bing,http://bongodogblog.files.wordpress.com/2012/12/scratchy-attacks-bongo.jpg,Do the cat and dog fight often? | What caused the cat to hit the dog? | What are the genders of these two pets? | What caused the cat to react like that? | Why did the cat attack the dog?,original
b06f76e5-1914-493f-923d-9c01b7235768,bing,http://moto.motorionline.com/wp-content/gallery/brought-superior-ss100/brought-superior-ss100-5.jpg,What kind of motorcycle is that? | Does this motorcycle go fast? | How fast can you drive this motor bike? | Do you think a woman would like this bike? | How much gas can this motorcycle hold?,original
97508a15-acb5-4920-8730-c53bed06d329,bing,http://3.bp.blogspot.com/_Bt3R17sGtdA/S9seFLWxEhI/AAAAAAAAAAU/J8qZctlx2-U/s1600/lost-1.jpg,Are these people on TV? | What is this group? | Did any of the cast hook up with each other? | Are all of those people on TV together? | What association is this group a part of?,original
1bc4f2ba-604a-4fb2-bfc2-c828e8b5e3d7,bing,http://garlicfriesandbaseball.files.wordpress.com/2010/09/tim_lincecum_2009-pitching.jpg,Did SF win this game? | How fast can he throw? | Why is his gloved hand at such a weird angle? | Did the Giants win? | Is he a good pitcher?,original
ae7e24fb-817c-45aa-bed1-3a3969c3a069,bing,http://healthygallatin.org/wp-content/uploads/2013/12/New-Years-Eve.jpg,What are the people celebrating? | Did those men hook up with those women? | What year were they celebrating? | What year was this? | Whats the celebration all about?,original
2f42f9ba-03b3-4119-9e4a-94611246811a,bing,http://4.bp.blogspot.com/_ODEN6RYLGe8/TS5aeoM4iYI/AAAAAAAAB04/-tR1wAD5J3k/s1600/100_8015.JPG,What kind of fabric is that? | What sort of fabric is this? | What type of fiber is that made from? | What is that fabric? | What is this piece of fabric a part of?,original
674524a8-49d6-4566-9f0c-fee5e8bff807,bing,http://4.bp.blogspot.com/_WOWQJUlRtKQ/TRt2yqMfN5I/AAAAAAAABPI/-IYkbfVV9UY/s1600/humming+bird+3.jpg,Do you have hummingbirds at your house? | What kind of flower is that? | What kind of hummingbird is this? | Is the humming bird easily scared off? | How fast do its wings beat?,original
acbfa41b-1353-4434-a9e7-83712b2a33e6,bing,http://2.bp.blogspot.com/-Ie6pM2UzEvA/TaqKYX-ynhI/AAAAAAAACuo/WySchkJunq8/s1600/101_7232.JPG,Was that a wedding? | Where did you buy that beautiful strapless black dress with the white flowers? | What was the occasion? | Are these girls related? | Were these women bridesmaids?,original
0c98acf4-aee7-4c0f-a911-662efb8cba9c,bing,http://3.bp.blogspot.com/-JKEKr1CGzDI/U8bZn4EW9uI/AAAAAAAAFEk/vka9hmQ2VB4/s1600/DSCN0771.JPG,Was this get together for a special event? | Is this a husband and wife? | Are these your parents? | How are these two people related? | Are they married?,original
108c380f-8773-466e-8bfc-939d720736c1,bing,http://www.jezblog.com/images/20110623190329_webbelfast_0002.jpg,Is the boy a war survivor? | What is the little boy's name? | How did the car catch on fire? | What caused the fire? | What happened to the city?,original
2200316e-2c15-45a3-b2f2-aaff61826356,bing,http://static3.businessinsider.com/image/522d8ac0ecad04dc26ba226d/airline-awkwardly-blacks-out-logo-from-jet-that-skidded-off-the-runway.jpg,"What airport are these planes at? | Did something bad happen to that plane? | Something went wrong with that plane, would you say? | How many planes leave this airport each day? | What airport is this?",original
02fe6d38-2034-45d2-b594-9fef4815c0b3,bing,http://4.bp.blogspot.com/-DOgOuoV0wNI/Tp3anW3_tsI/AAAAAAAACFw/PW1EfwGC_xM/s1600/walk%2Baway-764751.jpg,Is the person male or female? | Where does the tunnel lead to? | Do you know who that guy is? | What tunnel is that? | Where was this taken?,original
bfb8b2a9-27ee-423e-84b9-bab9b971ee1d,bing,http://2.bp.blogspot.com/-rMpYq9u6rvw/UT_egD0sSvI/AAAAAAAAAKI/UDrj_VCZeys/s1600/column+copy.jpg,What sort of experiment will be performed? | Is that at your work? | What kind of equipment is that? | How does this contraption fill the test tubes? | How do you like working there?,original
bbaf1316-632e-4a28-81d8-955f6ea1f9e1,bing,http://farm4.staticflickr.com/3253/2381763674_663bd1acb5_z.jpg?zz=1,What bridge are they walking on? | What bridge is this? | Why is there a yellow line down the middle of a pedestrian bridge? | What city is this bridge in? | Is this a suspension bridge?,original
01c9cc8a-3f7c-4b3e-867d-ca93f0d3469b,bing,http://www.manahotels.in/traveller/wp-content/uploads/2011/01/taj.jpg,How long did it take to build that? | Is that the Taj Mahal? | Does the inside of this building have tiled floors? | Where is this architectural structure located at? | How old is the Taj Mahal?,original
e54d1d74-da55-4e90-aef3-7d7308acca69,bing,http://antoniogenna.com/wp-content/uploads/2015/08/Hollywood-Game-Night-3x06.jpg,Who are all these people? | What shows has the actor in the white been in? | Who won the game? | How is worth the most out of all those people? | What kind of games did they play?,original
966399a3-9966-403b-a8da-ffa8559815a7,bing,http://3.bp.blogspot.com/-Z-O1oVTbhUo/TsuSGhBop4I/AAAAAAAAAlY/TFmJSMA7FmY/s1600/LA+Meet+080.jpg,What type of dish is this? | What is it? | Who made this dish? | What kind of dish is that? | What is this dish called?,original
d4c93dfe-a83b-49b6-b5ca-54747f81168f,bing,http://4.bp.blogspot.com/-Tdxwg9Tz26c/TazEaWSW8nI/AAAAAAAAA0k/p3hQ-WDztcQ/s1600/lion-the_chase.jpg#tiger%20chasing%20prey%201280x960,Did the lion end up catching his prey? | What type of animal is the predator in this situation? | Did the lion eat the antelope? | Does the lion end up eating the deer? | What country were you in?,original
3364bdf6-e348-480f-b526-6b6691a1ff87,bing,http://media3.onsugar.com/files/2014/03/29/148/n/1922398/51d71fc7d3d2ed0f_450443257_10TefnC3.191ratio/i/Kylie-Jenner-showed-her-support-film.jpg,How long has she been walking the red carpet this night? | What is her name? | How old is this child? | What do Covergirl and The Hunger Games have in common? | Is she wearing a designer dress?,original
0aedc52a-8325-4af9-bf59-856404ca11d9,bing,http://4.bp.blogspot.com/-NE-QWVUK6mk/UzhquNU-ZeI/AAAAAAAATO4/69pXWpC7xeQ/s1600/Screen+Shot+2014-03-30+at+3.01.58+PM.png,Are they playing bluegrass music? | What kind of music are they playing? | What song are they playing? | What type of music was the band playing? | What music genre is this band?,original
b3883433-5b2d-4156-af74-25da86498cfb,bing,http://www.thesweetestoccasion.com/wp-content/uploads/2010/05/blue-red-strawberry-birthday-party-tissue-paper-pom-poms.jpg,How old is the person that the party is for? | What kind of party theme is this? | How old was the birthday kid turning? | What occasion is this cake for? | Who was having a birthday?,original
491ac889-8b80-4bf5-adbd-257492c0d42e,bing,http://4.bp.blogspot.com/-vJg8GZG9ERE/UhisRSNLwKI/AAAAAAAAAco/kZoW_PjHWKM/s1600/tibetan+bells.jpg,What kind of instrument is that? | What kind of music is played with these instruments? | Who do all of these instruments belong to? | Is this room part of a studio? | Are those chimes used in a lot of songs?,original
285bbdb0-c743-4b34-8b60-a46df186f98c,bing,http://www.graffiti.org/aware/1367.jpg,"That's a pretty weird looking drawing, do you think? | Who was the artist that spray painted this train? | Who painted that? | Is that art work a part of the train? | What do the skulls represent in this picture?",original
4ec0220b-5ebc-47c5-a844-de9a007e62d0,bing,http://farm3.staticflickr.com/2572/3902213751_3f69f6c14c_z.jpg,Do you like doing arts and crafts? | Is that a greeting card envelope? | Whose ribbon is it? | Did you create this paper craft? | What does this symbolize?,original
7c6ed109-bb4f-4207-a2ba-b6730a7fcedd,bing,http://media4.onsugar.com/files/2013/05/28/921/n/1922153/3f04c6d546f3d1e7_162499993_10.xxxlarge_2x/i/Nina-Dobrev-showed-us-perfect-way-wear-casual-up-do.jpg,Is this person an actor? | Is she promoting a new movie? | How long has she been acting? | Do you know who this person is? | Does she mean to have her bra showing?,original
71065851-ca7e-4c45-903b-58cd840a26f9,bing,http://harveypam.files.wordpress.com/2011/09/fruits.jpg,Are the fruits really sweet? | Why did you need so much fruit? | How many calories are there in total in this batch of fruit? | Are those fruit real? | How fresh are those fruits?,original
d97421c6-ccbb-4698-abd7-726df795c6aa,bing,http://2.bp.blogspot.com/_0SRWpIVmOkA/TCY_F62W_AI/AAAAAAAAALo/QRoeAO_u86c/s1600/sent+martin+side+village.jpg,Does that type of palm tree bear fruit? | Do you enjoy seeing palm trees like those? | Are those palm trees native? | Is this in Hawaii? | Why are there so many palm trees?,original
e0008761-efea-4b62-a0e9-d52f088a2cec,bing,http://2.bp.blogspot.com/-jcxJNzX3Cpk/U-OS21v-zFI/AAAAAAAAFQA/IwuYymDbZ7Y/s1600/wake+up.jpg,Is the boy going to wake up in time? | Does she have time to go back to sleep? | Is this photo a stock photograph about the category of sleep? | Does that alarm clock make noise? | Is that your room?,original
8414452e-0a8f-489f-9e79-cb940f2257ef,bing,http://2.bp.blogspot.com/_8B8FZtxJJyw/TJmt2LpSBfI/AAAAAAAAAU4/aio34aYVh44/s1600/DSC02358.JPG,What kind of material are the hearts made out of? | What are the hearts made out of? | What was made with these felt hearts? | Did you make those hearts yourself? | Did you cut these felt hearts?,original
1190fb32-8929-4357-8371-5ac629167483,bing,http://fc08.deviantart.net/fs50/f/2009/274/6/4/bad_weather_is_coming_1_by_ThorBet.jpg,How far away were you from the town? | What is the population of this area? | What geographical region is this terrain located in? | What city is that? | What cities is it raining in?,original
0179b949-0a37-4f2e-8c01-8fce58580801,bing,http://images1.fanpop.com/images/photos/1800000/Becoming-Jane-becoming-jane-1802818-1024-576.jpg,Who movie is this from? | Why is she upset? | What movie is this scene from? | What movie is this from? | Who is she talking to?,original
2261977b-904a-42ba-b117-3d2f10a0605f,bing,http://sydneymetaldetecting.files.wordpress.com/2010/04/img_2012.jpg,What is this guy looking for? | Did he find anything interesting? | What beach is this? | What kind of metal is the man looking for? | What is he searching for?,original
868702a5-940a-48ff-bddb-c5522ad26f6e,bing,http://2.bp.blogspot.com/_88k4Q3Suy6w/TBfGw1uNW_I/AAAAAAAABgQ/_edWLTiVasY/s1600/2010_kick-ass_003.jpg,Why is she holding a gun? | Is this a scene from a movie? | Is this a kid's show? | What type of gun is she holding? | Who is this girl intending to shoot at?,original
1336d245-4229-4cc4-9a63-4c9326141bf6,bing,http://2.bp.blogspot.com/_HWBCk73AmKc/TE5CjIhxSVI/AAAAAAAAAs4/53obzYs0g7Q/s1600/LineDriveBurger.JPG,Where can I get this cheeseburger | What kind of burger is that? | How much did this burger cost? | How many calories is that burger? | Is this a healthy sandwich?,original
330e1952-027f-47d5-aa40-3c599d790511,bing,http://andreasmoser.files.wordpress.com/2012/04/vittoriosa-birgu-urgent-notice.jpg,What is the purpose of this document? | What language is this document in? | Why was a picture taken of this document? | How did they follow this up? | What is that for?,original
763d0491-ace7-46d9-b30a-411d3e187e84,bing,http://anupkumarchaturvedi.com/00001_236.jpg,What is the range of that gun? | What type of artillery does this use? | What kind of equipment is this? | Is this some kind of weapon? | What does this device do?,original
7af48af8-c081-44b2-8c59-1ca3521c2a62,bing,http://fc03.deviantart.net/fs8/i/2005/318/a/f/Morning_Dew_by_JMarie_Photography.jpg,How long ago did it rain? | Is that what dew always looks like? | Is this picture taken in the morning? | How much zoom is being used? | Is that dew on the grass?,original
608148cc-4a40-4ba3-a0d1-5271c0076792,bing,http://www.gannett-cdn.com/-mm-/cc8644b3e438b231189a4f415c98394ab3457e7d/c=0-0-1956-1105&r=x1803&c=3200x1800/local/-/media/2015/02/04/USATODAY/USATODAY/635586676884694667-USP-NCAA-BASKETBALL-SYRACUSE-AT-VIRGINIA-TECH-69757878.JPG,What is he clapping for? | How old is this man? | Is this man important? | How old is this person? | What is this person known for?,original
fe7998ed-02ee-4021-997f-60162888a930,bing,http://st.depositphotos.com/1008939/1318/i/950/depositphotos_13185198-Hard-to-Concentrate.jpg,What subject is she studying? | Can you solve any of the equations on the blackboard? | Is she studying for an exam? | Was she having a hard time studying? | How many books has she gone through already?,original
6b6ffb6d-44d1-43bb-b537-244f1980f6a2,bing,http://s3.amazonaws.com/static.texastribune.org/media/images/2015/06/26/7C2A9562_jpg_800x1000_q100.jpg,Did they just get married? | What did they see on the phone? | Are these two elderly gentlemen related? | What are they looking at on the phone? | Do you think these two are getting married?,original
345823e7-58fe-47d4-98ef-5dd5619ff12e,bing,http://mynoviceshots.files.wordpress.com/2012/05/felt-plates.jpg,Are they using this felt for a craft? | Were any crafts made from this felt? | What kind of fabric is this? | Is this material felt? | Is that felt?,original
acc86b03-e6da-4ab7-acf1-3c94ff7e9d6e,bing,http://www.contentcreationcoach.com/wp-content/uploads/2014/10/Blog-First-Step.jpg,Where does the yellow arrow point to? | Whose feet do these belong to? | Where does the arrow lead? | Where does the arrow lead? | Where does the arrow go?,original
2fe1d031-b426-4dfc-b054-f8377ca88726,bing,http://rurallawyer.files.wordpress.com/2012/07/1359713_36501746-e1343229386173.jpg,How old is this child? | What kind of baby shampoo do you use? | What did the baby see that surprised it so much? | How old is the baby? | What is making this baby so surprised?,original
18f01009-73b1-4fe5-b747-2cfebdc3d898,bing,http://img0.etsystatic.com/004/0/6523612/il_fullxfull.359311556_omao.jpg,How much do those cost? | How expensive are those onsies? | Didn't they think they would give the one kid a complex? | Were both of these shirts given to one person? | Are these shirts for twins?,original
7c0c29c6-7459-4ae5-b5f0-cdb4680e8ee8,bing,http://i.ytimg.com/vi/5uuQ77vAV_U/maxresdefault.jpg,Do you enjoy chemistry? | What kind of experiment is this? | What is that? | What is the liquid in the beakers? | What type of test is being done?,original
370960e8-a7fa-40d7-a9c7-4f5b507ccf04,bing,http://3.bp.blogspot.com/-4GxjFY2SQtE/TcN1qnRgbJI/AAAAAAAAAAM/d_lJTkiGHuQ/s1600/berna+1.jpg,What happens if you speak Spanish? | Is this sign hanging in a government building? | What do you suppose goes on here? | What type of school is this? | Why don't they accept other languages?,original
e4181dfe-e2c2-419f-9cc8-06e1b03f97e0,bing,http://engagingtoddleractivities.files.wordpress.com/2010/03/dsc_0730.jpg,What age is this most likely designed for? | Did you make that? | What grade would this game work for? | What age group does this game appropriate for? | What age group is this game aimed at?,original
fcae7e7b-587a-498a-bbbf-f92cbafce524,bing,http://thetangential.com/wp-content/uploads/2013/10/Breaking-Away-copy.jpg,What trail is this lady riding her bike on? | How far has this man been cycling? | Is it safe for the man to ride his bike without using his hands? | Does he love bike riding? | Did he lose control of the bicycle?,original
8a62433f-0a45-4438-9ead-5343606f9f70,bing,http://www.adb.org/sites/default/files/styles/content_media/public/content-media/5220-phi-land-people.jpg?itok=cVjayHAd,At one point were all those flat things used for farming? | Are those steps in the hill natural or man made? | How big is the village? | Where is this village? | What do you call that type of terrain?,original
f344b0bc-fc69-4387-9a2f-c96651da473a,bing,http://lostpic.files.wordpress.com/2008/11/lost-cast-9.jpg,Is this from the show Lost? | Why aren't they in bathing suits? | Is this a Lost promotional photo? | Who is your favorite actor on this show? | Are all those people in lost or is the photo a hoax?,original
af887b61-d580-493c-950d-58f45db7e385,bing,http://th06.deviantart.net/fs70/PRE/i/2010/227/e/7/walk_of_life_by_Szylvester.jpg,Where are these people walking to? | What time of day was this photograph taken? | Are those people a couple? | Where are they walking to? | Where are they walking to?,original
368b71b3-3696-4837-a8d9-ba231fbce836,bing,http://images1.fanpop.com/images/photos/1800000/Becoming-Jane-becoming-jane-1803136-1024-576.jpg,How long did the movie take to film? | What show or movie was this from? | What movies is this from? | What is this a scene from? | What movie is this from?,original
770c0da5-5b31-4895-9dfa-a70fd696384f,bing,http://3.bp.blogspot.com/-6hG6hVHRLrE/Ttrui5y00oI/AAAAAAAABm4/RQSjlMLgtYU/s1600/tumbled+lime+black+pavers+%25283%2529.jpg,How long do those bricks last? | What kind of stone are these? | What kind of brick is this? | Who laid the stones? | What are the bricks on the ground made of?,original
5bab3628-2506-474b-829b-6cbc62cecbad,bing,http://image.made-in-china.com/2f0j00JePtlYRKnIoA/Aluminum-Beam-Stringer-Joist.jpg,How much does the steel beam weigh? | What is the steel beam for? | What is that for? | Is that beam used in building a house? | What do you call this kind of beam?,original
e3931758-c877-4cff-b94c-d17504a5110f,bing,http://news.bbcimg.co.uk/media/images/68671000/jpg/_68671347_blackening.jpg,What are they throwing at him? | Are they playing a prank on a classmate? | Is that chocolate they are spraying and dumping on him? | What is being poured onto the person? | Why are they throwing chocolate on him?,original
e4ed43de-3efc-40d6-b8aa-a5b33d7994a8,bing,http://3.bp.blogspot.com/-jW3hn-nQu4U/UFUhXfdfKBI/AAAAAAAAAHQ/azDinBAFe_w/s1600/Youth+Group+1.jpg,What material is on top of the hut? | Where are these people from? | Do these people practice perma-culture irrigation methods in their village? | Where was this taken? | Was that jug of water given to them as a gift?,original
b32dd102-0af5-4f94-9b6c-48e86d8a3d03,bing,http://static6.businessinsider.com/image/53fd90125afbd3581d8b4567/wilshere-expects-arsenal-to-finish-off-besiktas.jpg,Did he score a goal? | Is he about to score a goal? | What country is the soccor player in the red jersey from? | Which team won the game? | Who ends up winning?,original
a8229f24-b7e4-4d72-80ff-05d43380be4c,bing,http://www.survival.org.au/images/raised_bed_gardening.jpg,Is the entire garden using cinder blocks like that? | Is there going to be anymore growth? | Where is this garden located? | Is cement a good choice for planters? | What is being gardened?,original
4db29e9f-32a1-4d04-aa1e-6b65011e87c0,bing,http://static.tumblr.com/5ycfiyw/ymClpsq3q/cup-of-tea.jpg,What kind of tea is that? | What kind of tea is that? | Is this orange tea? | What kind of tea is this? | How long was the lemon slice left in the tea?,original
217dad57-fc0f-49fa-9ccc-f3eeef8fa8dc,bing,http://4.bp.blogspot.com/-KQSVijvzkfQ/Tx2v-zpVmkI/AAAAAAAAIiQ/2XsMTfwk3_U/s1600/pulled%2Bpork%2Bsauced.jpg,What kind of food is that? | What kind of meat is that? | Is this pork or beef? | What did you use for the sauce? | What type of dish is this?,original
de43ea8c-3675-4f83-aff7-6e886e840889,bing,http://static4.businessinsider.com/image/540618786bb3f7ea1044e2fd/if-this-company-succeeds-we-wont-be-fighting-about-reclining-airline-seats.jpg,What type of plane are these seats on? | Is this a commercial airplane? | Do the seats recline? | Is this the interior of a jumbo jet? | Is this a new model airplane?,original
83b29ebd-7a45-4ceb-a2d2-229af26d7e44,bing,http://static1.schoener-wohnen.de/thumbnails/galleryImage/0001/00000000001/55/76/55763_fell_ligneroset_teaser.jpg,What will this be used for? | Did you really buy a cow skin? | What sort of hide is this? | What do you call the pattern on this hide? | How big is it?,original
36c63d97-ce05-4453-95f9-8324d4f23290,bing,http://inapcache.boston.com/universal/site_graphics/blogs/bigpicture/brazil_01_21/b04_26619767.jpg,Was this a mud slide? | Where did this landslide happen? | What caused the land slide? | How much money in damage did that cause?,original
114d06b9-ac1e-460a-aa94-41d114fd08dc,bing,http://farm4.staticflickr.com/3315/3656656365_519ac4bae6_o.jpg,What body of water is that? | Is that water in someone's backyard? | Is that person diving or falling? | Is this body of water called a quarry? | How deep is the water?,original
268943a7-9a6b-415f-b408-bd1ea003496e,bing,http://www.bigislandvideonews.com/wp-content/uploads/2014/08/0825lavaCivilDefense-01.jpg,What are all these people there for? | Why are all these people gathered together? | Why is everybody in the room old? | Is this a PTA meeting? | What are all of these old people doing together?,original
eeea91f6-4977-4912-a581-a353b0a5cf8c,bing,http://apb148.files.wordpress.com/2012/03/proceed-with-caution.jpg,Is the turtle looking for water? | Why are its eyes so dark? | How old is the turtle? | Is this turtle still alive? | Was the picture taken at a zoo?,original
70b561cf-06de-4267-9873-293a2ccb4e0c,bing,http://siliconangle.com/files/2011/11/using-ipad.jpg,Do you have much use for an Ipad? | What app is she using? | What is this person looking at? | What kind of iPad is that? | Does she like her new tablet computer?,original
d4827c97-d75a-459c-8333-de53e65cbfef,bing,http://edanafashion.files.wordpress.com/2013/08/p00069855-skull-stud-embellished-box-clutch-standard.jpg,Do you have a dress that matches this purse? | Would it be appropriate to use this purse as an everyday purse? | Who is the designer? | How much is this piece of accessory cost? | Is that a flask or purse?,original
8ea23cc0-ff2c-4dbd-8634-5982abbb65a0,bing,http://airrefuelingarchive.files.wordpress.com/2011/04/img_57_6900_4.jpg?w=1024&h=1024,Where are the jets flying to? | How the heck did you take this photo? | Where is the plane flying above? | How did you get this shot? | How did you get so close?,original
821b4c2a-4e99-4cc5-8948-686f657a590b,bing,http://3.bp.blogspot.com/-k4Gnchj4U6w/T-3fyrOY5rI/AAAAAAAADBM/lYj0pVO0I5k/s1600/Cute-Couple-having-tight-Hug-e1337602758225.jpg,Why are they hugging? | What is the relationship of these two people? | Why is this couple so emotional? | Why is she so sad? | Are these people dating?,original
b1d47090-b6d4-403e-be8c-f3842671319e,bing,http://fc05.deviantart.net/fs71/i/2013/318/6/d/guard_duty_by_ndc880117-d6u91dt.png,What were they guarding? | What are they guarding? | What are they waiting for? | Does the situation appear to be dangerous? | What building is that in?,original
98cf1efa-653b-4948-822f-75eb3a5acb92,bing,http://dambreaker.files.wordpress.com/2011/07/scale_of_justice.jpg,How much does the statue weigh? | What is this a statue of? | Where is this statue? | Where would you find this statue? | Are the scales ever out of balance?,original
931cb84b-92ab-4cc2-b6ab-58faf9d9018e,bing,http://www.oakdiningsets.co.uk/images/Butterfly-Extending-Table/Tallinn-Butterfly-Extending-Oak-Dining-Table-3.jpg,Is this a custom made table? | What is the purpose of folding part of the table? | What is the function of this door? | Why is the table lift in the middle?,original
9e060a54-031d-4ac4-ab05-c10a927dbe0e,bing,http://www.komar.org/faq/sports/baseball/seattle-mariners/2008_08_07/2008_08_07_0587_raul_home_run.jpg,Is this a playoff game? | Where is this baseball player from? | How fast was that ball he hit thrown? | Did they go on to the playoffs? | What country is Raul Ibanez from?,original
4c61b288-85e0-45ac-af61-5f52f07b41f2,bing,http://2.bp.blogspot.com/-JnEoiW2LBFE/TXNuHnX2cTI/AAAAAAAAABQ/yRqPI0E77lM/s1600/planting_tree.jpg,What kind of tree are they planting? | Is the soil fertile enough to plant the tree? | What type of tree have they planted? | How long will it take for this tree to reach adulthood? | What are they planting?,original
e25f3bfb-72c1-4f06-ad4b-9768b6b4ca32,bing,http://images2.fanpop.com/image/photos/13100000/Royal-Pains-2x03-royal-pains-13189833-1280-720.jpg,why does everyone look so intense? | Is this a picture of a part of a movie? | What are they all looking at? | What show is that from? | What movie is that from?,original
a68ef103-7776-4f30-902a-ddad7c7e6992,bing,http://afhimelfarb.files.wordpress.com/2010/09/mouse_trap.jpg,How effective is this mouse trap? | Has this mouse trap been successful in trapping a mouse? | Does this trap work well? | What type of cheese is on the trap? | Did you catch the mouse?,original
30de0bf0-074f-460b-8f02-49257c121295,bing,http://static3.businessinsider.com/image/52f5285d69bedddc1c24c44a-1200-800/fueled%20collective.jpg,Where are all of the paintings from? | Does the person who works drink coffee? | Where is the television? | Whose office is this? | What does the room smell like?,original
0e3a5e16-8861-4a7c-b303-670099e0d614,bing,http://www.jongales.com/photos/media/photologue/photos/cache/PA280429_display.jpg,What country is this beach located at? | Where is this beach? | What beach is this? | Which beach is this? | At what rate dose that shoreline wash away?,original
9c877042-bb79-4ac5-9341-5b0877eff637,bing,https://diybb.files.wordpress.com/2010/09/carport-free-standing.jpg?w=800,What types of trees are on the right of the pavilion? | What will be put under this gazebo? | What is tallest height vehicle this structure will allow? | Is this where you park your car? | How many cars can you fit in this carport?,original
30076560-cd3d-4023-803c-f20530d9d281,bing,http://images.fineartamerica.com/images-medium-large/new-years-day-madison-avenue-robert-ullmann.jpg,Why is he the only one on the street? | What part of Manhattan is this? | What city is this person walking in? | What city is this in? | What city is he in?,original
071f84de-c48c-493d-abbc-999e129aa89d,bing,https://c2.staticflickr.com/4/3420/3699909455_6fdb41115c_z.jpg,Who wins the game? | Was he out or safe? | Is the players safe or out? | Who won the game? | Is that your boy?,original
4184502c-19ff-4f37-9d86-7baf27d934ab,bing,"http://3.bp.blogspot.com/-ODzGZ46vgoE/UPfvCauWCtI/AAAAAAAA6CQ/1W2u0h-2arI/s1600/German+medium+tank+PzKpfw+IV+Ausf.+J+of+the+German+2.Pz.Div.,+destroyed+by+soldiers+of+the+35th+U.S.+Infantry+Division,+August+2,+1944.jpg",When was this picture taken? | What type of tank is that? | What country was the picture taken in? | What war was taking place during this photograph? | Is that tank still functional?,original
acc070e1-425b-46f2-bc9e-fe5d13a6dc4e,bing,http://4.bp.blogspot.com/-9fa2rD9DzAI/UQgDPmiJZdI/AAAAAAAAAJU/vf_wt7j563w/s1600/long+shot.JPG,Have you ever seen this person before? | Is she modeling the coat? | What field is this girl in? | Is that her natural hair color? | How old is the woman?,original
50cc3337-5cf2-45f8-8cc8-2208dc98c9a6,bing,http://4.bp.blogspot.com/-BCZPWQTUmTQ/TiLtMT6cCYI/AAAAAAAABdw/yy7fKWdNTDs/s1600/field.jpeg,Where is this field located? | How high will this grass grow if it's left alone? | In which country is this landscape present? | Where is this field located? | Is that regular grass?,original
15b95dac-7a21-4cc9-b993-49b8bb9d69cf,bing,http://www.carid.com/images/standard/replacement-electrical-parts/as405-2.jpg,Does the tree clip hold the ring in snuggly? | What is this for? | What function does this object serve? | What is that white thing shaped like a Christmas tree? | What sort of tool is this?,original
ec3a99ec-e161-445d-b9ee-e485f499667b,bing,http://media-cache-ak0.pinimg.com/736x/a1/56/a5/a156a514884cf4f2c7d078086c5fb313.jpg,How much weight can this bag carry? | What is that bag used for? | How much does this bag cost? | What would you pay for that handbag? | Is this green bag the only color you use for produce?,original
ee061c4b-5f73-4dd5-941c-f05146c30b26,bing,http://2.bp.blogspot.com/-JjN-icDg5w8/TdqX__hOfgI/AAAAAAAAAC8/izOw9xYoROQ/s1600/Parcel_Bandung_Parcel%2BLebaran_Parcel%2BKue008.JPG,Who sent you this cool gift basket? | Who received this gift? | Where did you get that? | Who is the gift basket for? | Were these snacks in your room?,original
1bfade24-5dc2-4ba4-a3bf-9f144d719b2b,bing,http://4.bp.blogspot.com/-e4aoqUYsnJI/UJ4xp1VlWlI/AAAAAAAAEvc/e831VUP7hAc/s1600/BikeSpecial-aprilia-shiver-750.jpg,What kind of motorcycle is that? | What kind of motorcycle is that? | How much does the motorcycle cost? | What cc is that bike? | Is that your motorcycle?,original
8a6c3781-3f93-4ec5-8641-84abc4df7196,bing,http://static5.depositphotos.com/1028880/392/i/950/depositphotos_3924621-Scraping-ice.jpg,How long did it take to clear the whole window off? | How cold was it? | Don't you just hate scraping ice off the windshield? | Does that not scratch the glass? | What do you improvise with when you don't have an ice scraper?,original
40165f21-d044-45f6-a2d1-38c0ad0bcb89,bing,http://www.opticality.com/blog/wp-content/uploads/2008/07/primping.jpg,Who was the bride? | Why are they lifting her dress? | How early in the day was this photo taken? | Was the bride ticklish when they put the garter on?,original
25af973e-821b-4fc4-aaff-37a7ff140e04,bing,http://www.hellopro.fr/images/produit-2/7/9/2/raccords-ventilation-271297.jpg,What type of equipment do these attachments belong to? | What is the blue part called? | What are these accessories used for? | What are those parts to? | Do all of these parts come from the same machine?,original
b92e7640-05a4-4188-8690-c578eb9385d8,bing,http://images5.fanpop.com/image/photos/29600000/Shake-it-up-ep-Kick-it-up-shake-it-up-29695550-1023-732.jpg,What move did the boy do? | What show was this from? | What Disney show is this scene from? | What manuever did the boy use to knock the other karate student down? | Is this just a practice session?,original
ec213c0a-53e4-4a45-810f-bf48da0bec1d,bing,http://cdn2.hubspot.net/hub/178782/file-619234920-jpg/Cold_weather_sailing.jpg?t=1395933955000,How tall is the iceburg? | Where is this boat located? | Have you ever seen anything as spectacular as this? | What glacier is that? | How tall is the mast of the boat?,original
24a2c077-386d-4376-aaf6-c1293ade3ef4,bing,http://4.bp.blogspot.com/-zL4uwiVLImg/TxSLcQHk6hI/AAAAAAAAAG0/Qwnz-oB-bSA/s1600/156.jpg,How can I help you get out of this depression? | Will he need stitches? | Did the person get stitches? | Did you get stitches? | What happened to cause the wound?,original
3913cf14-d5c9-45cd-acbf-871f5456c336,bing,http://fc02.deviantart.net/fs71/f/2011/056/d/0/squatting_man_5916988_by_stockproject1-d3aeguo.jpg,What brand of jeans is this man wearing? | What does his pose suggest to you? | Who is he? | Why is he not wearing shoes? | Is he a model?,original
0fb030d1-144d-41e6-993f-faec721f33a0,bing,http://2.bp.blogspot.com/-RMBAeRr855M/Tq5-Sj6GWiI/AAAAAAAABvQ/Tw-DFHiGY2E/s1600/prayer_hands.jpg,Is this person praying? | Are those wax hands or real? | Why is she praying? | Who is holding their hands together? | What is this person praying for?,original
b076409d-7768-4de0-81cd-626767f72930,bing,http://images6.fanpop.com/image/photos/35100000/Couples-hugging-love-35160069-1800-1200.jpg,Did this couple just get engaged? | Was this an engagement announcement? | Did this couple just get married? | How many karats is the ring? | Is this couple married?,original
5d9819b9-8641-47ea-9d06-ae3242f70d92,bing,http://i.huffpost.com/gen/569244/TITANIC-HUMAN-REMAINS.jpg,What is buried in the ground? | Why was someone buried here? | Is that a body in the muck? | Is that underwater? | Where was this photo taken?,original
681e5f46-45ac-46a9-81e0-ac3f356b8663,bing,http://strangesounds.org/wp-content/uploads/2013/08/Image65.jpg,Did a landslide occur here? | Where is this mudslide? | What town is this? | Did any people die in the mudslide? | Was this caused by a mudslide?,original
788ebf0d-c9e6-4ae2-a7a0-df7dcb1e7688,bing,http://4.bp.blogspot.com/-x8QmJQWihDg/UOdOta7283I/AAAAAAAAGE8/5zoblZCtUrU/s1600/DSCN6810.JPG,What were those eggs used for? | Are these duck eggs? | What types of eggs are these? | Are those eggs boiled? | Are these fresh eggs?,original
06629016-4430-482c-8ba1-8b5c78838810,bing,http://2.bp.blogspot.com/-pgo-erB8Mtk/T6quIgr6H5I/AAAAAAAAAIA/MWYdY8Oh_-A/s1600/hummingbird.jpg,Did this hummingbird feed on those flowers? | What kind of hummingbird is that? | Are hummingbirds this multi-colored in real life? | What kind of hummingbird is this?,original
bbc19b9e-89c5-4cff-b222-4350a384582d,bing,http://tudorfarmhouse.files.wordpress.com/2014/02/tudor0513-24.jpg,Who put together this plate? | What type of cheese is this? | What type of food is this? | No crackers? | What kind of food is that?,original
3784ff30-19b3-4312-8c63-3d2b14bd47f4,bing,http://undergroundnewyork.files.wordpress.com/2012/11/fend-newzealand-algea-harvesting.jpg,What type of climate is this man in? | What is the man holding? | What is he holding? | What is he holding up? | What can he tell from the dead lilypad?,original
f3b30669-df4e-4983-a848-45a3dfadbff5,bing,http://www.designboom.com/weblog/images/images_2/jayme/racestreet/race01.jpg,Is that a public park? | Where is this city? | What's the name of this park? | What pier is that? | What port is this?,original
1fbb2c32-04c2-4780-8c28-a1856727ac65,bing,http://speakinglens.files.wordpress.com/2011/05/thornybranch.jpg,Is this a real life plant or metal? | How sharp are the thorns? | What sort of plant was this? | How sharp are the barbs on this branch? | How sharp are the thorns?,original
7b440816-945a-4547-befc-b203a4a716a3,bing,http://www.airlinereporter.com/wp-content/uploads/2011/03/TAP.jpg,How many people can this plane carry? | Which routes are available for this airline? | Is that the plane your friends were on? | Where was the plane going? | Where was the plane landing at>?,original
749e05f2-7201-4afd-ab77-d92487d2814a,bing,http://4.bp.blogspot.com/-_GaQMa8P9yY/T49qJKRHTXI/AAAAAAAAItQ/TQFu8zD-25A/s1600/DSCN0586.JPG,"What type of building does the door lead into? | Is this a house? | I have never wanted a red door like that, have you? | What city is the house located in? | Is this the house you are thinking of buying?",original
8975a515-e18f-4b77-a623-73d7eea57a15,bing,"http://4.bp.blogspot.com/-wH-4h7-oESc/T0z3lUXsPqI/AAAAAAAA3gY/wg3ImcQXc9s/s1600/Pushing+a+car,+1939.jpg",What type of car is this? | How did their car break? | Is that an early ford model? | Have you ever had to push a vehicle to get started? | What happened to the front tire?,original
ed6dcf67-5ee5-437c-921f-210197452690,bing,http://www.carid.com/images/monroe/suspension-systems/71781.jpg,What is the purpose of this tool? | What does this thing do? | What is that for? | What does this metal object go to? | Is that a car part?,original
326fd4cb-2a2f-4505-86b9-d48c3380e9e6,bing,http://foxsden.files.wordpress.com/2008/09/14092008247.jpg,What kind of tea is in this cup? | Is the tea still warm? | How did it taste? | What type of china is that? | Who makes that tea cup and saucer?,original
e8718bc4-459c-4633-a252-ec381e223db0,bing,http://www.frequentbusinesstraveler.com/wp-content/uploads/2012/03/800x600_1116908536_A340_600_SOUTH_AFRICAN_AIRWAYS.jpg,What destinations does South African Airlines go to? | How many miles can the plane fly before stopping? | Where is that plane going? | Where is the plane flying to? | How far can that Jet fly on a single fueling?,original
9e75815e-076b-40c9-bc05-1e6827ab2f32,bing,http://images6.fanpop.com/image/photos/35200000/Damages-glenn-close-35231607-2700-1800.jpg,What kind of wood is the desk made of? | Dose she like younger men? | What movie is she playing in? | Is this Glen Close? | What does this woman do?,original
6e907c34-a326-43f4-9440-2fa9a9e8d9d1,bing,http://2.bp.blogspot.com/-lcQ6K2WNWNs/URkPd4PNnnI/AAAAAAAACok/niNSB88S9-Q/s1600/RaisedBeds.jpg,What crops will be planted? | What are they going to grow in this garden? | What is the soil being used for? | Is this your garden? | What is going to be planted inside of these boxes?,original
15d85188-d1f9-4f7d-ae7a-2721f1872b7a,bing,http://a.abcnews.com/images/Politics/163370692_1_16x9_992.jpg,What was he talking about? | Who is the speaker? | What is he making a speech about? | What was he talking about? | Why did he pick a purple tie?,original
40f2cee7-10d3-4012-83a5-c2af75f481ac,bing,http://bulk-share.slickpic.com/album/share/1MkMj1T44M1MDT/10197838.0/1200/p/Long_Haul_soldiers.jpg,Can you imagine trying to drive that truck and trailer? | no image | Where is the truck headed? | What's the horse power rating on that truck? | What is he hauling?,original
659ab3d4-b275-426f-be68-698aa1901489,bing,http://image.made-in-china.com/2f0j00FvUEQNJcCMrG/Medical-Treatment.jpg,Did she turn out to be in bad medical shape? | Is she having her pulse taken? | What is this persons pulse rate? | What is the doctor checking for? | Is she having her pulse checked?,original
04df851d-8d9e-4708-a00b-f3ed4eece21a,bing,http://images.fineartamerica.com/images-medium-large-5/tending-her-sheep-patricia-bolgosano.jpg,What kind of animals are they herding? | Is he a good sheep herder? | Are those sheep? | Do you imagine this picture was taken in Peru?,original
f22b485e-69f8-494d-8062-f803059ef1ed,bing,http://media-cache-ak0.pinimg.com/736x/83/ca/f9/83caf98c3ebf6e133ed3bdcccd118574.jpg,How old is the kid? | How long has he been walking? | Can he walk on his own? | At what age do most kids start walking? | How old is this child?,original
51ad75bc-f53c-4310-8a79-a79a9a1e9131,bing,http://peripateticbone.files.wordpress.com/2013/03/el-popo-2.jpg,What are these people celebrating? | Who made this float? | What is this structure built for? | Do you have any idea what that contraption is supposed to be? | Was this at buring man?,original
38335ce8-6c27-4702-8770-72e4fe95102d,bing,http://2.bp.blogspot.com/-9pCQ9LgERIg/T9MgpD4FfuI/AAAAAAAAKKY/ysxDYH2SW58/s1600/0420-0907-0614-4442_munitions_explosion_o.jpg,"What type of bomb went off? | What caused the explosion? | What kind of bomb causes that? | That had to have been quite an explosion, hadn't it? | What caused this explosion?",original
ba1a8f94-e00b-424f-a92c-9c28c9ac1dcf,bing,http://4.bp.blogspot.com/-ESCkcEZ-Boc/UYukk_NximI/AAAAAAAABIw/do4o4fN59AE/s1600/on-the-road.jpg,Where is that guy headed? | Does the truck pick up the hitch hiker? | Where is he trying to go? | Doesn't he know that hitchhiking isn't safe? | Where is that guy trying to hitchhike to?,original
cf69b59f-fae7-45a2-8587-ba3cc161505f,bing,http://i.huffpost.com/gen/1214885/thumbs/o-TONY-PARKER-ENGAGED-facebook.jpg,Do you know who these people are? | How long have they been dating? | How tall is she? | Are they famous people? | How long have these two people been together?,original
98312324-f0e4-4790-98ef-3edf5a1abe87,bing,http://i.huffpost.com/gen/1798075/images/o-NET-NEUTRALITY-ADVOCATES-facebook.jpg,Is it even possible to break the internet? | Where did that saying originate? | Do people actually break the internet? | What is the purpose of that sign? | How would someone break the internet?,original
e95cc0bb-96fb-454d-8f98-765440f03434,bing,http://www.gmmorando.it/ENG/v3_LightBox/data/images/Closing%20off%20pergola.jpg,What sort of building is this? | How much does it cost to have a house renovated like this? | Or those windows or mirrors? | What kind of glass or mirror is that?,original
38c61bcc-1709-41e9-aecb-be070c5596bc,bing,http://fashionlist.files.wordpress.com/2014/02/kick-your-heels-up-1.jpg,What is her name? | Is she going out somewhere? | Is this woman getting ready to go somewhere? | Is that a real leather jacket? | Is she getting ready to go out?,original
c9d3a27c-475e-45a3-af4e-78d8cc45a3a6,bing,http://image.made-in-china.com/2f0j00GvzTENegCAoS/End-Suction-Pump-Horizontal-Centrifugal-Pump-Single-Stage-End-Suction-Pump-Direct-Coupling-Pump.jpg,What was this motor used for? | What is this device used for? | What is this machinery used for? | Was this some kind of sewing machine? | What does this machine do?,original
0a3d2492-e278-4af8-869e-996704be77c1,bing,http://static1.businessinsider.com/image/55a01a89eab8eac145f7425b/two-men-climbed-up-a-3000-foot-rock-wall-in-yosemite-and-took-these-incredible-photos.jpg,"How long have they been climbing? | How tall is this mountain, from the base to the very top where they are climbing? | How long did it take them to get to the top? | How high is this mountain? | How long have you been climbing?",original
45c58086-af50-484c-99de-bd8f84ad2f36,bing,http://soloville.com/wp-content/uploads/2012/06/working-alone.jpg,Is she waiting for somebody? | Is there a meeting happening in here? | What kind of laptop is she using? | What is the girl thinking about? | What is her name?,original
c6dd5ffc-4d49-4743-843a-0356f0e6143e,bing,http://www.rocketsports-ent.com/wp-content/uploads/2015/08/8-7-15-Doug-Melvin-jays2168.jpg,What are they waiting for? | What are they watching? | What are the gentleman watching? | What game are these guys watching? | What are the men watching?,original
fa2819db-2b6e-4657-9b1a-f803013110ed,bing,http://3.bp.blogspot.com/-mGgeEAW6kig/UJ0T-kHcaCI/AAAAAAAAGOM/Ti2M3b9iVqU/s1600/04.EverybodyTalks.jpg,Are they good at dancing? | Are they cheerleaders? | Do you know either of the performers? | Is this a scene from the show Glee? | Is this dance scene from a movie?,original
096d1cb1-7d0a-4bab-8c73-220fe4ee5585,bing,http://pastorchrisowens.files.wordpress.com/2014/05/lords-supper-church-stock-photos.jpg,Is this a eucharist? | Does this have religious significance? | Is the cup real silver? | How old is that chalice? | Is there wine in this goblet?,original
3dac1130-bb80-49b3-aeb6-27aa6602bf06,bing,http://4.bp.blogspot.com/-9U-RDUHquSo/T9S1l1Lq59I/AAAAAAAAAoo/RQUbQZou7NY/s1600/cutting+fries.jpg,What kind of rocks are those? | Are those chicken gizzards? | Did this actually taste good when you cooked it? | Why is there meat on the floor? | What type of food is this?,original
be633503-b488-44e2-9bdb-a174ac916231,bing,http://mabrycampbell.files.wordpress.com/2012/10/rushing-water.jpg,"Is there a storm brewing? | What do you call those whipped cream clouds? | How rough is the chop? | Did that turn out to be a rain cloud? | Is that a spectacular picture of the clouds, or what?",original
8d400048-c5d9-49d0-a7b3-22fb6ef2d249,bing,http://ichef.bbci.co.uk/news/1024/media/images/80093000/jpg/_80093683_80093682.jpg,Is this a pro German Anti Immigration rally? | Is there a riot going on in Germany? | Were they protesting something? | What are they protesting? | Are they protesting or celebrating?,original
8dbfb3f9-9348-4d1a-8896-5292ebb0758c,bing,http://www.ackroydengineering.com/images/epping-shirkingroadcelltower0334.jpg,What state is the tower located in? | Where was this taken? | Does the tower make buzzing noises? | What type of tower is this? | Is it safe to climb one of these?,original
487f3c30-0cf5-4ee6-83ae-069544d79bf6,bing,https://trashfreeyear.files.wordpress.com/2012/02/planting-seedlings-from-egg-carton-cu.jpg,What are the white spots in the dirt? | What are the white things in the dirt? | What medium did you use to sprout the seeds? | Was that pulled from the bag? | What is being planted here?,original
9c9f7ef3-4b5d-4c48-bffc-f00e46c9fc7e,bing,http://www.digsdigs.com/photos/fabulous-modern-flat-interior-design-1.jpg,Do the rest of the rooms have a white theme too? | What interior designer designed this room? | Whose home is that? | What designed the living room? | Do you worry about keeping the white furniture clean?,original
ff597c4b-0bbb-4604-9380-9f6a307fd1f8,bing,http://www.gannett-cdn.com/-mm-/247d08531b9e17fb3896fdf2dd38e4bc6890d427/c=0-0-2397-1354&r=x1803&c=3200x1800/local/-/media/DetroitFreePress/2014/11/09/dfpcementshortage3.jpg,What is he building? | What was he building? | Is he working on a railroad track? | What is the construction worker building? | What are they doing?,original
4d23d870-58f3-416d-bb7e-1cd96ec128cd,bing,http://gbcdecatur.org/files/ReachingFullPotential.jpg,Is he trying to catch something? | Is this person in crisis? | What would you caption this shot of a hand reaching skyward? | Do you love fluffy clouds? | What is he reaching for?,original
80ccad7a-2fb2-4b6a-9e3e-82acfd0fd1a9,bing,http://imagine.gsfc.nasa.gov/Images/news/swift_launch_big.jpg,Where was that rocket going? | Who is launching this rocket? | How long was the rocket visible in the air? | What's the name of that rocket? | What is the mission of this rocket?,original
0247b57e-31fa-4783-bc88-136ff2e0471d,bing,http://all-that-is-interesting.com/wordpress/wp-content/uploads/2012/07/canoeing-honduras.jpg,What body of water is that? | How old is that kid? | How far did the boy row the canoe? | isn't he too young to be rowing this boat? | Where is the boy going?,original
053f2300-c01e-4292-a6e0-58ef4d04cf31,bing,http://www.knoxvilledailysun.com/images/imageofday/2011/june/trier-marketplace.jpg,What's the name of this city? | Is this a city in Europe? | Where is this town? | How old is the building in the background? | Where is this attraction located?,original
ce80129e-3646-4500-9877-43957f72d679,bing,http://images.fanpop.com/images/image_uploads/Bring-it-on-bring-it-on-127604_663_1000.jpg,"Is she a good cheerleader? | Whst does the ""rch"" stand for? | What do you think about the stereotypes people have about cheerleaders? | What does RCH stand for? | How old is she in this picture?",original
45aa0e09-ca31-45c8-9fd9-11db994bc0a3,bing,http://michaelhyatt.com/wp-content/uploads/2013/07/iStock_000004501953Medium-760x506.jpg,Did the actors get paid for this picture? | What is his name? | Why is the man covering his ears? | Why is someone doing that to him? | Is the bullhorn on full volume?,original
2b815c67-eb28-4f77-9548-68408615afb7,bing,http://bayintegratedmarketing.files.wordpress.com/2011/05/customer_service.jpg,Does she like her new job on the phones? | Why is that person working but smiling so much? | Is she a telemarketer? | How many calls are answered per day? | Do you think the company's tech support workers are actually in India?,original
49752bba-fd2e-4dd4-a2a0-4457b1840340,bing,http://www.airfields-freeman.com/TX/GreaterSW_TX_field_02.jpg,What location is this field in? | What town is this are located at? | Would you call this a pasture or a field? | Was this picture taken in Kentucky? | Where is this field located?,original
620daa35-5c6b-4640-b1a0-e68c9de2440d,bing,http://3.bp.blogspot.com/-I2IUICBheko/Txf90wWRfcI/AAAAAAAAiPQ/iRz808KHxok/s1600/times-square.jpg,What is the building on the right with the Virgin logo? | What city do you think this is located in? | Is this Time Square in Manhattan? | What city is this? | Is this in New York?,original
9c2ccd01-2d85-47bf-bbfc-b3cdc3072932,bing,http://personalgardencoach.files.wordpress.com/2010/03/march-2010-sfgs-138.jpg,How long does it take to grow these plants? | Is that a community garden? | What kind of things are you growing in the garden? | What kind of vegetables are growing in this garden? | What is being grown in this box?,original
76ec42e7-3ae6-4a5b-9d8a-3851e2734636,bing,http://img.bleacherreport.net/img/images/photos/002/968/904/a862e7520fd9f2b797e8593f96bb9763_crop_north.jpg?w=759&h=506&q=75,Which player is winning? | Was the runner safe? | Is the runner on the home team or visiting team? | Did he end up safe? | Who wins the game?,original
90480233-811a-41e4-b484-7ed106089705,bing,http://2.bp.blogspot.com/-TMQ4R1AxPHo/ToSGjvti89I/AAAAAAAAGX0/7dSWMu9DMuI/s1600/a330_mrtt_air_refueling.jpg,How long did it take to refuel the plane? | What is connecting the two aircrafts? | How long does it take to fuel this plane? | Have these jets ever ran out of fuel midair? | Are these military planes?,original
a275c875-0937-4218-a7d9-611f3b0b856e,bing,http://www.dailyhaha.com/_pics/picked_up_rent.jpg,Is this supposed to be funny? | Are those really all single dollar bills? | What stereotype is this meme poking fun at? | Where did you find this funny picture?,original
446b27cc-de82-4248-8803-23028b024c09,bing,http://media.npr.org/assets/img/2013/02/15/nuclear_57-046-60f5b6f991b3e30513cdf4c575e64312fa852445-s6-c30.jpg,What state is that in? | Is that the atomic bomb? | What kind of explosion is that? | What kind of bomb causes that explosion? | Why did this explode?,original
8008dc68-a487-4419-a798-03e13ad01edd,bing,http://glitternglued.files.wordpress.com/2011/03/gucci.png,Whose show is this? | How much do each of those outfits cost? | What designer's clothes are they modeling? | Is this part of a fashion show? | What designer made these clothes?,original
a8bd9a5e-130e-410a-835a-d1a024fc1221,bing,http://sguisard.astrosurf.com/Anim-astro/Paranal-ZL-MW/SGU-Paranal-Zodiacal_Light-MW-Horizon-M-cp10.jpg,Where was this taken? | Was any of this photoshopped? | Does the sky look like this every night? | What kind of event is happening here?,original
f6c548d5-0251-4166-974b-b5707dcd939e,bing,http://large.orkneycommunities.co.uk.s3.amazonaws.com/4486.jpg,Is it legal to ride in the back of a truck there? | Where was this taken? | Are they coming to the concert or going home from it? | Where is this truck headed? | What year was this photo taken?,original
fbf21fdb-c5c9-49c2-b189-7904646cfa7e,bing,http://i.huffpost.com/gen/1809459/thumbs/o-POLITICAL-CAMPAIGN-facebook.jpg,Are they republicans? | Who are those people? | Which political party do these people belong to? | Who are these people? | What campaign is the ad for?,original
e9cf03e3-62d4-4c5d-a9e1-888f3313f03b,bing,http://quintessentialruminations.files.wordpress.com/2011/04/civil-war31.jpg,Are you related to any of these people? | What war are the soldiers in? | What war was this picture from? | Where was this taken? | What war is this from?,original
e971dffc-f271-4fde-8f4a-627a6191cd1f,bing,http://vibrantweddings.files.wordpress.com/2010/09/program-blkredinside-blog.jpg,What did you think about this presentation? | How long will the wedding last? | When is the wedding? | Is this a wedding invitation? | How much did the programs cost?,original
94f5aee2-743d-4d9d-8945-e0b5ed540881,bing,http://cdn.patch.com/users/37540/2014/10/54418980e0fde.jpg,What caused the man to get hurt? | Why are some of the men clapping in this situation? | Why is the cop on the stretcher? | What happened to the injured man? | What happened to that person?,original
a4cdb4c8-be83-48f9-b8b2-4668bfbe7a2b,bing,http://guardianlv.com/wp-content/uploads/2014/02/Giant-Human-Skeletons-Discovered-in-Wisconsin.jpg,Is that the fossil of a giant human? | How tall would that person have been? | Is the skeleton discovered real? | How did that person die? | How old is this skeleton?,original
84aee01d-d4ba-42e6-b092-4d8932049382,bing,https://docellensjourney.files.wordpress.com/2015/01/walk7637-gleaming-gbh-eye-small-2015.jpg,What temperature can this bird survive in? | What type of bird is that? | What kind of bird is this? | What type of bird is this? | Have you ever spent time bird watching?,original
ab9184e1-18aa-4558-88df-a9847c0e52b0,bing,http://www.eng.uci.edu/files/images/gallery/HSSOE_Yearbook_5.jpg,In what city is this school located? | What university or college does school belong to? | How did he get the school named after him? | Who was Henry Samueli?,original
a6236a05-0d0a-4b92-abf3-57980e8aca9a,bing,http://finelychoppedk.files.wordpress.com/2011/01/dsc041362.jpg,Is this an organic eggplant? | How are they planning to cook this eggplant? | Is the eggplant ripe? | Did you grow that yourself? | What dish will be cooked with this eggplant?,original
a775bf5c-2227-4502-a630-f81860355b1c,bing,http://2.bp.blogspot.com/_3y7EQ0GDgSo/TKivxyN0YsI/AAAAAAAAAec/Mo5Qw3nudzA/s1600/DSC01990.JPG,What was being grown? | Is this a community garden? | What are they growing? | What kind of plants are they farming? | What are you planting?,original
ade7b251-411b-47a4-8963-9d5490c2a75c,bing,http://unsubject.files.wordpress.com/2012/01/delivery_quest_box.jpg,What is in that package? | What is in the box? | What is inside the box? | What was inside the package? | What's in the package?,original
b9ab5800-523b-483f-be04-d9c7648e625f,bing,http://watvhistory.com/wp/wp-content/uploads/2013/05/23-US-President-Calvin-Coolidge-looks-on-as-Thomas-Edison-operates-his-first-generation-movie-camera.jpg,When was this picture taken? | Where they both professional photographers? | What are they taking a picture of? | What model is the camera the man is using? | What are they taking a picture of?,original
6bbd3eae-e80d-407a-9cd7-714820be18b8,bing,http://media-cache-ak0.pinimg.com/originals/18/98/2d/18982d8e28a2ea5785f32b50311b4146.jpg,How long are they going to be camping? | Was this tent comfortable enough for 4 people? | What campground is this tent set up at? | Did you pitch this tent by yourself? | What is the broad location of this camp site?,original
800151cf-2c3f-498b-963c-eeb45e32a64e,bing,http://3.bp.blogspot.com/-2ihy9zAaHcI/URRPrGgiUII/AAAAAAAACBQ/7p1akQHJNfs/s1600/2+1772-75+King+George+III+Half+Penny+rvs+just+dug.jpg,What kind of rocks are those? | What kind of coin is this underneath the encrustations? | How old is the artifact? | What type of material is this item? | What kind of artifact is that?,original
be7abb88-41b1-4c5f-8b1e-0e56e7156300,bing,http://media-cache-ak0.pinimg.com/736x/c5/30/c1/c530c1f13ed9379b725a438e7dcaad82.jpg,How many pages total are in all of these books? | How much did all those books cost? | Whose books are those? | Do you know if you have read any of these books? | Would you recommend any of those books?,original
28fcce7b-1372-449f-9baa-89c8dfd9949d,bing,http://hiphotos.baidu.com/%CA%A8%D7%D3%B0%C9%D0%C2%CE%C5%B2%BF/pic/item/06679a9ad752d43a6e068ca9.jpg,Why is there a rope on the animal? | Why is the tiger being fed? | Did the tiger kill the ox? | Why is someone lassoing that animal the tiger is trying to eat? | Why are they feeding a live animal to the tiger?,original
0801763e-7b32-4f1b-a243-cfc58ade1feb,bing,http://famouswonders.com/wp-content/uploads/2009/04/aerial-view-of-everest-picture-taken-by-the-author-during-buddha-airs-everest-tour.jpg,Which mountain range is this? | How tall is this mountain? | What mountain is that? | What mountain range is that? | How tall is the highest peak?,original
37d07974-331b-4c3c-984d-1bdf742a1b21,bing,http://2.bp.blogspot.com/-gRPYRP-kdUU/Tq2azQRIaPI/AAAAAAAAGR8/IjIzeFSIHtc/s1600/biscoff+spread.JPG,What is Biscoff spread? | Is this peanut butter? | What is biscoff made of? | Is that peanut butter? | Is this stuff similar to peanut butter?,original
e1b7d720-966e-4bca-8bf7-01dbcf4ae327,bing,http://emailupdates.history.com/Lifetime/life-movies/KW-0227.jpg,What movie or TV show is this scene from? | Is this a television show? | Are the brother and sister? | Is this a scene from a movie? | What is the name of this movie?,original
a2959e29-4e3f-4129-b64e-98b97ce8d2db,bing,http://static.guim.co.uk/sys-images/Observer/Columnist/Columnists/2014/11/7/1415385432080/transmitting-andy-warhol--014.jpg,Why is this product being exhibited in an art gallery? | Does Brillo still exist? | Are those Brillo pads in a museum of some kind? | How much does it cost to go to this event? | Have you ever used Brillo pads?,original
9240804b-c725-4fbe-b33c-ca661d609325,bing,http://rosslyneaglewatch.files.wordpress.com/2013/05/adoption.jpg,"Is the boy the adopted child? | Is that child actually adopted? | Who did her tattoo? | Did she design her ""Adopted"" tattoo herself? | Was that black child adopted too?",original
5a92fca5-6f18-4d2c-b5d3-60f4c353674a,bing,http://thetimothycareyexperience.files.wordpress.com/2013/04/gunsmoke_gentleman39.jpg,Are they going to have a shoot out? | Can you name this Western? | Was this from a movie? | What movie is this from? | Are they about to get in a fight?,original
8e60bc0a-e492-4de4-abf9-29456dad97e9,bing,http://static.rogerebert.com/uploads/review/primary_image/reviews/breaking-away-1979/hero_EB19790101REVIEWS901010308AR.jpg,Is this a picture from a movie scene? | How long ago was this photograph taken? | Is this a scene from a movie? | Was this photo taken in the 70s? | How old is this picture?,original
4b5ff27b-47a2-4c31-be6d-3177cca670c9,bing,http://www.archives.gov/research/military/civil-war/photos/images/civil-war-069.jpg,When was this photo taken? | What war did this photo take place during? | Are those people being held prisoner? | What event was depicted in this picture?,original
fda53569-219f-4c81-9388-742563db00af,bing,http://www.picturejockey.com/pblog/2013/8/images/leaf-water-big.jpg,Did you use a zoom lense to get this close to the drops? | Was it raining? | Is that dew on the leaf? | What kind of plant is that? | What kind of plant is that?,original
dce0aadd-c693-44e7-b073-085a0c8e8f05,bing,http://images1.fanpop.com/images/photos/1700000/Becoming-Jane-becoming-jane-1798743-1024-576.jpg,What sport are they playing? | Is she good at this sport? | What time period is this from? | Is she good at cricket? | Were they learning to play cricket?,original
0440c15f-7b26-4bae-87c3-5aae38676ff6,bing,http://images1.fanpop.com/images/photos/1800000/Becoming-Jane-becoming-jane-1803146-1024-576.jpg,Was this for a play or a movie? | Who are these characters? | Is this a reinactment? | Is this from a movie? | Who did the actresses hair?,original
bcda7dee-e0c2-43f6-bf98-2bba4ed1e2cb,bing,http://beyondcanvey.files.wordpress.com/2011/10/metal-detecting.jpg,Did he find money on the beach? | Did the man find any buried treasures on the beach? | Did he find anything in the sand? | Did he find anything with the metal detector? | How succesful is treasure hunting?,original
3cf0d893-3b63-4f6f-a42b-b2d95b51ce67,bing,http://www.bosscases.co.uk/images/7/13632533451.jpg,Is this phone waterproof? | How much do these covers cost? | What is that phone case made of? | How much does a phone cost? | Is the case good at protecting phones?,original
d033c5bf-aaaf-4986-b343-2dc2c9014d63,bing,http://image.made-in-china.com/2f0j00LvoEDmkULAcj/Woven-Label.jpg,What is the significance of this patch? | What does this company make? | What label is this from? | Why would someone sew a label on their clothes? | Is this a bracelet?,original
63567835-a86e-409f-9cdc-d52212587c02,bing,http://kylecrothers.com/images/articles/IMG_8591.zm.JPG,Are those climbing grips? | Is that a dog toy? | Are these for rock climbing walls? | Why are there holes in whatever those are? | Are these actual bones from a dead cow?,original
95dc89ff-249b-4bb6-8b19-0f64f841d773,bing,http://4.bp.blogspot.com/-PcGTMSTcScw/TWRKBZTk_AI/AAAAAAAAACM/TIqLrRnengI/s1600/my%2Bfirst%2Bwritten%2Bstory%2Bon%2Bmy%2Bjornal.jpg,Whose diary is this? | Are you writing a story? | Has this story been published? | Is there a way to increase the size of the writing? | How old was the author of this?,original
a99656dd-afce-4190-8803-cfabcf5234fd,bing,http://cdn03.cdn.justjared.com/wp-content/uploads/headlines/2015/06/amal-clooney-represents-chagos-islanders-in-supreme-court-case-social.jpg,What kind of car is she driving? | Who is this person? | Is that her mom in the car? | What designer made this woman's black and white sleeveless coat? | Where is she headed?,original
89ad619b-df3b-4c5a-aace-42d1bae736ed,bing,http://thoughtsandfoundation.files.wordpress.com/2012/11/img_4959.jpg,How did the cut happen? | What happened to that arm? | Why is this person cut? | What caused that gash? | How many stitches did that cut need?,original
30e553f2-ec19-4e6a-aa59-b2eadf24cfb7,bing,http://images4.fanpop.com/image/photos/22200000/Spike-Season-4-Promos-spike-22266543-1364-2000.jpg,What is this man looking at? | How much did this actor get paid for this role? | Is he hiding from someone? | Is that Spike from Buffy? | Is his hair dyed?,original
66eea559-d83c-4229-bc99-298821e911a2,bing,http://4.bp.blogspot.com/-yAdkexpnKOU/UGCEZ-UFYWI/AAAAAAAAANM/7Y5EgbUWSU0/s1600/Hand+reaching+out.jpg,What does this grasping image symbolize? | Whose hand is that? | Why is the person reaching? | Is he reaching for the sun? | What is he reaching for?,original
c0704dc7-ec41-4aef-b050-ea00b5edcaf5,bing,http://en.academic.ru/pictures/enwiki/67/Colonne_distillazione.jpg,What do the large silver towers function as? | Do you have any idea what these structures are used for? | What are the pipes for? | What kind of building is this? | What are these structures used for?,original
acbbfab9-74f0-4739-8331-d1bf1bfe23c0,bing,http://reinventingrelationship.files.wordpress.com/2013/01/getting-married-2.jpg,Who got married? | How long have they been dating? | Where did you get the templates for those cute signs? | Who is the couple that got married? | Who is the couple?,original
a29c4f0a-9992-4b6e-92e0-aaf92c438eec,bing,http://naperdesign.com/wp-content/uploads/2010/03/lightning1.jpg,"How much lightning did this storm produce? | How did you get that shot? | Will lightning strike again? | That lightning is gorgeous, don't you think? | How long has this storm been going on for?",original
717f6725-f313-4af3-9c1e-a2c37753a115,bing,http://4.bp.blogspot.com/-vLDQI02sdo4/UHQcxxCE5zI/AAAAAAAACvw/b5LZGuQhbvw/s1600/DSCF2873.JPG,How expensive is that brush? | Is that a makeup brush? | Is this a well made brush? | What kind of makeup brush is that? | How much was that makeup brush?,original
52362aa4-2d6f-40e5-bbf5-fe052c0b6c8a,bing,http://farm4.staticflickr.com/3555/3456493045_1b8fe0b15b_z.jpg,What is this guy drinking? | What is his name? | What is he drinking? | What is that guy drinking? | What event is the man partaking in?,original
8589cc46-3ab5-496f-bf92-4001d35d4ba7,bing,http://images.fanpop.com/images/image_uploads/Elle-getting-shot-heroes-526123_667_1000.jpg,Was she shot or stabbed? | What is happening to the actress in this role? | What happened to her arm? | Is this from a movie or a show? | Do you think that blood is fake?,original
060a666c-43be-4d1a-b4a8-823faf43a18e,bing,http://3.bp.blogspot.com/-Xl-VTtJ3vC0/VUrl50x3S2I/AAAAAAAAABI/YqcWd15JslA/s1600/SF%2Bredevelopment.jpg,What year was this picture taken in? | What are the people in the group doing? | Are they going to build something in that empty lot? | What did they end up building on that site? | What was built there?,original
2dc3612c-8026-4ee5-823f-bf6f1500fffd,bing,http://2.bp.blogspot.com/-kmkD6slaGIs/TqG4IuguXGI/AAAAAAAAALA/396_MEFm2eg/s1600/Buick+Rendezvous+2003+01.jpg,Is the car good for off roading? | What is the make of the car? | Where is the car parked? | Is that your SUV? | How much does that SUV cost?,original
8ad35111-b862-4731-b07f-647b57fa5f28,bing,http://3.bp.blogspot.com/_YaxXnpCqfAI/S9uzD5WuHeI/AAAAAAAACDs/ppXPRbF1pRM/s1600/Two-Headed-Snake-11.jpg,Did it seem healthy? | How can a snake have two heads? | What type of snake is that? | How old is this two-headed snake? | Does that snake have two heads?,original
b13208a1-25e8-4510-b527-92ad9ffa6431,bing,http://static5.businessinsider.com/image/52a4fa9769bedd1a5f8631a4/denver-broncos-kicker-makes-the-longest-field-goal-in-nfl-history.jpg,Who won the game? | Was the team able to make the field goal? | Did they make the field goal attempt? | Did he make the field goal? | Who ended up winning this football game?,original
62caf69d-8f38-4f0d-b348-c83ab40bf28a,bing,http://www.apherald.com/ImageStore/Images/movies/movies_events/ccl-season-3-curtain-raiser24.jpg,What are the ethnicity of these people? | Are these people all a part of some sort of team? | What is the show called? | How long has that TV show been around? | What is the man saying to the girl in yellow?,original
32f0ae7f-7e93-4af4-b617-d2e30bb4edb4,bing,http://www.canyon-news.com/wp-content/uploads/2015/05/image43.jpg,Have you ever driven on the left side of the road? | Where is this man driving to? | What kind of car is this man driving? | Where is this man headed? | Where were you going?,original
0bbce27e-9a73-4b0e-beca-aebb20781eb1,bing,http://legaleaglesflyordie.com/wp-content/uploads/2012/01/Vietnam-War-Protest.jpg,What war are they protesting? | Where did this protest take place? | What war are they protesting? | Which war are they protesting? | What were they protesting against?,original
bbc98c11-4481-46b0-8076-8c089256b89c,bing,http://abigailpaceyamvcmedia.files.wordpress.com/2012/03/long-shot.jpg,What city is this? | What park is that? | Where is this sidewalk located? | Is this on a college campus? | What is the structure in the distance?,original
1938b13a-d381-4a6c-938e-44ef1dae6ac1,bing,http://img2-2.timeinc.net/people/i/2015/news/150525/bates-1024.jpg,When was the child born? | How much did the baby weigh? | How long did her labor take? | Is that baby a boy or a girl? | Is that a baby boy?,original
317e3224-8e4e-499a-8f76-3881a13d6256,bing,http://danydefisc.files.wordpress.com/2010/05/residence-tourisme.jpg,"That pool makes you want to go swimming, doesn't it? | What hotel is this? | How much does a condo cost here? | Does the pool have a deep end? | Were hotel guests allowed to swim in the water?",original
119ecc7f-e05f-4cb2-a23d-c1d2ef798f6a,bing,http://2.bp.blogspot.com/-MeklOC3tAXc/UsiRX7sL51I/AAAAAAAAC8A/TzNXOh5T4Hg/s1600/Real+Techniques+Powder+Brush+2.jpg,Is this brush effective? | What is that used for? | I love that cheek brush. | Is that the makeup brush you use? | What is the main purpose for using this make up brush?,original
8bd61845-df1e-4134-8bc0-a8f2f659409f,bing,http://www.toledoblade.com/image/2012/01/11/800x_b1_cCM_z/Musical-comedy-of-murders.jpg,What is the title of the play? | Which play is this? | Was the lady killed? | What is the name of this play? | What play are they in?,original
c1548478-61f9-47c2-9009-2c8408ee8f50,bing,http://farm3.static.flickr.com/2441/3577759611_f4bf806e69_o.jpg,What time of day was this photo taken? | What time did the sun rise on the east coast? | Was this photo taken from a plane? | What time was this picture taken? | What time of day was this taken?,original
4fc972c3-8d7a-4935-9420-d83c980795e2,bing,http://www.abbeyarchery.com.au/mm5/graphics/CartelRoundHat1454_large.jpg,Did you enjoy wearing the hat | What is that thing? | How much does that hat cost? | Is that your hat? | What kind of hat is that?,original
07668ec8-dc5b-4102-8fca-2a31e3d7b27c,bing,http://2.bp.blogspot.com/--sZmR4o4t4A/T-eDY74p3fI/AAAAAAAAAfM/3E98_FFTqbg/s1600/begun_bhaja.JPG,What kind of fried food is this? | Is that eggplant? | How many calories does this dish have? | Are those muffins or are those a vegetable? | What type of vegetable is on the plate?,original
832bdd41-f871-4e0d-b7b4-e94ccd42659d,bing,http://images.fineartamerica.com/images-medium-large/green-turtle-laying-eggs-alexis-rosenfeld.jpg,What sort of eggs are those? | How many of these turtle eggs end up surviving? | How many eggs did the turtle lay? | Where were you watching a turtle lay eggs? | How long will it take for these eggs to hatch?,original
07e0dc12-8fb4-45ef-9eb1-4dd30b5b67f9,bing,http://2.bp.blogspot.com/_pDROALbrZOk/TSsxu17YJaI/AAAAAAAAALw/ktX9xBdbg0Y/s1600/eiffel-tower-paris-france.jpg,How many people go to see this site every day? | How tall is the Eiffel Tower? | How tall is the Eifel Tower? | How tall is the tower? | How tall is the Eiffel tower?,original
33e20960-166f-40c5-a60a-cb674e80e4f9,bing,http://low-life.ca/wp-content/uploads/2013/02/290661_511754798855935_752784081_o-1024x1024.jpg,How old is the dj? | What songs do you think she will play? | What type of music is she playing? | Where is she DJing at? | What kind of music do you think she is playing?,original
d4571e04-6142-43e9-8ea8-71a60bb061e9,bing,http://media.moddb.com/images/groups/1/3/2055/Inquisitors.jpg,Are these supposed to be the three musketeers? | Who are these figures supposed to be? | What do the statues represent? | What do these figurines represent? | What brand are the figurines?,original
f2a72ff2-635d-4242-85b7-d30279aba65d,bing,http://novelnovice.files.wordpress.com/2012/10/reached-prizes.jpg,What kind of message is this? | What is the purpose of this flyer? | Where did you get that? | What kind of brochure is this? | What is this company all about?,original
8a63398f-5b14-46ff-a9be-e9292b071fb0,bing,http://4.bp.blogspot.com/_NECdmCzESfY/TUmTDi29fzI/AAAAAAAAAQQ/A4nBT5tpusk/s1600/Two+Headed+Cat.jpg,What are these cats looking at? | What kind of cat is that? | Where does each cat begin? | Does she lay on the other cat often? | Why is the cat sitting on top of the other cat?,original
869c5347-79a2-4bd0-8756-fb43e0d953d9,bing,http://2.bp.blogspot.com/_JCvS2vxMltA/THHoI54__PI/AAAAAAAAAKM/1CPuPWCostQ/s1600/2010-8-13+Chickens+in+chicken+house-1.JPG,What kind of chickens are those? | How many chickens are there? | Why are there so many chickens in one place? | What are these? | What kind of chickens are they?,original
4395f69c-d0ab-496e-b045-a9ff20531975,bing,http://static01.nyt.com/images/2014/11/10/multimedia/obama-net-neutrality/obama-net-neutrality-videoSixteenByNine1050.jpg,Why is the president speaking to the camera? | Is this from a television interview? | How do you think our president has been doing for us? | Is this during a speech? | Why does Obama look so tired?,original
e5cfeb8e-941f-40c2-b77d-0931523b0afd,bing,http://www.ezkem.com/wp-content/uploads/2014/05/A001729.jpg,What is the thing is this picture used for? | What does this tube fit onto? | is that part of a medical device? | What part does that belong to?,original
30bf6f28-15cb-4004-97c6-53c004345cd7,bing,http://2.bp.blogspot.com/_5vmqQqvvTpQ/TOklxt8ixPI/AAAAAAAAABE/U15Qosu-1Wg/s1600/Quit-Smoking-2.jpg,What brand is that cigarette? | How did the skeleton smoke a cigarette? | What brand does he smoke? | Was this photo for an ad campaign? | Where did the skull come from?,original
33366c5b-3838-4ecd-bd3a-ef2f7b278b50,bing,http://www.ksk-academy.org/fotos/2009-02-eggberge/06-sensei-jim-demonstrating-with-jerry.jpg,Is this practice or a match? | Do they fight competitively? | Who is better at karate? | What move is the martial artist on the right performing? | What kind of martial arts are they doing?,original
95fd16a3-54dd-49af-b35a-c06d31c621f2,bing,http://image.made-in-china.com/2f0j00lMHQiaeEhJbs/Centrifugal-Pump-Water-Pump-LHF-6B-.jpg,Can you tell me what this device is used for? | What does this motor run? | Is that used to pump air for an air compressor? | What is this equipment constructed for? | What is the purpose of this device?,original
0a06fba8-99a7-42ed-ae72-75395684eda8,bing,http://2.bp.blogspot.com/-yC2iTL3bdoQ/TeQq0rVd7uI/AAAAAAAAABQ/pp880e2fCGk/s1600/On%2BThe%2BROad%2BNew%2BPicture%2B%25284%2529.jpg,What model is the truck? | What model year is that car? | What kind of car is that? | Where are they driving to? | Did the old car survive the road trip?,original
a1fbc5a0-e167-4bb8-bb9a-dc1b9c2a601a,bing,http://4.bp.blogspot.com/-wxq8YzlGHek/Tjz5nhj5JgI/AAAAAAAAAg8/GIUyYy_e4NA/s1600/Airwave.JPG,Who owns this car? | Do you like your Honda FIT? | What would you call this car style? | How much does this cost? | Is that your car?,original
1685e5a7-d65e-42f8-b3bd-d8c191fc261c,bing,http://2.bp.blogspot.com/_dUi0Lr4_KWE/TJ9_ZNVcE2I/AAAAAAAAAA4/T_howrXCPeE/s1600/my+totaled+truck.jpg,Was anyone hurt? | What happened to the truck? | What happened to the car? | Did the driver live? | Did the other car have as much damage?,original
9a5c4d90-721a-4388-98c0-cfe89ad410fa,bing,https://img0.etsystatic.com/015/0/5849617/il_fullxfull.451651340_pbe0.jpg,Is this as planter? | What material is this made of? | Is this bowl made from just yarn? | What is the bowl made of? | What is this made from?,original
4cbf3a80-80a9-41e3-bf6d-fc77ea08e741,bing,http://zeeshcreation.files.wordpress.com/2011/08/27-giotim.jpg,What type of flower is hanging? | What type of flower is in this boquet? | Are the flower's real or fake? | Who put those flowers together? | What kind of flowers are those?,original
4e5395a0-7670-433c-bd39-dec2c7803158,bing,http://www.fond-ecran.net/fonds/chopper_010.jpg,Who makes this motorcycle? | What brand of motorcycle is this? | Who made this bike? | What type of motorcycle is this? | How much does a motorcycle like this cost?,original
2f5b17b6-9a0a-4d46-b00d-54269802d0af,bing,http://a.abcnews.com/images/Business/gty_open_plan_office_ll_130701_16x9_992.jpg,What organization does this office belong to? | Is the man closest to the camera working? | What kind of business is located in this office? | Would you like to work in an office like that?,original
6e4811e8-baa9-450a-a27a-d8af1c0bbe94,bing,http://jafrianews.files.wordpress.com/2011/11/arrests.jpg,How much weight does it take to break those handcuffs? | Why is this person in handcuffs? | What was the gentleman arrested for? | Why were they arrested?,original
72789c25-8d89-401f-b71e-2ce419e674b8,bing,http://malayoganycblog.files.wordpress.com/2012/02/supported-fish_sc.jpg,Is that uncomfortable? | Is this some type of yoga? | What exercise is this woman doing? | What is she doing? | How long does this woman exercise in an average session?,original
631ecd20-1ee7-4846-b734-c9fb675bb802,bing,http://3.bp.blogspot.com/-dDDDTNv0yCM/Tbff-JLjDnI/AAAAAAAAAMY/SvV4Fu3Oo74/s1600/Circuit+de+Catalunya+barcelona.jpg,Is this a Formula 1 speedway? | What is this racetrack called? | What racetrack is that? | When is the next event at this track? | What race track is that?,original
6d4d1457-04e9-4d69-b627-a759d81edef0,bing,http://gfurniture2.files.wordpress.com/2012/11/reccc3.jpg,Are you selling this chair? | Does this chair recline? | What material is this recliner made from? | How much does that chair cos? | When did recliners become a living room staple?,original
a6eda271-0f74-43ce-9405-dcee10020e61,bing,http://3.bp.blogspot.com/-ioqvN7XG0o4/UM5GapBcbCI/AAAAAAAAAac/yiVLnIMvqwo/s1600/Woman-Praying1-1.jpg,What is she praying for? | Why do people clasp their hands when they pray? | Is this woman praying? | Is this woman wearing clear nail polish? | What is this person praying for?,original
23d50d1f-9f0d-4d65-969c-eb226404b5d6,bing,http://i.huffpost.com/gen/1289031/thumbs/o-BLOOD-TRANSFUSION-facebook.jpg,When does blood expire? | Are these packs from a blood drive? | How do you feel about working with blood every day? | Is this from a blood drive? | Have you ever donated blood?,original
437cb055-654d-49cc-9053-00771fe7270c,bing,http://media-cache-ak0.pinimg.com/736x/62/5c/e5/625ce5fc16f176828d41fa65da1c7174.jpg,How deep is that pool? | How cold is the pool? | Why is there a rubber ducky in the pool? | What was the temperature? | Is this your pool?,original
6999dc20-6e77-43bd-83f3-b66ca66c51a3,bing,http://3.bp.blogspot.com/-GjRW1BP4jkA/ThKIUeXVmNI/AAAAAAAAA-E/e0lBaLOjEDM/s1600/DSC02749.JPG,How long did it take someone to sew that? | Is that a glasses case? | What is the fabric being used for? | Who made this glasses case? | Does the sunglasses case appear to be handmade?,original
88fd5636-4c3b-4ba4-b76f-803de6d7b7e5,bing,http://4.bp.blogspot.com/-q-jV44HQjT0/TyVxgXgEG7I/AAAAAAAABuU/28tQ606kAwY/s1600/pineapple+squares+017.JPG,How did the cake taste? | How is the filling made? | What kind of food is that? | Who made those desserts? | What kind of dessert do you think that is?,original
2574b1fa-65a9-4891-8df2-2ec83aebe025,bing,http://melissabrookscuffee.files.wordpress.com/2014/01/dreamstime_s_31711436.jpg,What kind of dance is she doing? | Is she trained in ballet? | Is she a good dancer? | Has she danced all her life? | Why was she dancing?,original
43935571-8fe8-422f-a709-2bd1f62e01c6,bing,http://a.abcnews.com/images/US/ht_wabc_instgram_2_kb_150305_16x9_992.jpg,What happened to the plane? | Did the jet crash in the snow? | What caused the airplane to crash? | What happened to the plane? | What happened to this plane?,original
4816ce95-b385-4e82-b142-cfc708819215,bing,http://motoroids.com/wp-content/uploads/2013/01/2014-Corvette-Stingray-convertible.jpg,What year is this corvette? | What year is this Corvette? | Is this an expensive car? | What model of car is this? | Is that the most beautiful Corvette you've ever seen?,original
bc63face-18bc-457b-8e64-c19bc5e654a2,bing,http://lenergeek.com/wp-content/uploads/2012/09/barrage_grandval.jpg,How does a dam work? | What dam is this? | What dam is that? | Do you know when the dam was built? | Which dam is that?,original
5123c9fe-290d-4f95-ba19-d335f4a4b41d,bing,http://www.dream-alcala.com/wp-content/uploads/2013/12/2013-12-10-18.26.04.jpg,Who is the artist that created this sculpture? | Who is burried here? | Who is buried in the tomb? | Is this a tomb? | What does this statue represent?,original
67e16d0b-428d-47ad-b468-09082436ee08,bing,http://15pictures.com/wp-content/gallery/15-pictures-roller-coasters/roller-coaster-2.jpg,"Where is that roller coaster? | How fast does the roller coaster go? | What roller coaster is this? | Aside from the 2 shown, how many loops does this roller coaster have altogether? | Where is this rollercoaster at?",original
5bf86378-1735-4c56-8e47-4345961f0703,bing,http://media-cache-ak0.pinimg.com/736x/bf/ca/75/bfca751c2eae501becfea186bc93adc7.jpg,Who sewed the pillow? | Where is the rabbit off to? | Was this pillow hand made? | Who sewed the pillowcase? | Did you make that pillow?,original
ac22ea4e-46aa-4651-aaeb-d48a960aa447,bing,http://assets.passedoutphotos.com/hashed_silo_content/silo_content/870/resized/passedout-photos-1219293894-84988.jpg,How do people sleep through these pranks? | Who stuck a cigarette in this mans nostril? | How long was he passed out? | How much did this man drink? | Can the man smoke this way?,original
7498487d-0940-44bc-bff8-736f62907aff,bing,http://image.made-in-china.com/2f0j00SejtQbvnwMcw/Hdi-Print-Circuit-Board.jpg,Is this a motherboard? | What is this circuit board used for? | What does this motherboard go into? | What is the function of this circuit board? | What is this circuit board for?,original
b26ec6e0-1e2b-4fd6-8b01-b2248921e7d3,bing,http://static1.businessinsider.com/image/51ccace069bedd932700001c-1200/fueled-office-tour-bi-dng-8980.jpg,Is that wall in a private home or store? | Where can I find a shelf like that? | What kind of things are displayed? | Is this in a store? | Is this wall decor located in a business?,original
16cc2b06-a34a-4130-b018-f1e6736ef2ef,bing,http://static5.businessinsider.com/image/4d7502cacadcbbad3f040000-1200/two-pilot-whales-are-dismembered-ashore-into-rations-that-will-go-to-everybody-involved-in-the-hunt-from-the-captain-to-the-boat-maker.jpg,How much of the fish can be eaten? | What is the man's name in the red shirt? | What kid of fish is this? | Did he kill it? | What type of animal is this carcass?,original
31a89adb-b4bc-4a66-b278-d376e76c961e,bing,http://3.bp.blogspot.com/--lijykJsHC8/TazL146V0MI/AAAAAAAAACY/TEIfHjBDQ2w/s1600/The%2BHelp%2BMovie.jpg,Does the woman in the hat have any children? | Why are they holding hands? | Where are the people meeting at? | Were they friends? | Are the women getting married?,original
cf4b48b6-28d0-4fdc-b65f-8ee0b8c16e63,bing,http://4.bp.blogspot.com/-Qbfk18UpDnA/UC8RuyNGq2I/AAAAAAAAX30/DGtdwreEGLQ/s1600/teaching_preaching_church_teachers.jpeg,What was the topic of the speech? | Who is giving the speach. | Who was the public speaker? | Have you ever given a speech like that? | Was he a compelling speaker?,original
34171df0-30b4-42e3-bd9e-5b991d253d01,bing,http://2.bp.blogspot.com/_q_AYHe6MQ3k/S6q8ccH4MQI/AAAAAAAADTc/2FP5ahjgIZI/s1600/IMG_1628.JPG,"Where is this river? | That is rather pretty, do you agree? | What type of body of water is shown here? | How cold was it? | In what kind of body of water is this ripple?",original
4b3c305c-ae35-4cb8-855b-cecdceb94f41,bing,http://images.fanpop.com/images/image_uploads/Pushing-Daisies-pushing-daisies-462138_1280_1920.jpg,What is the name of the dude in the photo? | Is he an actor? | Is he taking part in a television commercial? | Does he have a lot of money? | Why did he choose that background?,original
b2a798ba-4327-4589-8f39-e2ff9b789e33,bing,http://grasshappens.files.wordpress.com/2009/04/img_0869.jpg,What is the purpose of that house driven cart? | Are they Amish? | What crop are these horses working with? | Where do these horses originate? | What is being farmed here?,original
0f4290fb-1bfe-4dfc-a67d-c6209b1b87fc,bing,https://maricoinnovationfoundation.files.wordpress.com/2012/04/awards-ceremony-11.jpg,Who is being presented with the award in this photo? | Who are those people? | What is the event for? | Are their innovations scientific in nature? | How many people attended this event?,original
fbb7e393-0c62-4c0c-908e-eb5414509948,bing,http://images.fineartamerica.com/images-medium-large-5/found-treasure-brook-burling.jpg,What kind of antler is this? | What species grew the antler? | Is this a Bluetick Coonhound? | What kind of dog is that? | What kind of dog is that?,original
6bc9895b-1630-41e5-a27b-11785f91c9c5,bing,http://christianprophecy.org.uk/tselem700px/otnt13_strengthening.jpg,What is the name of this exercise? | What kind of exercise is he doing? | How much weight is this person lifting? | How heavy is that weight? | How many pounds is he lifting?,original
f5b0467e-68bc-41e9-bb1d-55b67229b762,bing,http://3.bp.blogspot.com/-J6NciTE6G-A/UPByH8aLMLI/AAAAAAAAOsA/eBJduV5Affo/s1600/looks+cal%C3%A7a+skinny.jpg,Who designed the bags the models are carrying? | Who styled that girl/ | What made the purses? | Which purse do you like? | Is this the same person?,original
c3167954-e92f-4440-af58-a26b6da05529,bing,http://m5.paperblog.com/i/50/501791/max-factor-lip-liner-pencil-L-T4yvhG.jpeg,Is that makeup? | Whose colored pencil is that? | What kind of makeup do you use with that? | Is this kind of pencil for lining your lips? | How long does this lip liner last?,original
4c5eedae-409e-4641-aebc-f3749d54e061,bing,http://chemtips.files.wordpress.com/2013/01/fc-column-chromatography.jpg,What kind of lab equipment is this? | What does this contraption do? | What are they making? | Did you get a decent grade on the chemistry lab assignment? | What are they making?,original
81e6c0c7-5964-428f-a8dd-eb5954a264bb,bing,http://image0-rubylane.s3.amazonaws.com/shops/ruthsredemptions/HASHRBS4.1L.jpg,Would you say those little bowls are for candy or ice cream? | Will they hold two scoops of ice cream? | What are these cups made out of? | What are those for? | What are these bowls for?,original
fdbf8720-8b04-4467-8257-e6fb3ebb8608,bing,http://3.bp.blogspot.com/-eBS3OW2fYns/TXeec1-aI-I/AAAAAAAAA0I/s25OWaLBVik/s1600/DSC_0551-777856.JPG,How long has the couple been engaged? | Did they go threw with the wedding? | Do you know the couple? | Why would they choose that shade of brown? | Who designed this wedding invitation?,original
4460eab8-e2c3-4759-a10e-33d9739981f4,bing,http://2.bp.blogspot.com/-wia9auceriQ/Tu7H7BSk3EI/AAAAAAAAAAg/ZiwkCPciGFI/s1600/Moving+house+2.jpg,What is being done to this building? | What is the cost of this modular home? | What happened to the house? | What are they doing to that building? | Why are they tearing that building down?,original
79b7196f-6331-4e74-91ba-b4d550d24703,bing,http://news.bbcimg.co.uk/media/images/65320000/jpg/_65320520_robpowell.jpg,How many inches a year dose it snow here? | How deep was the snow? | Isn't this a most splendid picture with all the snow on the trees? | How cold is it in this forest? | How many inches of snow did this area get?,original
4fec1820-f385-44bd-a4e3-a8d68f9e87f6,bing,http://www.insurancejournal.com/wp-content/uploads/2011/01/aig-recapitalization.jpg,Do you have any association with AIG? | Where is this hospital located? | Is this the entrance to their corporate headquarters | Is that a sign for a bank? | Which AIG facility is this?,original
71f1b5e2-ecea-4dcf-9e87-ca470914009c,bing,http://monicaprelle.com/wp-content/uploads/2011/11/camping2.jpg,Do you have to hike to get to this campsite? | Where is this campsite? | How long did you go camping? | Is this a camping trip? | Why wasn't anyone watching the fire.,original
03673c71-1695-4e34-a21c-50710f362123,bing,http://abeautifuldayphotography.files.wordpress.com/2008/08/wedding-vows.jpg,Who is getting married? | Who got married? | How long was the ceremony? | What religion is this wedding? | How long were they engaged before they got married?,original
256cf689-d48d-40db-80ca-ce57427a6ee9,bing,http://tracyareed.files.wordpress.com/2012/10/sam_5443.jpg?w=1200,How did this person hurt their forehead so badley | What caused this horrific injury? | What hit him in the head? | What caused the face wound? | What caused that injury on their head?,original
4e722976-3b89-472e-a330-11aad96803e0,bing,http://static4.businessinsider.com/image/51f6d92769bedd413a00000e/the-15-weirdest-guinness-world-records.jpg,How does he get the spoons to stick to him like that? | Is this some kind of performance art with spoons? | Why is he wearing so many spoons? | Why are there spoons hanging from this guy's chest? | How are the spoons staying on him?,original
83a2ba62-7f88-43a2-bad7-8a37a92ed87c,bing,http://2.bp.blogspot.com/-5KpC8u_XuyU/T8L5pXXHRaI/AAAAAAAAAJE/Wo_Zk9hky5Q/s1600/car%2Bdamage%2B(1).jpg,Did the driver survive that accident? | Did anyone survive? | How did the car split in half? | Did anyone survive? | How did this car get damaged?,original
f44689af-571b-4cf7-9f23-af395589696d,bing,http://trueclassics.files.wordpress.com/2012/09/a_streetcar_named_desire.jpg,What movie is this from? | What movie is this picture from? | How long ago was this movie made? | What movie is this a scene from? | Why does the man look confused about?,original
27a66801-da19-4481-a108-93de10f5bcde,bing,http://mydestinationaustralia.files.wordpress.com/2012/05/bonfire.jpg,How long has that fire been burning? | Who started this fire? | How long did the fire last? | Will anyone cook over this fire? | How do you get the best bonfire photo?,original
9993d7db-d93a-4c83-9845-15c63a678042,bing,http://media4.onsugar.com/files/2014/03/26/164/n/1922398/6e33c8a7677cb7b0_81698794_10NWvPTH.191ratio/i/Rachel-Bilson-brought-her-mom-Janice-Last-Kiss-premiere.jpg,Are they mom and daughter? | Who are they? | Is this a mother and daughter? | Where are they? | What event are the two celebrities at?,original
e2293e05-b3a1-41ce-a513-896d62d4d75d,bing,http://gracefulfitness.files.wordpress.com/2011/07/photo-1.jpg,What percentage of adults actually wear bike helmets? | Do many people bicycle to work in this city? | Does she frequently ride her bike wearing a dress? | How hard it is to ride a bike in a dress? | Who is she?,original
947978f4-803c-43ed-a70d-e99d1ccc6787,bing,http://3.bp.blogspot.com/-FtRh_WLYORA/UCe-PFTgY8I/AAAAAAAAAZ8/HL6u7z71Hvo/s1600/hd-cheetah-wallpaper-with-a-attacking-cheetah-hd-cheetah-wallpapers-backgrounds.jpg,How fast can cheetahs run? | What is the Cheetah leaping at? | How fast was this cheetah running? | Does the animal end up catching something? | What was the cheetah chasing?,original
7356ae10-fdd9-4ddd-9b76-c58181a03f92,bing,http://3.bp.blogspot.com/-3RUkCp-b4l4/TbE4kTNstwI/AAAAAAAAABE/amNj6_1M9Nw/s1600/Khyber+Pass.jpg,What language is spoken there? | What language is the bridge in? | What town is this? | Where does this road lead to? | What country was this taken in?,original
88d67e78-19ca-4a5b-87a2-59a207567c81,bing,http://4.bp.blogspot.com/_9M2MDLRIFRI/TNisswYSMCI/AAAAAAAAAqE/5rNWQ7SSoOQ/s1600/preach.jpg,What was the speech about? | What is the topic of his speech? | Was the audience appreciative? | Where did this man get his education? | What was the topic of the lecture?,original
01367d61-d9e1-4243-93be-6d89aa69e694,bing,http://ithappensinvaranasi.files.wordpress.com/2010/05/img_00101.jpg,Who is the man in the picture? | What are they celebrating? | Were they relatives of the man? | What kind of ceremony is this? | Is the man on the poster a religious figure?,original
212a690c-406a-4b64-8f44-92a26fd1fba9,bing,http://static3.businessinsider.com/image/544242eeeab8eabd30d1cba3/president-obama-says-his-credit-card-was-declined-at-a-new-york-city-restaurant.jpg,What is Obama paying for? | What is President Obama purchasing? | Did President Obama really get his card punched for a free coffee? | What is he paying for? | What does the jar say?,original
3b981779-23a8-4bc4-b3a8-b3f12016d2ab,bing,http://s3.weddbook.com/t4/2/0/7/2070826/quite-elaborate-stunning-wedding-cake-cupcake-ideas-pinterest.jpg,That is not a cake is it? | Is there anything inside those boxes? | Is that a cake or a present? | What event is this cake celebrating? | What cake was that for,original
35f84bf3-40af-4cf5-a40a-0d2f2ddf787e,bing,http://image.pbs.org/video-assets/pbs/antiques-roadshow/147532/images/mezzanine_834.jpg,Was this picture take at an Antiques Roadshow? | Why is the elderly woman laughing? | Is that your Grandmother on Antiques Road Show? | Do you have any idea what she might be cheering about? | Is the older woman wearing dentures?,original
6beb9e17-fdb2-422f-b857-184bfbff7043,bing,http://parksandresorts.wdpromedia.com/media/resorts/1/images/en/activities/auntys-beach-house/aulani-aunties-beach-house-science-project-g.jpg,What are the kids playing with? | What are the kids making? | What are the main ingredients of the slime? | What is the recipe for this goo? | What all is in the green slime?,original
bc9252f1-5930-4fd3-9c12-b5da6b1e0871,bing,http://4.bp.blogspot.com/-BE-brnf_ivU/UDm6IwgoRJI/AAAAAAAAFEE/w2spbOibu8M/s1600/Purple+dyeing.jpg,Do you know how to tie dy? | Who made the design? | Are those custom tie dyed shirts? | How long do these shirts take to dry? | Did you tie dye those yourself?,original
1aae7311-62c0-4d1f-a6d2-d344f94f2b34,bing,http://farm3.staticflickr.com/2025/2582881922_f288e927e6_z.jpg,What position does this young boy play? | What team does this young boy play for? | Is this little league? | What kind of team does the boy play on? | Does this little boy enjoy baseball?,original
2a9f86ab-3544-41d7-bd30-848dee536fa4,bing,http://2.bp.blogspot.com/-fMIt3KWHBHw/TZoWTTay7GI/AAAAAAAAAAw/ZNgqq_AbW6w/s1600/DSC06041.JPG,What is in the tube? | What chemicals are in the test tube? | What is in that test tube? | What sort of science experiment is this? | What kind of liquid is in that tube?,original
df97ae01-67bd-4bfe-b526-79c8be8d2180,bing,http://i.ytimg.com/vi/jUC-eRSiSH8/maxresdefault.jpg,Are they playing on turf? | Was this at practice or an actual game? | Was this player the winning pitcher in this game? | Who is this baseball player? | Who won the game?,original
44e97ed7-4d98-4d03-8684-761df470187d,bing,http://images1.fanpop.com/images/image_uploads/Apples-fruit-1201901_1024_768.jpg,What variety of apples are these? | What types of apples are these? | Which apple is your favorite? | How many types of apples are there? | What types of apples are these?,original
71a12e5d-e68d-407b-92e3-898afdd33e48,bing,http://ponyboymagazine.com/wp-content/uploads/2013/12/CLASHED-SPREAD6FF.jpg,What size is that jacket? | Is that someone famous? | What magazine was this in? | Who is the model? | Is he a runway model too?,original
8987049b-b243-44d2-8db7-898e3b4ddc30,bing,http://armyphoto.files.wordpress.com/2008/11/081119_ps_yakima02.jpg,What are they shooting at? | Is this war taking place in the desert? | What type of artillery are they firing? | Are they in the middle east? | Is this a real battle or a training excerise?,original
aa589ca4-fcc9-4863-bc46-1f3f32a3a133,bing,http://images.wisegeek.com/blood-transfusion.jpg,Why did they need a blood transfusion? | What is that person getting treatment for? | Is this person very sick? | Why is the person getting a blood transfusion? | Are they giving or receiving blood?,original
2a8fc711-6eee-4d8a-8e16-85baba33e8db,bing,http://fc02.deviantart.net/fs71/i/2011/235/6/1/stock__sunray_tree_light_by_needanewname-d47knpo.jpg,What type of tree is that? | What time of year is it in this picture? | Is the sun going down or coming up? | Doesn't the sun shining through make this picture spectacular? | How long has that tree been standing?,original
c0cd9a55-dee6-430d-9d02-d21412416264,bing,http://static1.businessinsider.com/image/55756b3becad04d52f9e9d34/answers-sought-in-ny-shawshank-redemption-style-prison-escape.jpg,What are they standing inside of? | Is something broken? | What do you suppose he's looking at? | What are they inspecting? | Is he doing an inspection?,original
3ae46e1f-5f5e-4cb2-ad2f-52114121ab8e,bing,http://www.deskpicture.com/DPs/Technology/CircuitBoard.jpg,What type of device does this circuit board go in? | Is this a close-up of a small computer chip or is it a full motherboard zoomed in? | Is this motherboard from a computer? | What kind of computer can this microchip run? | Is that a part of your computer?,original
34e81fe7-6f24-49aa-a597-6d91a45219ec,bing,"http://3.bp.blogspot.com/-8oScxp5qiBY/UXZyEnaW2cI/AAAAAAAAEWI/zWdcPiOOuTY/s1600/hawk,+swainson's+odessa+tx+apr+21+2013+dpf-5052.jpg",Do you think that bird is an eagle? | What kind of bird is that? | What kind of bird is that? | What type of bird is that? | How high can the bird fly?,original
9d5a597e-8359-4be3-97d9-af7b4901b3f6,bing,http://3.bp.blogspot.com/-hk908Yq5Id8/UHKVnghTzsI/AAAAAAAAOlM/IwEHvf7eGr0/s1600/brahmos_launch.jpg,"Did the boat sink? | Wow, what do you say about that? | What is that weapon? | Was this missle launched during war? | Where was the missile heading?",original
e3e41981-c24e-49a2-b501-23fc36743642,bing,http://n1.sdlcdn.com/imgs/a/i/d/TAG-Demanded-Cooling-Pad-2000-SDL267597918-1-3d9f0.jpg,What type of cover is this? | Is this some weird type of speaker? | Is this some kind of new-fangled tablet? | What is this used for? | Does the fans keep the laptop cool?,original
aa86eab9-9e0e-4eeb-9005-f41a9738242d,bing,http://onwardstate.com/wp-content/uploads/2015/04/IMG_2297.jpg,Does this person work at Penn State? | What is going on in the window behind her? | Who is the speaker? | What type of speech is this person making? | Did people really listen?,original
d3b10ac3-a766-4953-bf28-6ab876edef83,bing,http://droppiegroningen.nl/wp-content/uploads/2012/05/drogisten-drop.jpg,Are these things some type of candy? | Are these a type of food? | What do you call that snake symbol on the coin? | What are these little things made of?,original
1bc59075-69f2-47b0-8435-a495202b65d9,bing,http://3.bp.blogspot.com/_-klK4jAiEfw/TGwW1pi2-4I/AAAAAAAAAT8/O7IR-oWIKdU/s1600/Vineyards+2010+091.JPG,How fresh are these grapes? | Are these grapes hand picked or done by a machine? | How long does it take grapes to grow? | Are these grapes ripe? | What kind of grapes are these?,original
399d96b1-4daf-4e3d-be69-e39862b0bda7,bing,http://static.guim.co.uk/sys-images/Guardian/Pix/pictures/2010/11/11/1289494354269/Antiwar-demonstrators-tri-001.jpg,What are they protesting? | Is it safe for him to be putting flowers in those guns? | Why are there so many armed people? | In which decade was this photo taken? | What country is that is?,original
15d5dca0-5e4f-4d5f-95a4-b1827a6bfb96,bing,http://cdn02.cdn.justjared.com/wp-content/uploads/2012/11/dicaprio-arrested/leonardo-dicaprio-arrested-on-wolf-of-wall-street-set-14.jpg,Is the man on the ground being arrested? | What was he arrested for? | What crime did this guy commit? | What was the man accused of? | Why was he arrested?,original
9264e490-8ee2-49b4-831d-154139b5c7d1,bing,http://a4.espncdn.com/photo/2015/0104/nfl_playoffs_rd1_01.jpg,Did the player end up catching the ball? | What football stadium is this? | Who won this game? | was that the winning catch in the game? | What football game was this?,original
c624514b-a7ec-4866-ac0e-975e83e8d43d,bing,http://4.bp.blogspot.com/_LGLOF9B8f_A/TR5v2Khh_eI/AAAAAAAAAB0/Eer0tZ92dRo/s1600/companion_planting_melojak.com2.jpg,What are these holes for? | Do you think these are goffer holes? | What is being planted in the garden? | What are those holes for? | Why are there so many dirt piles?,original
c722a4d1-21eb-4f0d-aaa2-42a39d27cb04,bing,http://www.cars-directory.net/pics/honda/airwave/2005/honda_airwave_a1194944253b1411657_orig.jpg,What country is the car from? | Is that your car? | Is this an electric car? | Are Honda's in the same general price range in Japan as they are in the States? | What model car is that?,original
47a447f7-7d71-4b59-a1ef-96e30b83b95e,bing,http://static3.businessinsider.com/image/53e148f4eab8ea38036879ca/the-new-york-times-editorial-board-actually-responded-to-snoop-doggs-question-about-weed.jpg,Is Snoop Dogg smoking that chronic? | What is he smoking? | What is the person in the image smoking? | Does he smoke a lot of marijuana? | How much does snoop smoke daily?,original
b021c714-5fe5-4ed1-9d67-4beb5df5b969,bing,http://images1.fanpop.com/images/image_uploads/Lost-season-1-lost-1116237_1920_896.jpg,"Is this show any good? | Is this a group of friends? | Is this your family? | Was this for the show Lost? | Where did they film ""Lost"" anyway?",original
3be3e2c7-fe0f-4c68-b797-b9ac6673cdd4,bing,http://andrekblast.files.wordpress.com/2011/03/mapex.jpg,How much does this cost? | How much dose that drum set cost? | Did you buy yourself a set of drums? | Is this a high quality drum set? | How much does a drum set like that cost?,original
5f2bf4dc-e2a4-4052-bc63-0b2f8c25973f,bing,http://www.klaes-w.de/fotos/niederrhein/krickenbecker_seen_hinsbecker_bruch_7880.jpg,What is the temperature of this pond? | What actually causes a reflection on a lake? | Is this a place to go swimming? | How big is the lake?,original
4b63225a-605b-463e-a586-1403b1215346,bing,http://assets.sbnation.com/assets/2253935/IMG_3952.JPG,What stadium is this? | Who won the game? | What baseball stadium is this? | Why are there so little fans? | Why are the stands so empty?,original
a8f7d64f-5cfd-4d54-bdc4-08d4ca226557,bing,http://3.bp.blogspot.com/_Y8DPBvNY3fQ/TNWFxqYQzxI/AAAAAAAAAEA/iSZHCnHmwvQ/s1600/golfer+putting.jpg,Did this guy just get an eagle? | What score did they get? | Was the golfer able to make par? | Is that golf hole full of water? | What was the final score?,original
488f0fd6-bd5b-41a3-b2d9-088b1e751f7b,bing,http://year2topazclass.files.wordpress.com/2013/01/snow.jpg,How cold is it there? | What month was this picture taken in? | How many inches of snow fell? | Is the road safe enough to drive on? | How deep is the snow?,original
16cbaee7-aa8f-4b3d-a89b-2c52f0c430ad,bing,http://greekmilitary.net/airdefence1/velos_01.jpg,What war do you think they're fighting in? | Was this a display for the public? | What tpe of military equipment is that? | Why are they standing on the road? | Is this for a movie being filmed?,original
e8c3899b-b176-41c4-b52e-3dcffab59506,bing,http://2.bp.blogspot.com/-SED2kfiWgow/TjQkP6DmWrI/AAAAAAAABfA/AhLOWVMB-P0/s1600/Sam.JPG,Who is the lady in the white hat? | What was the get together about? | What are the people celebrating? | Where did she get those delightful burgundy velvet arm-socks? | What are the women celebrating?,original
2b3369c6-5878-4afb-b1c2-f03565a600f9,bing,http://whisperingabout.files.wordpress.com/2012/02/coffee-girls-talking.jpg,What are they drinking? | Aren't they a cute bunch of women? | Is there any liquid in those mugs? | Are they drinking coffee? | What are these women drinking?,original
0a60ac01-c4be-4b71-acd0-8d8ddc5fb91c,bing,http://anoushkaloves.com/wp-content/uploads/2014/02/Benefit-Primping-With-The-Stars-5.jpg,Is that a store display? | Did a child touch the makeup on the table? | Do these cosmetics target very young ladies? | Are these cosmetics? | How do the diamonds match the make up?,original
67573caf-3edb-48b6-b579-596ed214ed43,bing,http://2.bp.blogspot.com/-r9K2HZagj1A/UUKJma3OewI/AAAAAAAAZAY/JFE4F5zHvys/s1600/The+The+Democratic+People%2527s+Republic+of+Korea+%2528DPRK+Artillery+Live+Fire+Exercise+%25287%2529.jpg,Is this an actual photo from a battle? | What are they firing missiles at? | What army is firing the weapons? | Who is fighting against who? | How many missiles do these weapons launch every minute?,original
f2a2ae1f-057a-4233-a496-d0a22a5cb979,bing,http://blog.cptc.edu/wp-content/uploads/2014/03/cptc-pinning-ceremony.jpg,What are they singing? | What song is the choir singing? | Does the lady in the front left sing professionally? | What choir is this?,original
296c5242-83a2-4fae-bbc6-fe41c6a51133,bing,http://3.bp.blogspot.com/_IH0LzICV71w/TJizKJ3ACDI/AAAAAAAAAWs/4nypMiO4oxU/s1600/Chopper+WCC+Dominator.jpg,How long did it take for the bike to be built? | What percentage of bikes have flame details? | Is this bike custom built? | Is that considered to be a chopper? | Whose bike is that?,original
ca05b7e4-7b15-457a-a613-44c420c5e7f2,bing,http://sjwhipp.files.wordpress.com/2013/02/train.jpg,How much was the bus fare? | Where is this train headed? | Which train is that? | Where is this subway headed? | Where is this located?,original
fcd5f743-64a8-46bc-9087-ce34bb2d7417,bing,http://3.bp.blogspot.com/-s23b1LPGCSM/TXqC_TsxMwI/AAAAAAAABKQ/X3gino-rWAU/s1600/BringingUpBaby.jpg,What movie is this scene from? | What did he do to get locked up in jail? | What movie is this from? | What movie was this from? | Why is the man in jail?,original
1bcc6c95-a50f-4497-83e6-1aaa9fea18d0,bing,http://www.donparrish.com/ArirangWeb/BackbendCloseup.jpg,Why are those gymnasts holding racquets? | What kind of demonstration is this? | What event were they cheerleading for? | Why did you go to this event? | Where are they?,original
1e5db963-72c3-45cd-b789-66be0ddd3aa1,bing,http://toworkorplay.com/wp-content/uploads/2014/04/BeerGardens_Faltering.jpg,Is this in someones backyard? | Did you design this garden? | How long did it take to make this garden? | What kind of plant is the spikey one? | Where is this scene located?,original
26728a8b-c267-4616-aee4-7f6d412e9541,bing,http://www.eso.org/public/archives/images/screen/zodiacal_beletsky_potw.jpg,Where was this photo taken? | How was the photographer able to get such a great shot of the horizon and the sky? | What causes the glow in the sky in this picture? | Have you ever seen such a beautiful sunset? | What is happening in the sky?,original
09aac02d-1dfc-4442-9cf1-a4ff73ea2504,bing,http://media3.onsugar.com/files/2014/03/25/211/n/1922398/90ed5726bef09f96_80052185_100Z3Pgi.191ratio/i/Taylor-Swift-appeared-TRL-February-2008.jpg,Is that Taylor Swift? | Why is this picture of Taylor Swift cut off? | Do you like her eyeshadow? | How old is Taylor Swift? | Is that Taylor Swift?,original
ea7702ad-2466-452e-bfc0-694d5e9a3502,bing,http://images.fineartamerica.com/images-medium-large-5/unfolding-rona-black.jpg,Can this type of flower be used to cook with? | What kind of plant is that? | What kidn of plant is that? | How long does it take a sunflower to open from this stage? | What type of plant is this?,original
b5c6679e-ffd7-4426-9a81-7ff1f2b14ee2,bing,http://breastcanceryogablog.files.wordpress.com/2013/11/supported-bridge.jpg,How long have you been doing yoga? | What is her tattoo of? | Is she trying to ease back pain? | What type of exercise is this woman doing? | Do you think getting that foot tattoo was painful?,original
ffef3b17-2624-4fa8-862c-45278e50dd18,bing,http://www.musicalsurprise.com/wp-content/uploads/2011/03/piano-lesson1.jpg,How long has the girl been playing piano? | Does the girl take piano lessons? | How long has the girl been playing piano? | What song is this little girl playing? | What sort of music can she play?,original
3c317e29-d49d-4714-b142-1006b0aa886f,bing,http://p9.storage.canalblog.com/99/66/515015/30726235.jpg,What were they digging for? | What will be made here? | What are they digging for? | What do you think is going on here? | What is the purpose of this construction site?,original
8df934bc-30b1-4a27-96bf-06bd179aa343,bing,http://contracostapowersports.com/wp-content/uploads/2011/04/DSC00172.jpg,How long does a motorcycle like this last? | How fast can this motorcycle go? | How expensive is that bike? | How much does this motorcycle cost? | Wouldn't you love to own this motorcycle?,original
0043f1ba-1028-4d37-9a7e-4f2204978749,bing,http://2.bp.blogspot.com/-mAguVT0RSr0/Tymj44F_oCI/AAAAAAAABlw/D6VyDml_gQ0/s1600/feast.jpg,What holiday is that feast for? | Did one person cook all this food? | Who prepared the dinner? | What is this dinner for? | Is this a Thanksgiving feast?,original
7244d25a-9d67-42b7-8773-31f3bfd845b2,bing,http://marthawilliamson.com/wp-content/uploads/2013/09/Signed-Sealed-Delivered-Olver3.jpg,Is this guy considered a model yuppie? | What is he holding? | What kind of car is he driving? | Does he greet you every morning like this? | What year is that car?,original
bdef1017-4cd8-4f29-8bcb-c9077f41b523,bing,http://images1.fanpop.com/images/photos/2200000/spike-promo-wallpapers-spike-2268395-1024-768.jpg,What does this guy do for a living? | How old is the guy in the picture? | Do you know him personally? | What is the name of his character? | What character is that?,original
6edf048f-2062-4eb3-8fdb-f1314079113d,bing,http://foodsnobblog.files.wordpress.com/2009/01/le-meurice-les-pains-baguette-pain-complet-pain-au-sarrasin-pain-au-levain-et-pain-aux-cereales.jpg,Where is this bread being served? | When did the tradition of unlimited bread start? | What kind of bread is this? | What type of dish is this? | What different types of bread are those?,original
0abb6351-a688-4a70-b680-b97e28bb5a7e,bing,http://automotivepartsuppliers.com/wp-content/uploads/2011/12/Replacing-Side-Mirror.jpg,Did that work well? | How did the mirror break? | Is this product any good? | Did you replace your broken mirror? | Did the replacement mirror fit?,original
c3b0443e-030d-4875-940e-85557cf4f4da,bing,https://swittersb.files.wordpress.com/2015/04/unfolding-clematis-flower-swittersb.jpg,Did a photographer take this photo? | What kind of flower is it? | What kind of lens was used to take this? | What kind of flower is that? | What kind of flower is this?,original
e7bc5add-1f51-4ca0-95c7-e1bbc387cbe1,bing,http://3.bp.blogspot.com/-AgaiFvYXcz4/UKdwUku3o8I/AAAAAAAAAKc/eIjOFmyOqEw/s1600/100_0148.JPG,What kind of guitar is he playing? | Who is that playing guitar? | Did he record his music on a computer? | How long have you been playing? | How long has the man been playing guitar?,original
37b79822-7401-4350-b175-15820d9a5d42,bing,http://stefexhibitionblog.files.wordpress.com/2013/09/truck-feed-game-1.jpg,"What ""challenger"" challenge is this a picture of? | What is the ""Challenger"" challenge? | What does this challenge involve? | What is that for? | Is this a convention booth?",original
4a79ec60-731e-4e2b-9026-efecb91ba1a1,bing,http://media-cache-ak0.pinimg.com/736x/5f/01/d4/5f01d493a07392195e2b6d16bb7c086a.jpg,Whose table is that? | What kind of table is that? | What is that table used for? | Is this stretcher part of a mobile operation? | Did you make that table?,original
03475f56-ef4e-4440-89d6-aaac7818a09e,bing,http://4.bp.blogspot.com/-LqkOWxZxrYc/T8j3l9hK08I/AAAAAAAAFmY/v8_Hbohr49I/s1600/begun3.jpg,What meal is this? | Is this a healthy dish? | At what restaurant did you find that? | How do you make this? | Is this a vegetarian dish?,original
295d2e50-20e9-421c-8563-1052c5f78fc5,bing,http://farm5.staticflickr.com/4154/5050799809_eeefa9d742_z.jpg,Who is that singing? | Why are they performing in the dark? | What type of music does the band play? | Who are they playing for? | What is the name of the band?,original
97a0503f-7b74-4605-b077-22837c7a40ea,bing,http://fwallpapers.com/files/images/bicycle-race-crash.png,What caused the rider to crash and fall? | Did he get run over after this? | Do you know the person who fell? | Did any other cyclists crash too? | What made that guy fall down so hard?,original
e00c6c9e-8212-4a9d-9a96-25602c66c34a,bing,http://majidwrite.files.wordpress.com/2013/02/preaching-3.jpg,What kind of speech is this? | What was he speaking about? | What is the subject of the speech? | What was he speaking about? | What is he ranting about?,original
66c09e93-2586-44c3-85bc-63e72f330423,bing,http://www.benlevy.com/auto/meet/mazda20080329/dscf0073.jpg,What model years are these two cars? | How old is that car? | Did you go to the Mazda on the Beach event? | Are Mazdas a respectable car brand? | Dose that Mazda has any extra things done to the motor?,original
10a427e8-5b73-4724-b0bc-44985b6698ff,bing,https://automechanicschool.files.wordpress.com/2011/10/8.jpg,What is the name of this body shop? | What is he fixing? | What was broken on the car? | What is wrong with the car? | What problem is the mechanic fixing on the car?,original
b60044ff-d602-46e8-a339-adfe508184c7,bing,http://www.notimeforflashcards.com/wp-content/uploads/2012/02/toddler-activities-cooking.jpg,What is the child preparing? | What is the little girl making? | What is the daughter mixing? | What does she have in the pot? | What is she making?,original
8b3f11c4-4e3c-4481-8927-75fc664c2643,bing,http://chanceofrain.com/wp-content/uploads/2010/11/UAeqzO-996x1024.jpg,What nation is this facility located at? | What is the altitude of this land area? | What is the purpose of this structure? | What is the purpose of those pipes? | What kind of engineering structure is this?,original
b2f12734-d0dc-465f-bf7d-2c0bdd1f6738,bing,http://static4.businessinsider.com/image/5523d6216bb3f72227fc827e/rand-paul-i-am-running-for-president.jpg,"What state does he represent? | I don't like his curly hair, do you? | What is he lecturing about? | What is this man speaking about? | What was he speaking about?",original
66bb3c74-1eb8-4e83-a67a-becf75fb8f8a,bing,http://rehabmed.files.wordpress.com/2008/06/28juni2008.jpg,What caused that? | How much does that giant open wound hurt? | What is wrong with this person? | Is this a tumor? | What causes this sort of injury?,original
a6c93d4d-204d-4ce0-b151-3e13a7554adf,bing,http://2.bp.blogspot.com/-6Qp4fJaUx5o/UIDhxHBNyiI/AAAAAAAAHcs/fBbwJaYFoeQ/s1600/Cats+Hugging+Pic.jpg,How old are those cats? | What kind of cats are those? | Are these cats siblings? | Are these kittens siblings? | What kind of cat is the black one?,original
b35ceb86-5226-4d34-a68c-60d1182cb3dc,bing,http://2.bp.blogspot.com/_4nrE0sM6P98/TQP3t6AestI/AAAAAAAAAT0/cxFxZWgRbOk/s1600/1.+Ducray+Elution.JPG,How effective is the shampoo? | Does this shampoo really work? | Is this a special type of shampoo? | Is Elution good for getting rid of dandruff? | What kind of special shampoo is this?,original
01e1f678-61e6-4474-8de5-cb140aedd440,bing,http://2.bp.blogspot.com/-RXkewKWqcfw/TZnbiXQ4kyI/AAAAAAAAB5Y/Ueu5WC_Bnkk/s1600/2011+04+04+024.JPG,How many hours did it take to make this quilt? | Did you see the stitches by hand? | Is this for quilting? | What kind of craft is this? | Is this the material being repaired?,original
2e62a8b6-f911-4b11-8481-f38d52f37423,bing,http://4.bp.blogspot.com/-J9XlEL-_T3c/T2n0H4vbX1I/AAAAAAAACWQ/ysEvpeBmY_w/s1600/slotmachine.jpg,How much was the jackpot? | How muh money will this win? | Did this slot machine have a handle to pull? | How often do these machines have to pay out? | How much did this pay out?,original
973d1468-eb06-4b5a-a645-36de947c5678,bing,http://2.bp.blogspot.com/-p_JNSnwYwaY/UK2NjEjCyQI/AAAAAAAAXOE/8H8hJSwe3Rs/s1600/announcing%20baby%20boy.jpg,Do you have any idea why a family would put all their shoes out on the grass? | How old are the kids? | How old is everyone that the shoes belong to? | Is this a family photo of each member's shoes?,original
5de9cc20-1625-4d9c-a690-87285d246f7b,bing,https://iclimbedthat.files.wordpress.com/2013/01/img_5509.jpg,What mountain range is that? | What mountains are in the background? | Where is this? | Did you spend the night camping in the mountains? | Where are those mountains?,original
4e646be3-b3d8-45d9-ad4e-167e859cf1e2,bing,http://farm4.staticflickr.com/3615/3660195627_069efcf868_z.jpg,What do you feed that kind of bird? | How old is this parrot? | Is that a parrot or a parakeet? | Is it sae to let a parrot eat human food? | What kind of food does the bird eat?,original
23cf21a4-3416-4806-b46d-456ad10d7dcf,bing,http://i.ytimg.com/vi/fjWLNNGa09Y/maxresdefault.jpg,What kind of motorcycle is that? | Do two people actually ride this together? | How much gasoline can the scooter's tank hold? | What kind of motorcycle is that? | Wouldn't it be great to go on a long motorcycle ride?,original
7dc5d9e0-a7a7-4179-a2e0-fd91387620e1,bing,http://3.bp.blogspot.com/-eokTWY9-7ks/UKy3z-sJ2qI/AAAAAAAAGFw/Fgtba2IvAyM/s1600/sorry_we_are_closed.jpg,What store is this sign for? | What time did they close? | What type of business is this sign being used for? | What are the hours they are open? | What store is closed?,original
2deef6e7-c629-4bad-a0da-dadf1a6f8ae0,bing,https://nvblogmag.files.wordpress.com/2014/04/wpid-zinedine-zidane.jpeg,Is he an athlete? | Why is he so happy? | What is this man's name? | Is the soccer player really well-known in his chosen sport? | Is he a professional athlete?,original
7d8652f6-f58a-423b-8c4d-76f4d75195eb,bing,http://marjoleinsocablog.files.wordpress.com/2013/02/slashing-4.jpg,What is someone making from that fabric? | What is this material from? | Are you planning to make a quilt with those? | What kind of sewing technique is this? | What are those for?,original
20190fb2-87a6-4739-8ed2-27ce59b3cb52,bing,http://www.hawtcelebs.com/wp-content/uploads/2014/01/maria-sharapova-at-practice-session-in-melbourne-111_1.jpg,Is that Anna Kournikova? | Do you know who this tennis player is? | What kind of tennis racquet does this person use? | Who is this tennis player? | What is her name?,original
2005cf79-15f8-4d6c-853d-638ce61cd6ee,bing,http://www.gannett-cdn.com/-mm-/e575c8883d1e7e429ee7ef0123656e320fe0e37f/c=3-0-1461-824&r=x633&c=1200x630/local/-/media/2015/05/05/KTHV/KTHV/635664320095871577-holt.jpg,How old was he in this picture? | Was he sent off to war? | When is this picture from? | What branch of military is this man in? | How old is he here?,original
3d8fc132-9349-4f27-a8a6-60b162497086,bing,http://talksilkpainting.files.wordpress.com/2012/01/jan-2012-041.jpg,What is being tie dyed? | Is that how you make tiedye shirts? | What kind of material was being dyed? | Are those tie dye tee-shirts? | How does this container smell like?,original
d51d1bb7-0b33-4947-8268-6d13e1174430,bing,http://catalog.mtsu.edu/mime/media/15/3199/SSAC_cropped_3.jpg,Is this a hotel or an office? | What is the purpose of this building? | What kind of business is this? | How many employees does this company employ? | Is this part of an office building?,original
53a42e64-42ba-4f7d-abcc-52181e316ec3,bing,http://www.hawtcelebs.com/wp-content/uploads/2014/01/maria-sharapova-at-practice-session-in-melbourne-111_9.jpg,What is the name of this athlete? | Is she a famous person? | Is this woman a tennis player? | Why does this woman look a little bit angry? | Did she loose the game?,original
64d56340-e172-49eb-911c-46367187127a,bing,http://images.wisegeek.com/golfing-on-golf-course.jpg,What kind of club is that? | What type of golf club is that? | Is he a professional golfer? | Who's hand is that? | Is this photo an advertisement for golfing?,original
5e81e620-e987-41d0-9bbe-5fed7b34f7ca,bing,http://www.carid.com/images/standard/replacement-electrical-parts/as169.jpg,What does this apparatus do? | What is this tool? | What does this object do? | What type of camera is that? | What's it for?,original
ac8e6db5-f6ca-4f15-930f-5819d06f8027,bing,http://www.greenandgoldrugby.com/wp-content/uploads/2013/08/379_DSC_9066_2013_08_17_4854.jpg,How far can the player kick the ball? | What team does the kicker play on? | What is the name of this rugby player? | Who is the guy about to kick the ball? | Did he score a goal with this kick?,original
01b0b472-595e-43fa-a40b-505639be2f3b,bing,http://3.bp.blogspot.com/-OW_al_kVfzc/UWcIT0hG_NI/AAAAAAAADr4/eNpNb5zFdzo/s1600/Douglas-Fairbanks-and-Charlie-Chaplin-silent-movies-24997794-1280-1056.jpg,Who is the lady in the hat? | What movie set is this from? | What movie set is this? | What film is Charlie Chaplin shooting? | What year was this picture taken?,original
2f72c57c-0d85-48c1-a70e-5a8107c7a38c,bing,https://farm1.staticflickr.com/538/19247207944_8906c00d07_o_d.jpg,Is this device manufactured in the United States? | What does this apparatus do? | What is the purpose of this device? | What kind of machine is this? | What is this piece of equipment used for?,original
4e917e18-bd1d-47f6-be14-1ce3a3aa3ffb,bing,https://c2.staticflickr.com/8/7015/6838596907_510448c816_z.jpg,Was this on the night of the full moon? | Did you have a telescope to take this? | Is that a completely full moon? | Do you think the moon could be hollow? | What makes the moon that color?,original
af9c9fc5-19bb-4dbe-8045-3e4f903994be,bing,http://image.made-in-china.com/2f0j00uesQRSTEVIkH/Water-Pump-Pump-MQB-60-.jpg,What kind of machine is that? | What kind of machinery part is that? | What is the machine used for? | What is this machine used for? | What is this a part of?,original
70eda26a-89f0-4de8-ab28-89045ceb467a,bing,http://farm5.staticflickr.com/4142/4858863995_8bac95dcd6_z.jpg,What region is the lizard native to? | What kind of lizard is that? | How many eggs did she lay? | What kind of lizard is that? | How many eggs did this lizard lay?,original
e543bc73-c1db-4023-9b73-89f8a7eab26d,bing,http://ww2.hdnux.com/photos/21/66/05/4677981/7/rawImage.jpg,Is that Tim Duncan's wife? | What i sher name? | Does that man play basketball for San Antonio or is he just a fan? | What is the name of this woman kissing this basketball player? | Who is the woman that Tim Duncan is leaning into?,original
c45e69a4-4f66-4208-bfcc-82072ce6c474,bing,http://i.huffpost.com/gen/1932601/images/o-GAME-OF-THRONES-COMICCON-facebook.jpg,What event is the TV cast posing at? | How long did this event last for? | What cast is this? | Which show are these people in on HBO? | Who is the woman in the front with the black dress on?,original
14c64a91-2ba6-4c9d-b4af-63979de441ba,bing,http://ruralrouteramblings.files.wordpress.com/2011/05/wheat_field.jpg,Are there any trees nearby? | Did it start raining right after this picture? | Where is this grass hill located? | How big is this grass area? | Why is this field totally empty?,original
1a7f28a2-8431-44cc-b62c-9fd1dd389830,bing,http://2.bp.blogspot.com/-IxMWkgF4V5A/TzARet_VSbI/AAAAAAAAAfs/HdOP-opYRh8/s1600/etihad-airways.jpg,From what country does this plane originate? | How many flights does this plane take in a day? | Have you ever flown this airline? | Where is the plane heading?,original
3169ea95-d5cc-4e21-942f-c08f2565facf,bing,http://premiumcoding.com/wp-content/uploads/2012/01/Burning-wood-in-fireplace.jpg,How long does it take for that log to burn? | Are embers hotter than the flame itself? | How long did that wood burn before it burned out? | What type of wood is used to burn this fire?,original
2bcd5981-e5f0-4ca8-8ca6-a0260306a4b2,bing,http://farm1.staticflickr.com/158/426739080_358a243922_z.jpg,How did you get that shot? | What type of dwelling is the light spilling into? | Were is the light coming from? | What even is this a picture of? | Where is that light shining in from?,original
3a04675b-d4e0-4b40-93b6-87b75bb5d23e,bing,http://themodernjedi.files.wordpress.com/2012/04/first-step.jpg,What is in the bag this man is carrying? | What is he carrying in the bag? | What would you call that pant style? | Does he always wear boots with a suit? | What's in the bag?,original
4e77db74-831a-4391-9d9b-c7fbdedae016,bing,http://scotthaddow.files.wordpress.com/2012/08/mandible_01.jpg,What type of bone is this? | What kind of bone is this? | What kind of bone is this? | What does that jaw belong to? | Is that human or an animal jaw bone?,original
7cd40ed8-2a17-469b-a473-c8c169f926fd,bing,http://static.wixstatic.com/media/caa1415466abfa5f8b87b8e6406935cb.jpg_srz_1920_1280_85_22_0.50_1.20_0.00_jpg_srz,What kind of clouds are those? | What do you see in those clouds? | What kind of clouds are those? | Would some individuals see faces in this arrangement of clouds? | Was there a bad storm?,original
a6d00d98-b03d-4ed1-90d9-633a14ac7479,bing,http://www.home-designing.com/wp-content/uploads/2009/12/art-and-craft-studio-3.jpg,Who decorated the room? | Who lives in this room? | Is there also a sewing machine in this room? | Do you love the design of this room? | What kind of crafts can you make there?,original
56cb7808-e31b-40f3-a977-f0d8569cb750,bing,http://fc03.deviantart.net/fs70/i/2011/147/c/b/storm_cloud_stock_by_dh_textures-d3hdlhm.jpg,Did the weather turn bad? | Did a tornado take place soon after this picture was taken? | How bad of a storm do you think these clouds will cause? | Is this a thunderstorm? | Does this cloud formation signify rainy weather?,original
8d778077-051a-4718-8a7e-a99b896430b0,bing,http://2.bp.blogspot.com/-wq-kZC_yWuU/VWpZ8hDeNTI/AAAAAAAACQk/ejHHBkQfaQA/s1600/Swimsuit.jpg,Is she worried that the straps might break? | What size are her breasts? | What size is this bathing suit? | Why is the woman posing? | Is she wearing a dress?,original
2e17a1ee-b848-49b9-94b5-28527d1a687f,bing,http://sublime-beauty.net/wp-content/uploads/2013/03/iStock_000016553198Medium-woman-exercising.jpg,Are they doing yoga? | How long is the class? | Don't you wish you were in an exercise class right now? | What type of exercise is being shown here? | Is this from a advanced class or beginner class?,original
393af150-9627-4454-bf74-b83d2f77741e,bing,http://www.archives.gov/press/press-kits/picturing-the-century-photos/images/migratory-mother-texas.jpg,Was this for a magazine ad? | Is she a professional model? | How long ago was this picture taken? | Why is she wearing that on her head? | Why does she look so sad?,original
f6ff78ac-e0d0-44de-8e63-3c3ec667f370,bing,http://images.wisegeek.com/measuring-blood-glucose.jpg,What is that device measuring? | Does the patient have diabetes? | Who hand is bleeding? | Wouldn't you hate to have to check your sugar level all the time? | How old is the child that has to have its blood tested?,original
20b55d66-2bd8-4ef9-be1e-3c448bda955a,bing,http://4.bp.blogspot.com/-qVTIr495Q9A/T3ZN-01wv_I/AAAAAAAAAJc/6TF4gS2YSes/s1600/powderbrushhead.jpg,How long would this make up brush last? | What kind of brush is that? | What kind of make up brush is this? | What kind of hair is the brush made from? | Is this a good makeup brush?,original
a275fcc0-b14d-4790-b4c6-be384efd6f83,bing,http://bangshift.com/wp-content/uploads/2015/01/cavalcade-of-customs-cincinnati-043.jpg,How long did the hot rod take to build? | Does this vehicle actually run? | What kind of car is that? | What type of modifications were given? | Are those cars in a museum?,original
7a8e6931-4b3e-464f-8c21-b0cec995b41e,bing,http://www.premieriberian.com/uploads/articles/article345/monarch%20aircraft%20ma002_a4.jpg,Where is that plane going? | How fast can this plane fly? | What type of engine does this plane use? | Where were you when you took this? | Does this plane have a good safety rating?,original
252bb67d-7897-438b-af00-95c0653178da,bing,http://www.indiamike.com/files/images/00/65/09/skidded-vehicle-on-kalyan--murbad-road.jpg,What is under the tarp on this truck? | How did they end up across the road? | Why did the truck veer off the road? | What happened to the truck? | Did anyone get hurt?,original
0cb0d36f-09fb-4704-97fa-afb59ea27c15,bing,http://2.bp.blogspot.com/-g7V2amlKld4/TxTdvlNDzPI/AAAAAAAACCA/Ir72DzGW-R0/s1600/1%253A16+us+outside+house.jpg,Is this their first home? | Is this the first home they have built together? | Is that your home? | Is that his daughter? | Did they buy the house?,original
b8fa2af9-32ff-44d2-bc27-e592a1d80f95,bing,http://images2.fanpop.com/image/photos/13700000/Chaplin-The-Circus-silent-movies-13775780-1779-2151.jpg#silent%20movies,Is this a painting? | What is his name? | Is that Charlie Chaplain? | What movie is this from? | Is that Charlie Chaplin?,original
8025c750-aadd-4acc-ae01-180266ce3481,bing,http://www.tumtum.com/climbing/trips/Sierra00_images_full/Sierra00_132_PoolSoakingIn.jpg,Is that a hot spring? | is this man completely nude? | How cold is the water? | Is that water safe to swim in? | Where is this man swimming at?,original
3f4c81ca-71e9-43c9-b0f2-7e42c6cfd514,bing,http://images5.fanpop.com/image/photos/31100000/apples-fruit-31188668-1707-2560.jpg,What is the green fruit called? | How many grams of carbohydrates are in one of these apples? | Did you eat any? | What kind of apples are those? | How fresh are the apples?,original
7398b023-5f71-4d5c-b3ad-07d66862afc9,bing,http://3.bp.blogspot.com/-7UduSLpMXyU/T33Y2m-cxDI/AAAAAAAAEew/80OhdTPQWio/s1600/jello_easterEggLayer_DSC_9971.jpg,Are those cupcake baking trays? | Are these for cooking eggs? | What are you supposed to put in that? | What are these used for? | What kind of things can be made in these cups?,original
b435f726-6657-41e5-9459-47b6d300defb,bing,http://shizuokagourmet.files.wordpress.com/2013/11/dismembered-2.jpg,What kind of stone is this made from? | Who is the artist? | What artist made this sculpture? | What does this artwork depict? | What does this statue mean?,original
be40c3f7-b66d-417b-893c-a5f0582d0321,bing,http://4.bp.blogspot.com/_EOKgy7JBYPA/TUGAJOs6oeI/AAAAAAAAEMM/Sqhddqhxdd8/s1600/papel_de_parede_de_surf-36362.jpg,How long has she been surfing? | Do you surf regularly? | How can they make surfboards less attractive to sharks? | Is she a professional surfer? | Do you think that the surfer is in danger of sharks?,original
4b50e8aa-2fee-4112-b25f-4f17deb1656f,bing,http://onestep4ward.com/wp-content/uploads/2012/07/marjan-beach-split.jpg,Where is this beach located? | What beach is this? | On what coast is this beach? | What beach is this?,original
91382bc5-9e24-4c90-a48c-4a0d865f8d60,bing,http://res.mindbodygreen.com/img/gal/Urdvha.JPG,Dose she do ballet? | What is the name of that yoga position? | Have you ever been able to do that? | What yoga stretch is this woman doing? | How far can she bend?,original
8dbd043b-62e5-4b21-ba9d-c5f2fce96f3a,bing,http://s1.paultan.org/image/2014/11/2015-Mazda-CX-3-012-e1416373385193.jpg,What kind of car is that? | How gallons of gasoline can this car carry? | What model year is this CUV? | What do they call that paint color? | Do you consider this car to be reliable?,original
f4047135-2666-4161-b4ca-6cff15d8d124,bing,http://i1.ytimg.com/vi/uED55XuT1kw/maxresdefault.jpg,What would you call that camo pattern? | Do you think the hunter is feeling sick? | Is he calling to the ducks? | What was he hunting? | Does he end up hunting a lot of animals?,original
5123a5d2-e5ba-4240-9047-3e38dc0992bb,bing,http://4.bp.blogspot.com/-eMLHjXt2aVY/TqrduwgIz6I/AAAAAAAAAMg/WOQ6T6cHLOo/s1600/Don__t_ignore_me_by_wait_and_see.jpg,Is this some sort of art preformance? | What phrase would you add to her post-it note wall? | Did she write all of those notes herself? | What message is this trying to convey? | Why is she depressed?,original
96bd04f4-771e-49ba-b666-ec2a6d8c0f92,bing,http://3.bp.blogspot.com/_veDbg4Zs4Sg/StDCiRo3y3I/AAAAAAAAAM4/-sObGewfwyw/s1600/Lightning_3.jpg,How long did the storm last? | Was there alot of lightening strikes in this storm? | Did the lightning strike any buildings? | What city is the lightening striking? | Is that not the most gorgeous picture of lightning?,original
8acd13a7-5ba1-42d7-abdc-44eae0984c87,bing,http://th01.deviantart.net/fs31/PRE/i/2008/195/1/d/Peeling_Paint_by_Altaria13_Stock.jpg,Did the wood crack from age or from weather? | Is that bark peeling away from a tree trunk? | What kind of plaster is that? | When was the last time it was painted? | What kind of tree this bark came from?,original
914462ad-3a96-4d02-a6a2-e7b13e652581,bing,http://3.bp.blogspot.com/_3H1dWtzmZYU/TNxbBngYRdI/AAAAAAAAC8o/j3zcHMv9HKk/s1600/high-fidelity.jpg,What are these men talking about? | Is this a scene from a movie? | What are the characters in this film talking about? | Did you guys come up with any good ideas at the meeting? | What Jack Black movie is this from?,original
5b9011af-40c9-4a19-b541-2c416dc6e1b9,bing,http://reviewsfromtheabyss.files.wordpress.com/2011/08/2009_taken_005.jpg,What movie is this part from? | Why does this girl look terrified? | Why does she look so scared? | Is this from Taken? | Why is she so scared?,original
80f04d3b-c222-4e88-9953-5e8b05fa07ac,bing,http://a.espncdn.com/photo/2015/0104/nfl_playoffs_rd1_03.jpg,"What game was this play occuring in? | How many yards did the running back gain on this particular play? | Who won the game? | I don't really like the Steelers, do you?",original
091e2b89-fc47-4724-ba3f-614c319f882b,bing,http://mekamui.files.wordpress.com/2013/04/landslide.jpg,"What kind of disaster caused this? | What type of disaster is this? | That is absolutely amazing, do you agree? | Is this a picture of a mine? | What caused this landslide?",original
288189d2-bcfa-4160-b3b7-99bfc81f2bfe,bing,http://a.espncdn.com/photo/2014/0621/mlb_g_segura11_1296x729.jpg,Was he safe or out? | Was this guy out? | Was that baseball player safe? | Was the player safe in this play? | What two teams are competing in this baseball game?,original
61531a17-cc19-406e-ad98-d1b0ca787522,bing,http://cfile1.uf.tistory.com/image/197E8F374FA8B17E13CD17,What is the primary purpose of this establishment? | What kind of market is this? | Where is this ultra-modern shopping center located? | is that a famous farmer's market? | What kind of store is that?,original
70521505-4cfc-4f87-b963-9c0cf979892a,bing,http://static.musiciansfriend.com/derivates/19/001/440/977/DV020_Jpg_Jumbo_666618.025_wine_red.jpg,How much does this set cost? | How much does the drumset cost? | Is that equiptment brand new? | How much does this drum set cost? | How much do the drums cost?,original
7f2ee1e6-e79b-4741-9576-e52d4bf0a0ff,bing,http://static2.businessinsider.com/image/54eb36216da8114f0321716a/microsoft-bing-correctly-predicted-almost-every-oscar-winner.jpg,Who is the speaker? | What did he get the award for? | What is the man speaking about? | What was this award for? | Why did he deserve to win that award?,original
84e88784-1d67-4ae2-80b5-a074c6e8d7a8,bing,http://media-cache-ak0.pinimg.com/736x/c1/84/07/c184074464ef05ef444ee199aa180c74.jpg,What do you call this sport? | What race are this horse and jockey competing in? | Was this a race? | What type of race is this person participating in? | Where is this race taking place?,original
ab99da85-91d6-49df-a317-197156ffeada,bing,http://image0-rubylane.s3.amazonaws.com/shops/ruthsredemptions/HLCPJDFR.5L.jpg?49,Don't you find that water pitcher quite interesting? | Is there something in this pitcher? | Where did you find a pitcher in that color? | Is this some kind of water jug? | Who made this design?,original
fe9f6cb6-c145-457b-a977-dc3ec3196828,bing,http://media.hamptonroads.com/cache/files/imagecache/large_site_image_760x760/files/images/1654651000.jpg,Is he the engineer? | What is this guy's job title? | What is he standing in front of? | Why is the man smiling? | What is his name?,original
bf648716-0104-4ce5-8cbb-a6b3e3161685,bing,http://i.huffpost.com/gen/1047096/thumbs/o-WILL-PORTMAN-CRITICIZED-facebook.jpg,Are they father and son? | Do they belong to a rowing team? | Are they competitive boaters? | Do those guys canoe? | What do they use the paddles for?,original
83818715-ebfe-4935-acda-eeaf490200bf,bing,http://www.gannett-cdn.com/-mm-/bd6a3c01b11f6f8af6c0b4978342f656c1fb7047/c=0-17-1023-595&r=x633&c=1200x630/local/-/media/2015/04/22/USATODAY/USATODAY/635652717085683221-AX216-41F3-9.JPG,Was her story convincing? | What is this woman's political orientation? | Did she just win an award? | Who is she? | Who is she?,original
739b02a5-48c2-4d0a-ad43-13ef5241d458,bing,http://2.bp.blogspot.com/-MJSvl5jexvo/TkUXrSPy-UI/AAAAAAAAB0M/E03zqt0Q6j8/s1600/MorningWalk-Benefits.jpg,Do those people think they're working out? | How many miles do these woman walk a day? | Are the women power walking? | How far are they going to walk? | How often do they go jogging?,original
f288e1f0-a39e-41d9-ab28-ba48f636f415,bing,http://philipschwarzphotography.files.wordpress.com/2011/05/ostrich-fern-unfolding-11-5-_2673.jpg,Is that a bug or a plant? | Dose that plant eat fly's? | What is this unique looking plant? | Do you know if that is a fern opening up? | What kind of plant is this?,original
40f14c6a-239e-4d53-98bc-f88ce6a0bd12,bing,http://kasalandscaping.com/Residential_Landscaping.JPG,How much water does it take to maintain this yard? | What type of flowers are those? | Was the grass recently mowed? | Who planted the flowers? | Is that your house?,original
0efcf296-aaa0-4e89-b74f-415b6d29d7c0,bing,http://www.pulsarwallpapers.com/data/media/822/Candle_Fire_Flame-Other.jpg,How hot dose that flame burn? | How long has the candle been burning? | Why is the wick bent? | Is this a match or a piece of twine? | How fast does the wick burn out?,original
4a85451b-9bfa-458d-8cc2-647c5eb8b363,bing,https://static-secure.guim.co.uk/sys-images/Guardian/Pix/pictures/2014/4/29/1398775649956/Wage-slips-014.jpg,How much did you take home? | Is this your tax return? | What is the specific type of document shown here? | Do you feel this is enough income to live comfortably? | Whose data sheet is that?,original
acb1b819-80e6-4b9c-b09f-a82160974064,bing,http://blotpaper.files.wordpress.com/2011/02/auto-roadshow-2-success-truck.jpg,Are they preparing for an event? | Does the truck extend out? | What is the stage for? | What is being loaded onto the truck? | What building is this?,original
4ae99350-7a38-4a00-9756-3ede16eff15c,bing,http://2.bp.blogspot.com/_lq1pXiGBdP8/TOxDp84HFVI/AAAAAAAAAIk/psDM6Df9lyE/s1600/negotiating.jpg,Who are they? | What are they arguing about? | Why are they mad at eachother? | What are they arguing about? | Why are these people so mad at each other?,original
0e3f186c-26c9-4854-ac15-19a304686517,bing,http://www.nrcan.gc.ca/sites/www.nrcan.gc.ca/files/images/earth-sciences/cecil_lake.jpg,How long will it take them to move the dirt and fix that road? | Did this landslide happen recently? | Is that a most spectacular picture of a landslide? | What caused that landslide? | Was anyone hurt during this mudslide?,original
b948af18-1a89-4b8e-bbdf-0f209c38f4a7,bing,https://dipikas92.files.wordpress.com/2014/02/milestone.jpg,What country is this sign in? | What country is this in? | What does this sign represent? | What does this sign say? | What is this marker indicating?,original
a444b0a4-6f79-45cf-9f31-6328b526640f,bing,http://media-cache-ec0.pinimg.com/736x/01/54/e5/0154e5b22f67a3a4e5d323b91735f883.jpg,Do these beverages come as part of a set? | How old is the wine? | Are all those bottles wine? | How much does this set of bottle cost? | How does it taste?,original
a95824bb-46b9-4fd0-b33c-45e964f0a082,bing,http://4.bp.blogspot.com/_C-zXzp9Odak/TG1ui-iRhVI/AAAAAAAADME/00ZzJUbP6r4/s1600/shipping+container+Costa+Rica.jpg,"How many containers can the ship carry? | What is being delivered on this ship"" | What is the ship carrying? | Will a large wave knock over the cargo? | How many shipments a year does this ship make?",original
b8cdb5f9-37e4-4f15-a001-2098289ec149,bing,http://cdn.sheknows.com/articles/2014/06/woman-squatting.jpg,Why is this woman smiling? | Why is she so happy? | What is she being photographed for? | What do you think she's smiling about? | Is she in a commercial?,original
359f0ba0-0059-4f0a-a674-f08a7e8244a0,bing,http://www.bmwblog.com/wp-content/uploads/2013-bmw-5-series-facelift-34.jpg,How well does this car run? | How expensive is that car? | How fast can this car go? | What model BMW is that? | Do you know where that license plate is from?,original
82ec73ba-1aec-445d-a52c-ebd47efc2e9d,bing,http://lifesavour.files.wordpress.com/2011/07/img_0121.jpg?w=908,Do people actually take advantage of the chairs? | Is this deck over a marsh? | What city is this area located at? | What city is that in? | We're there any other places to walk and sit?,original
1e76ac63-e210-4444-816a-a36931881e53,bing,http://swissflowersgifts.files.wordpress.com/2011/02/triangle-arrangement_anthurium.jpg,Is this a Mother's Day boquet? | What type of flower is this? | Who received these flowers? | Does this floral arrangement look real to you? | What kind of flowers are those?,original
80ddfb64-2813-4058-83d8-fcf59f6cec15,bing,http://3.bp.blogspot.com/_TZS-TBjLKdA/TFJSakBY4aI/AAAAAAAAEgY/3e8uRkM3Pn4/s1600/All-American+Boys+Chorus2.JPG,Who is the choir director? | What group is singing? | What choir is that? | How long have they been singing together? | What is this choir singing?,original
04ae0502-8054-4dad-a8d0-d2b9198623cb,bing,http://farm4.staticflickr.com/3464/3972618926_f33ca54e68_z.jpg,What are they rebuilding? | What are they building a framework for? | What are they building? | What caused the fire? | Did the house burn in a fire?,original
8c39a962-331d-4c3b-9e6c-2716ddc5ba20,bing,http://3.bp.blogspot.com/-V1LLnfe3uGg/Tg4YGDdFVwI/AAAAAAAARcM/SskDScX-5Rg/s1600/Orange+Translucent+bearded+dragon+Laying+eggs.JPG,What kind of animal is that? | What kind of reptile is that? | What kind of animal is that? | What kind of animal is that? | What kind of animal is that?,original
f75a2f1c-516c-4013-94cd-68060c2b5bed,bing,http://3.bp.blogspot.com/-uQETfcHoDOE/UMtPYUgibxI/AAAAAAAADnw/po1Kqh7DlDs/s1600/Johnnie+Walker+Black+Label.jpg,Is this a popular whiskey brand? | Is this high quality whiskey? | Is this expensive? | How much does a bottle of this alcohol cost? | How much does this bottle of liquor cost?,original
50c6b8b3-148c-4272-baf7-7a0c44f85c33,bing,https://tinylessonsblog.files.wordpress.com/2013/07/approaching-storm-on-the-beach-ed.jpg,Is this the coast of an exotic island? | Was this a hurricane? | Where is this beach? | What beach is that? | Isn't that impending storm exciting?,original
ecad4da1-70f6-436a-acce-1ea7d8a97775,bing,http://2.bp.blogspot.com/-PmCQw5_1ivw/T0s33WhNVsI/AAAAAAAAAnY/deiRqYY_Xuw/s1600/Blessed+Sacrament.jpg,What was this trophy for? | Is that an award for something? | What is the significance of the golden replica? | What kind of decoration is this? | What is this piece of artifact made out of?,original
d8e62b38-df18-4e75-bf08-d0e5a8e1c808,bing,http://fc06.deviantart.net/fs70/f/2014/030/1/b/jintai__humanity_has_declined_by_whiskeypeak-d63edlt.jpg,What are those yellow flowers?? | What is her name? | Is she wearing a wig? | What type of hairstyle does the woman have? | Is she wearing a wig?,original
6f8d8ca2-0a42-49c8-b2d9-338859933a68,bing,http://2.bp.blogspot.com/_5XS11b4bK8Q/S79XLd_TnRI/AAAAAAAAAak/FSPiWIaf78w/s1600/family+dollar+receipt2.JPG,Does this make you think of Mturking? | How did they get all of these items for free? | How do people save so much with coupons? | What store is this receipt from? | What store is the receipt from?,original
1f094676-b5cc-4c11-b391-1af040918959,bing,http://1350kman.com/wp-content/uploads/2012/03/stock-grass-fire.jpg,Is this fire contained? | How long did this forest fire burn for? | Where is this fire burning? | what started the fire? | Did they manage to put out that fire?,original
084de3c6-df68-41d8-b7b6-51de497102dc,bing,http://static5.businessinsider.com/image/51e2c42969bedd8b05000003/hollywood-is-shocked-over-tragic-death-of-glee-actor-cory-monteith.jpg,Is he surprised? | What is the name of this actor? | Is this a famous actor? | Is that a famous man? | Is he one of your favorite celebrities?,original
7789bb2b-6f4c-41d0-a56e-a7b67da3e21c,bing,http://static4.businessinsider.com/image/51647552ecad049e45000007/lumber-prices-have-plunged-in-the-last-two-months.jpg,How high did he climb? | Why is this man climbing a tree? | Is he in a tree cutting competition? | Why has he climbed the pole? | Where was this taken?,original
917b8786-dede-4d62-a585-e7346f8519ee,bing,https://dimo.com/wp-content/uploads/inflight_refueling.jpg,Have you ridden in a helicopter? | Why are there ropes hanging from the plane? | What are the ropes used for? | Was the refueling successful? | How long does it take for them to refuel?,original
76a4751c-9e3e-4c55-adfa-accb2dce6792,bing,http://media.npr.org/assets/img/2012/08/20/slow-f7c667bbe3c1b9c54cf5061ade96c6799cef281b-s6-c30.jpg,How slow does the turtle travel? | How fast does the turtle crawl? | Do you love turtles? | How long does it take a tortoise to cross the road? | Where is the turtle going?,original
25a5e206-9449-4f72-b32f-2c77c96d4d2b,bing,http://nenaghsilentfilmfestival.files.wordpress.com/2013/09/beauty-tramp-charlie-chaplin-12691665-1600-1242.jpg,What movie is this image from? | Do you know the woman that Charlie Chaplin is talking to? | Is she happy after she receives the rose? | Is that Charlie Chaplin? | Is this a movie scene?,original
b1dc4f62-05f6-433d-a70a-a7131905b0b9,bing,http://eyesfordesigns.files.wordpress.com/2011/09/master-bedroom-2a.jpg,Who is the decorator? | Who painted that picture? | Whose room is that? | Is the mattress comfortable? | How did you decide on amethyst purple as the color for this room?,original
4c4a126e-fb4b-4472-b4d6-6019cdb2594a,bing,http://a.espncdn.com/photo/2015/0104/nfl_playoffs_rd1_07.jpg,Does the touchdown count? | Who won the football game? | Who won the football game? | Did he score the touchdown? | Are they fighting or is it a normal tackle?,original
765b320d-5ae8-4fda-b4ad-ed911e6e099b,bing,http://media.merchantcircle.com/20855017/Rockenfield%20water%20feature_full.jpeg,Where is this park located? | Are their fish in the pond? | Where is this located? | Is this part of a private property? | How long did it take to make that garden?,original
abb3cbbb-b1d0-4815-92fb-5f220db6584e,bing,http://farm4.staticflickr.com/3522/4033252210_bfcde69d4d_z.jpg,What style of dance is this? | Which dance troupe do they belong to? | What event are these dancers dancing at? | What song are the dancing to? | What kind of dancing is this?,original
bf332577-7acd-4f92-bfae-b90947343068,bing,http://urbanvelo.org/wordpress/wp-content/uploads/2013/02/breaking_away_nahbs_2013_0161.jpg,What brand is this bike? | What type of bicycle is this? | Whose bicycle is that? | Is this bike fast? | Is that bike seat comfortable enough for a long ride?,original
5f7a4d0f-93a6-4aab-83b8-1106fb4ca860,bing,http://images5.fanpop.com/image/photos/28400000/ComicCon-2011-Game-Of-Thrones-lena-headey-28453266-1200-800.jpg,What event were these actors a part of? | What is this the cast of? | Are they a cast of a play? | What are those peoples names? | Are they a cast of a production?,original
752b9ea7-71e8-463e-a413-08572a934617,bing,http://thetravellady.files.wordpress.com/2013/05/bug.jpg,What kind of bug is that? | What dose that bug eat? | What kind of bug is that? | What kind of bug is this? | What kind of bug is that?,original
4ba31fe7-04cb-481c-8478-a15da72c5c04,bing,http://wtop.com/wp-content/uploads/2015/07/PETE-2.jpg,What town is this are located in? | Was the entire house destroyed inside the house? | Where are the fire trucks? | Why are there ladders going into the windows? | Did they have a fire?,original
1480da17-8f27-4949-9213-b611b823afc2,bing,http://urbanwane.files.wordpress.com/2011/05/abandoned1.jpg,Does someone still live here? | Whose home was that? | What happened to the porch? | Is the house condemned? | How old is this house?,original
6e2d8bd5-631a-4930-807a-2f0c870585f5,bing,http://4.bp.blogspot.com/-iMXXxisBZl8/UY2EqrCFe5I/AAAAAAAAEOU/ent7Lz4JRyI/s1600/How+to+deal+with+gambling+addiction.jpg,Do you gamble? | What game did you play? | Was this money won or lost by gambling? | Did someone win the $80? | Is this a stock photo?,original
55245e77-5efb-418a-b6cf-ff9ea217fee0,bing,http://thedebateinitiative.files.wordpress.com/2013/03/feminism.jpg,Was everyone given a bottle of water before speaking? | What were they talking about? | Do they have opposing views? | What was this conference about? | Who is the lady with the scarf on?,original
09327460-5de5-4d0f-b8bb-099975241f80,bing,http://4.bp.blogspot.com/-f_too8TaC_w/UDYzcr7Pu6I/AAAAAAAAEdA/xGM_yHYCUMs/s1600/humming+birds+pics+(11).jpg,What species of hummingbird is this? | How fast is that hummingbird? | What does this hummingbird eat? | What kind of bird is that? | What type of hummingbird is that?,original
52138bb6-02d7-44b3-9bc5-e2cd2d6b03fb,bing,http://planetbluesphere.files.wordpress.com/2013/02/kasauli-approached.jpg,How long has the fog been rolling in? | Is the haze in the air fog or smoke? | Is it always this foggy? | Why is there so much fog? | Are there many tourists in town?,original
8669681d-163e-44a6-8ecf-c9305163c82d,bing,http://babaassociates.files.wordpress.com/2009/12/flat-3-sitting-room.jpg,How do you feel about the pattern on the curtains? | Should the curtains ever match the couch? | Who lives here? | How old is the house that room in the photo is locate in? | How old were the people who picked out the furniture?,original
88636c7c-1b9b-4a0e-8adc-d2b33c9eb262,bing,http://4.bp.blogspot.com/_TlQTKubyZqI/SxQmul33oWI/AAAAAAAAAv8/sJ2jfobUQFM/s1600/sinking+boat+2.jpg,What kind of boat is that? | What caused the boat to sink? | How do you salvage a boat full of water? | Why did the boat sink? | What caused the boat to sink?,original
5b54d20f-e15d-438e-b83b-9c1e3af7e33c,bing,http://bulk-share.slickpic.com/album/share/YxMxOU5I5MOcDD/7026255.0/1200/p/Long_Haul_4.jpg,What kind of semi are those? | Did you drive one of these big rigs? | What truck stop was this taken at? | Why is the other truck larger? | How much would one of those trucks cost?,original
b2a5a015-5507-4fca-92ec-a2ff9414b4a7,bing,http://3.bp.blogspot.com/-emC_Pi1lHME/T3ZI6CJwGTI/AAAAAAAAAJU/zCGgdc-X1xQ/s1600/DSC02522.jpg,What type of makeup brush is this? | What are the bristles of that brush made of? | What is this brush used for? | Is this brush used for makeup? | What is that brush used for?,original
9c69cce2-f0c9-4694-a3fb-84b2a3e55572,bing,http://4.bp.blogspot.com/-DsRB6cv41n8/T1-R6-RzuVI/AAAAAAAAEY8/zWx-chJIgS0/s1600/James+Corner+Field+Operations+.+Diller+Scofidio+%252B+Renfro+.+High+Line+at+the+Rail+Yards+.+New+York+%252810%2529.jpg,What type of flowers are those? | What kind of view are those people looking at? | What kind of flowers are those? | Did the walk way go around into a complete circle? | Who built the walkway?,original
b7d216b7-db5e-4f5c-a65b-d845e3481b59,bing,http://woodgears.ca/shelves/shelf-b.jpg,Did you build that? | What will be stored here? | Did you just put those in? | What do you think will be stored on the shelves? | What are you going to store on those shelves?,original
c0d13888-cfb0-43d2-9898-f65ad627a2b0,bing,http://insideoutstudioa1.files.wordpress.com/2013/01/snow_2.jpg,Who wrote this message in the snow? | How long has it been snowing? | How many inches of snow fell during this snow storm? | How deep was the snow? | Who wrote in the snow?,original
8e6c0bbf-a559-4001-903e-e3340a44ff55,bing,http://mag.monchval.com/wp-content/uploads/2013/01/This-Means-War.jpg,What is this movie about? | Have you seen this movie? | Which of the tree made the most for appearing in this film? | What actors are playing in that film? | Did this movie get good box office?,original
79390e08-1e43-4ba1-804d-211043a292a7,bing,http://i.huffpost.com/gen/1427011/thumbs/o-PAY-CASH-facebook.jpg,What is that person being paid for? | What is the transaction for? | Why is he giving her money? | What is this a payment for? | Why is this monetary exchange occuring?,original
0e6f5298-c881-4d3d-a509-bfdf03eb1d11,bing,http://engineturning.files.wordpress.com/2011/10/wpid11-engine-turning-14.jpg,What does that machine do? | What does this machine do? | What can this machine be used for? | What is that machine making? | What does this wheel do?,original
7d2c2c00-ff64-4bf0-91e3-8d4f0528548b,bing,http://hotelpuertoviejocr.com/wp-content/uploads/2011/06/surfing-puerto-viejocr1.jpg,What ocean is this? | Is this place good for surfing? | What would surfers call this wave? | What beach was this at? | Do you surf?,original
0d31bd0d-8134-4d1a-9d34-ce11c7a1287d,bing,http://4.bp.blogspot.com/-X5uYKMpxb74/Tzss8cFznmI/AAAAAAAAAiI/Syp4isEymb0/s1600/replacing+garage+door+trim.jpg,Was this home newly remodeled? | What kind of paint brand was used for this wood? | Is there any damage to the door? | How long is that siding rated to last? | What material is the siding made of?,original
4c8976cd-50a4-423a-97ce-aee22e2a3e29,bing,http://fc03.deviantart.net/fs70/i/2012/142/f/4/shirking_by_42tba-d50o90v.jpg,Who drew this art on the side of the wall? | Was the penguin drawn on the side of a house? | Did you paint this penguin? | What is the penguin smoking? | Is the penguin supposed to be smoking a cigarette?,original
2eebfa10-710a-4ab8-ab39-1d878a352a4e,bing,http://blog.agentxray.com/wp-content/uploads/2009/07/dew.jpg,Isn't this company afraid mtn dew will sue them? | What type of beverage is this? | What foreign brand does this product represent? | What language is that in? | What brand is this soda?,original
6367bdcb-affd-42dc-9b08-6be3844be7c8,bing,http://3.bp.blogspot.com/-1zPRv-GOzd0/TcRAcYUsy-I/AAAAAAAAACE/ZtnjqrBz73E/s1600/bmw-tuning-at-2009-sema-show-img_1.jpg,What model is this car? | Is this a race car? | What kind of car is that? | What kind of car is this? | Are those decals or paint?,original
026db7ab-e153-4ea7-bcb4-297d8a2a0dba,bing,http://mengelkoch.asia/HTMLS/Kambodscha/SiemReap/data/images/weg_nach_siem_reap.jpg,Does the girl watch over the cattle? | Isn't the child afraid of the bull? | Is that the girl's bicycle? | Is that the girls bike? | Is that the little girls bike?,original
57b8fd8e-81b1-4b06-ac11-d071c0f47f21,bing,http://cosmicconvergence.org/wp-content/uploads/2012/05/Stock-Lightning-stock-17004503-1280-800.jpg,"Did that lightning destroy anything? | What night was this lightning storm? | Wow, were any people or buildings were the contact point for the main lightning branch? | How were you able to photograph the moment of a lightning strike? | Did that hit anything?",original
9dfb66b0-c21b-46ba-9989-e088dc757d3e,bing,http://images4.fanpop.com/image/photos/21700000/CUSTOM-CHOPPER-motorcycles-21731175-1024-768.jpg,Does anyone really thing flame decals look cool? | How much does this motorcycle cost? | Do you have a motorcycle license? | Is this a custom motorcycle? | What kind of motorcycle is that?,original
3b7bcf22-65e3-4ef0-b6d7-711c4a3e5f16,bing,http://2.bp.blogspot.com/-lhvF5s42qo8/UvmQ2WDx7hI/AAAAAAAACo8/70_Jh9hbLoo/s1600/movie_pic_001_084_elle_fanning_we_bought_a_zoo.png,Why is she so happy? | Is this from a movie or tv show? | Why is she smiling? | Why is she grinning? | What is she smiling at?,original
b96b55c5-6411-4b0c-ac0d-cf422af44954,bing,http://static3.businessinsider.com/image/536205e969beddd73b667748/report-att-has-approached-directv-about-possible-acquisition.jpg,When was this blimp flown? | What was on display on the blimp? | What is this blimp flying? | What's inside that blimp? | How does a blimp steer?,original
20c56684-5f05-449e-a524-b38265e46598,bing,http://images4.fanpop.com/image/photos/22200000/Spike-Season-6-Promos-spike-22268535-2069-2560.jpg,"How many films has this actor starred in? | Who is the man with the curly, blonde hair? | Who is this man? | Is he an actor? | Is this man a magician?",original
964f698f-d5a8-4ddc-92be-fc52ca50a649,bing,http://lifeasahuman.com/files/2011/08/shake-hands-concepts-3.jpg,How long have the two people shaking hands known each other? | What are they shaking on? | Are these two hands of females? | What type of deal did these peole make? | Why are they shaking hands?,original
c4cb9297-0002-46c6-920c-c2c375cd2cf0,bing,http://apod.nasa.gov/apod/image/0906/lrolaunch_nasa_big.jpg,What type of rocket is this? | Did you see the launch? | In what year was this rocket used in space? | Is this a rocket ship blasting off? | What was the outcome of this launch?,original
ad385086-64dd-42aa-b0a1-2dcc5e16ffff,bing,http://malayoganycblog.files.wordpress.com/2013/01/supportedfish_christina.jpg,How long has she been lying like that? | Is this a weird yoga pose? | What kind of exercise is she doing? | Is she doing yoga or being kidnapped? | What kind of exercise is she doing?,original
86b8ba96-9ec6-4ada-ad22-6e48deeaf4d4,bing,http://amturing.acm.org/images/hamming-7.jpg,What kind of math or science are these men working on? | Are these men teachers? | Are these people famous? | Did these professors attend the same college? | What are these men discussing?,original
19858741-f93a-496a-90fc-21a63ddc4adf,bing,http://2.bp.blogspot.com/-OQy-T5_Vqxw/T82sURJqJNI/AAAAAAAABC0/BG7bLzCyqvg/s1600/fair_wheel.jpg,Where was this fair? | How much did the food at the fair cost? | What city is this fair being held in? | What is the cost of a ticket to this carnival? | What are the ingredients of a funnel cake?,original
2e3568f4-47ae-417d-8e7a-ba1672986e5f,bing,http://3.bp.blogspot.com/-WHJ7i1JmpDc/Tn9mEBMgQkI/AAAAAAAAAR8/Wdd3GeYeW8E/s1600/Black-backed+Jackal+%2528Canis+mesomelas%2529.JPG,What does this animal primarily hunt? | What kind of animal is this dog-like creature? | How old is this canine? | Is this creature called a dingo? | Is that animal related to the coyote?,original
e558a3db-346e-4450-a237-39263570326b,bing,http://sottoosservazione.files.wordpress.com/2012/11/images502.jpg,Was this photo taken on a movie set? | What brand of cigarette is she smoking? | What movie are they acting in? | Are they in a play together? | Are these famous actors?,original
8d35a642-19b2-4cb3-9c94-fd940bf15e6d,bing,http://2.bp.blogspot.com/_XkEHXk-dJyg/TKnX1NY_yQI/AAAAAAAAAWQ/VIPlDx55o-0/s1600/pulled+pork+022blog.jpg,What type of meat is this? | What is the name given to this specific sandwich?q | What kind of shredded meat is that? | Is that pork or beef? | What type of bread is that?,original
9433e586-41bb-4265-8b94-2b136b93949b,bing,http://datastore05.rediff.com/h1500-w1500/thumb/4F6259655A5464655B656B586A636B716D72/62ugu46qdup5blpn.D.0.Padmini-Kolhapure-with-husband-Producer-Tutu-Sharma-at-film-MAI-Premiere-at-Cinemax-in-Mumbai.jpg,Is that a coat rack in the background? | Were they out on a date? | What is the relevance of the couple in the picture? | Are these TV presenters? | Who are those people?,original
304138ef-70cc-4cb8-8ea1-14b293de7153,bing,http://3.bp.blogspot.com/_cW_pN7wygQs/TMxf9c8kQ4I/AAAAAAAAEIg/fB_8H-De9Hk/s1600/DSC09494.JPG,What kind of food is that? | Are those fried zucchini or eggplants? | Is that fried eggplant? | Did this eggplant taste good? | How was this food cooked?,original
909031ac-af63-412e-90c2-9b9f70e72893,bing,http://static5.businessinsider.com/image/50f7630169beddf25b00000c/why-defense-stocks-soared-through-the-sequester.jpg,Is this a new plan from the US army? | Is this jet capable of dropping bombs? | Does the pilot perform tricks? | Why does the jet's fuel trail look wet here? | What military base is this?,original
d61fd510-165c-4d11-bb74-aa5de6982c65,bing,http://4.bp.blogspot.com/_yu_YI0MLl9E/TCst-kPgNKI/AAAAAAAADR8/rYqRg1HKg8w/s1600/moving-house.jpg,Who was moving? | What moving service was used here? | Where are they moving to? | Are those people moving in or out? | Are they moving into the house?,original
0e93fd64-23c0-4051-8f7e-4927c346c529,bing,http://ebmato.files.wordpress.com/2008/11/ej-programs135.jpg,What event was that program for? | Do they think many people will show up? | What event was that for? | Who's getting married? | Who designed the cards?,original
b884acd1-dfe0-4eb4-8b76-8a30659e6f76,bing,http://3.bp.blogspot.com/-BT_LT5S9OGI/TodMkKXzIUI/AAAAAAAABcU/-jwCmIcbLD8/s1600/sf_traffic_0930.jpg,Is there traffic like this often? | Is traffic usually that bad? | What caused the traffic jam? | What caused the traffic jam? | Is this during rush hour?,original
1bfe6fb9-f519-4b25-bab0-b4882c2eb935,bing,http://all-that-is-interesting.com/wordpress/wp-content/uploads/2013/09/wedding-tradition-blackening.jpg,Why is she poring stuff on those men? | What kind of hazing ritual is this? | What is being poured on these two people? | Why is she pouring that on them? | Was she doing this on a dare?,original
051a80e7-7671-477a-97cb-6d140a7227a4,bing,http://powet.tv/powetblog/wp-content/uploads/2006/08/barricade.jpg,What kind of car is that police car? | What city has police cars that are that fancy? | Is this car one that the police kept from asset forfeitures? | How fast dose that car go? | What kind of car is this police vehicle?,original
848e7d0f-227b-40c2-b1aa-4d098fbd0e89,bing,http://st.depositphotos.com/1822041/1996/i/950/depositphotos_19961149-Extended-Family.jpg,Is this all one family? | Who brought the watermelon? | Are they all brothers and sisters? | What country is this in? | What country is this?,original
80325fae-2310-48a9-a8b4-76ba882399ad,bing,http://2.bp.blogspot.com/--w82llw8yOY/T3ZOIGFQTKI/AAAAAAAAAJk/lOu8YN5GP4o/s1600/realtechniquespowderbrush2.JPG,Does this brush offer advantages over others? | Is this a brush for makeup? | Is this a new brush? | How expensive is that brush? | What is the brush used for?,original
30d54c66-2c39-4f5c-a1df-0f61d8c5e6f6,bing,http://faithathomeministries.org/wp-content/uploads/2012/04/1132989_14746775.jpg,Where was this taken? | Who are the people attending this bonfire? | What is the occasion that is causing these people to gather around this fire? | What are they gathered for? | Why are these people gathered around this fire?,original
acb14e45-bb55-4a7d-9519-5bf4635b1fcb,bing,http://4.bp.blogspot.com/-bF1L9jLXGkc/UTDQSiFNPwI/AAAAAAAAAcY/Xd2O6ZkZVfk/s1600/Spring.jpg,What kind of birds are those? | What kind of bird is that? | What species of birds are those? | What type of birds are these? | What kind of birds are they?,original
36e0ee1b-3ffe-42ca-ab35-70f2bd57c2d8,bing,http://bryancmontgomery.files.wordpress.com/2010/10/2009worldseries.jpg,How crazy did the fans get after the victory? | Who were they playing against? | Did these guys just win an important game? | Who did they win against? | Are these men celebrating winning a championship game?,original
454d4e99-fdf4-472f-9d81-30546b160c0d,bing,http://images.wisegeek.com/receipt.jpg,What language is this receipt in? | What does zu zahlen mean? | What is that a receipt of? | What language is the receipt in? | What kind of food did they serve?,original
2758dd4f-b79a-447d-916b-ba1935516f45,bing,http://2.bp.blogspot.com/-pdYTEO1IoPA/Ty7OikOHblI/AAAAAAAABS8/wyuBqwe4VNE/s1600/helpinghand.jpg,Why is one hand reaching out to the other? | Are they trying to touch fingers? | Do you think this is a beautiful picture? | How far apart are they? | Who's hands are those?,original
7674c476-3ce4-414b-a071-70e535c700eb,bing,http://news.bbc.co.uk/media/images/46448000/jpg/_46448070_ponting_stumped766.jpg,What country does the player in the purple uniform represent? | What game are they playing? | How long dose it take to lean the rules of that sport? | What game are these guys playing? | Are they playing cricket?,original
ca896842-513b-4de0-acdf-038cd04e4584,bing,http://deuelfamily.files.wordpress.com/2012/10/pealing-apple1.jpg,Is it really safe to let a child use that? | What are you going to do with these apples? | How many apples is this kid going to peel? | Was the apple tasty? | IS the apple peeler easy for children to use?,original
911d712c-ed82-4cb1-91f1-66bb06b1c3a6,bing,http://4.bp.blogspot.com/-J8uvr7YiZLw/UzHSJQaK4PI/AAAAAAAEH18/4Fv-aAtKd0Q/s1600/prom_proposals_14.jpg,Why did he ask her to the prom using a banner? | How long had they known each other? | What high school do these people attend? | How long have these two people known each other? | Who are they?,original
3a30a32e-a156-45f4-8c93-b4e562ef431c,bing,https://04varvara.files.wordpress.com/2014/06/00-russian-feast-06-06-14.jpg?w=800&h=600,What is all of that food for? | How many people will be eating this feast? | Why is there so much food? | How any people came for that feast? | Why is all the food laid out?,original
5508c2b3-46fc-41e1-9005-381c0d5b0cf4,bing,http://static.guim.co.uk/sys-images/Guardian/Pix/pictures/2014/5/27/1401207634122/1fdbd1f4-aeaf-4c2c-88c4-e00a646ace43-2060x1236.jpeg,What do those pills do? | What illness do these pills treat? | What kind of medicine is the Lilly pill? | What is this drug for? | What kind of pills are these?,original
60db56d8-1182-45f2-add5-1961eda1c3a0,bing,http://www.home-designing.com/wp-content/uploads/2009/02/classic_room_by_5tarfish.jpg,What is the primary purpose of this room? | What kind of room is this? | Who designed the living room? | Is this your living room? | Is this room located in a mansion?,original
3f3c646a-d695-4df9-b9c3-53ea90af7945,bing,http://gaetanpelletier.files.wordpress.com/2012/03/erosion.jpg,Why are there cracks in the land? | What caused those cracks? | What causes that? | What causes those holes? | Did an earthquake happen?,original
9fcdeb22-c260-4af5-aedb-ab1d6a5f58f8,bing,https://lwplibrary.files.wordpress.com/2015/01/jam-session-jan27-05.jpg,What song are they playing? | What kind of music are they playing? | Who are they performing for? | What song are they playing? | What sing was he singing?,original
ed4d0288-b737-4713-a95a-90cfbe64a651,bing,http://3.bp.blogspot.com/-cg8WTIs2Cdo/UB7T89npjII/AAAAAAAAEHs/1vD6jv-HPrg/s1600/diaadia.jpg,Is that someone famous? | Is this woman a famous model? | Why are they being photographed? | Who is she? | Is this the same woman in all three pictures?,original
22b207ad-5ff9-45f0-954f-726a737b239d,bing,http://static.wixstatic.com/media/6a5bf0_bdb28f81042420045524f26045d57765.jpg_srz_1619_786_85_22_0.50_1.20_0.00_jpg_srz,What is the name of this golfing event? | Who won? | Are any famous golf players in this event? | Did someone just make a hole in one? | Was the audience quiet?,original
48c64e55-a8b6-4976-b3c6-a0059541e902,bing,http://3.bp.blogspot.com/_8TxfHM0Bo0I/TDf_xexo9XI/AAAAAAAAAAw/k1ht3G6ONSk/s1600/RICE+PLANT.jpg,Was there a feild of grain? | Is this field a part of a large farm? | How close to harvest is the wheat? | What kind of plant is that? | What kind of crop is that/,original
24210a50-407b-4ffa-ad6a-89145aa21cea,bing,http://www.magazine-auto.fr/wp/wp-content/uploads/2013/07/Paris-Peripherique-1024x709.jpg,"What interstate is that? | Why is the traffic so bad? | How long do you think it would take to drive a mile in this traffic? | What caused the traffic jam? | Is that rush hour in the morning, or the afternoon?",original
43b3c651-5f43-4142-b56c-137019d3fedb,bing,http://www.evolo.us/wp-content/uploads/2012/10/prechteck_floralgate_00.jpg,Who designed this awesome structure? | Was this made as an art piece? | What kind of building is that? | What landmark is this? | What city is this sculpture in?,original
1783c76a-0155-49b4-9f19-75c19502cdbf,bing,http://images6.fanpop.com/image/photos/33000000/Death-Becomes-Her-death-becomes-her-33021045-2549-1897.jpg,What movie is this from? | What movie is this from? | Did you ever watch this movie with Bruce Willis and it? | How many minutes is this film? | How old was Bruce Willis in this movie?,original
9ec28d45-c9ba-4295-bd2c-339ab7fc7ad4,bing,http://bretcontreras.com/wp-content/uploads/bench-press2-1024x682.jpg,How much can he bench press? | How long has this man been lifting weights? | How much can the man lift? | How much weight is he benching? | How much can this man bench press?,original
2a09b8ba-2a6f-4ab2-b9e0-8533ff721f0b,bing,http://www.gmmorando.it/ENG/v3_LightBox/data/images/Close%20off%20veranda.jpg,How can you tell real rattan from fake? | Is this a patio? | Is this a house or a hotel? | How often do you use that area? | Is this at a hotel or resort?,original
80f0d1ea-bd60-4d0d-a359-a1d7199ead92,bing,http://psychclassics.yorku.ca/Pavlov/fig4-5.gif,When were these photos taken? | How old are those pictures? | What is he sitting at? | How old is this photograph? | What was that machine used for?,original
c50f672e-fe2f-415f-bd9e-9f6ac489e739,bing,http://3.bp.blogspot.com/-M6VOBqGxDHk/TpOEHZV8RGI/AAAAAAAAAJM/JS_ULckWcVw/s1600/DSCF3194.jpg,Is that a chicken farm? | Do the roosters ever fight each other? | What is the sex of the chicken in front? | How many chickens do you have? | Are these free range chickens?,original
33bef09b-f1c9-496c-9684-b2683065a731,bing,http://www.centregrandlarge.com/wp-content/uploads/2013/06/pressing1.jpg,Where is this store located at in the mal? | Is that your business? | Does this business also do dry cleaning? | Who owns the store? | What types of services does this company offer?,original
056b880f-3ad7-4235-a8ac-79238242e04f,bing,http://3.bp.blogspot.com/-euRON8xc0gQ/UvmQ32pZ3PI/AAAAAAAACpg/1_AcI6uU2Tg/s1600/movie_pic_001_093_elle_fanning_we_bought_a_zoo.png,Why does this girl look sad? | Why does she look kind of sad? | Why does she look upset? | What dose she think about to make sher self cry? | Why does she look sad?,original
473ac3a4-5495-4e3c-9089-7a623cb200b2,bing,http://www.achieveservices.org/wp-content/uploads/2013/06/Magnets-1.jpg,How do you make these glass trinkets? | Did you collect those buttons? | What are they for? | What kind of pebbles are those? | Who collects these?,original
262a636d-aed6-40ae-a88f-fcd79c205617,bing,http://mlblogsphilliesphollowers.files.wordpress.com/2011/04/04011120pitching1.jpg,were these pitchers pitching in the same game? | Who has the best form? | What do you call this pitching stance? | Who was the best pitcher? | Is this a professional game?,original
fbb38189-140a-4879-8fed-fe920128bc0e,bing,http://www.topinspired.com/wp-content/uploads/2013/12/Expected-To-Pop.jpg,Are they married? | Is this couple a lot of fun? | How long has this couple been together for? | How far along does she look? | Do they know if it's a boy or girl?,original
428b6660-9c87-48c4-bc66-0d24ce6e4040,bing,http://4.bp.blogspot.com/_Hv00QTYckz0/TS6M7qwd6VI/AAAAAAAAAok/hOmheK026u8/s1600/helping-hands-1024x785.jpg,How many hands belong to female? | What are these people doing with their hands? | Is that a child's hand on the midlle left? | Are all these individuals related? | Whose hands are those?,original
3c61697f-2fce-45f1-8513-7195df462802,bing,http://rcbuildfly.weebly.com/uploads/1/0/5/3/10534852/9002454_orig.jpg,How well did those planes fly? | Did the kids make these? | Do these toy planes fly? | Did the kids build those planes? | Are they going to race the planes?,original
10854238-9393-4a96-9ba1-52949db46fdc,bing,http://images6.fanpop.com/image/photos/36900000/BTS-pictures-from-their-practice-session-bts-36909227-1000-562.jpg,Are the guys Korean? | Are they getting ready for a play or are they a boy band? | What song are these guys performing to? | Are they some sort of singing group? | Are these guys in a boy band together?,original
771b5ab8-40a4-4e72-8c3c-4b5e5a6c7ef7,bing,http://basictrainingacademy.files.wordpress.com/2012/09/bench-press-with-back-arch.jpg,How much can she bench press? | What is her max bench press? | Is the man in green a personal trainer? | How much weight can this woman lift? | How heavy is that barbell?,original
9195f633-82f0-4a74-b879-5ae0df468cab,bing,http://farm1.staticflickr.com/47/134303284_61508cf767_b.jpg,How long was the race? | Is this the Tour de France? | Who wins the race? | Did the guy in the front win the race? | How long is this bicycle race?,original
7b646b9b-6595-4549-b6a6-ef5832f1ec84,bing,http://thenextweb.com/wp-content/blogs.dir/1/files/2013/06/20130604-Fueled-5309-2571738703-O.jpg,Is that your work? | Whst company is this? | Is that the conference table? | Where is this meeting table located? | Is this where the advertizing team brainstorms?,original
3fdf0943-5b5d-4550-ac0d-8c3e83a4de99,bing,http://th09.deviantart.net/fs70/PRE/f/2013/161/3/0/passed_out_in_ruins_by_lakehurst_images-d68jypi.jpg,Why is she laying on the ground? | Why is this woman laying on the ground? | Is the woman just playing dead? | Why is she laying on the ground? | Did she end up making it?,original
3e3e061f-5cbc-4edf-9539-7e44fbeb0c76,bing,http://s0.geograph.org.uk/geophotos/02/24/20/2242069_1fd73d8b.jpg,What city is this? | Do they have a gardner? | What is the name of the pub? | What part of the world is this building located?,original
591b1c3c-aaf6-45a7-a430-46a212457ece,bing,http://blog.machinefinder.com/wp-content/uploads/2010/03/John-Deere-830-tractor-pull.jpg,Is this an annual event? | Who is driving the tractor? | Is that your tractor? | What is that piece of machinery used for? | Was this on the Fourth of July?,original
f4bd63f0-f364-4a16-8ea7-e4451060e83d,bing,http://2.bp.blogspot.com/-2foJu82fCrk/TVagmXNKeRI/AAAAAAAAABQ/CcAnitIFUMg/s1600/turned+hat.jpg,Is this a cowboy hat carved out of wood? | Is this hat made of cedar? | Why is that hat made out of wood? | How much does this wooden cowboy hat cost?,original
7f82afa4-d3f4-42d7-80b1-12bc031d5514,bing,http://media-cache-ec0.pinimg.com/736x/e1/0a/19/e10a19bdff6b3c6d44c2e2641526bab3.jpg,Is this a race or a practice? | What do you call that type of horse race? | What kind of situation is this? | How does that horse feel? | Who is that behind the horse?,original
4cdc1155-3294-4b29-b3d8-afc947ac6f1e,bing,http://2.bp.blogspot.com/-ZCkEX-Zm2HY/TvEgGNeLgRI/AAAAAAAABYg/tQWMxjfvk0E/s1600/helping-hands.jpg,Why were they reaching out with their hands? | Are those kids hands? | What are the people celebrating? | Who's hands are those? | Are these the hands of your family members?,original
8060e50f-5aad-453f-a678-782efd38e85a,bing,http://www.sott.net/image/image/s6/126778/full/treasure_discovery_1.jpg,What is that used for? | Is this a piece of ancient art? | What is this artifact composed of? | Are those items from an archeological dig? | What are these artifacts?,original
8ebb1d71-c962-4747-98f2-c089e746c7a8,bing,http://sweetsummersparadise.files.wordpress.com/2009/11/fifth-avenue.jpg,Are the streets always so deserted at night in this city? | Is this a celebration? | Which city is this? | Is that NYC? | Is that a ghost in the picture?,original
17699cf5-0eaf-4878-9908-189fb217a5b3,bing,http://birdsontelly.files.wordpress.com/2014/04/antiques-roadshow.jpg,Why is there a human with a bird head? | Why does he look like a bird? | Why does that man have a bird's head? | Why is head shaped like a bird? | Was this photo edited to put a birds head on the individual?,original
44506943-73f9-4b4d-ba8a-daf94af0c87a,bing,http://thevanguardoffashiondotcom.files.wordpress.com/2014/08/freshly-picked.png,What designer makes these shoes? | Are those real shoes? | Who made those shoes? | Are those your baby's shoes? | What brand of shoes are these?,original
489a6eb3-59f6-4c42-8db2-250f66efec11,bing,http://www.sterlingplastics.co.za/data/uploads/images-general/centrifugal_water_pump.jpg,What is the purpose of the two discs with red centers? | What kind of machine is that? | What type of apparatus is that? | How much does this pump cost? | How old is this machine?,original
8b491781-417d-40c9-8722-06562e5b3562,bing,http://kathdedon.files.wordpress.com/2010/11/img_1839.jpg,Is that pie pumpkin or sweet potato? | Is that a pumpkin pie? | What kind of pie is that? | What type of pie is this? | What kind of pie is that?,original
343297f0-e66a-4fcf-8509-b1c9157033dc,bing,http://4.bp.blogspot.com/_46Hbr4qMeTM/TQxXyHX5aYI/AAAAAAAAJHw/oLPOCMqSIMQ/s1600/looking%2Bfor%2Bsomething%2Blittle%2Bboy.jpg,Who gave that child a telescope? | What is the child looking at through the telescope? | How far does the telescope see? | Do you have any idea what he might be looking at? | How old is this child?,original
aa50d924-41fa-4c28-a7c6-4f8bceb267c7,bing,http://static01.nyt.com/images/2015/07/15/world/15Iran-blog1/15Iran-blog1-facebookJumbo.jpg,What was he speaking about? | What was the major point of his speech? | What speech is he making? | Did he make any good points? | What is he talking about?,original
91b7de1b-7244-462d-80d5-352eeb7cb268,bing,http://www.holidaycheck.at/data/urlaubsbilder/images/33/1155902857.jpg,What do you think the water temp is? | what country is that waterfall in? | Where is this waterfall? | Is this located in a rainforest?,original
01ca78fa-0238-4258-b83b-7f006c55683c,bing,http://www.punchbowl.com/gridfs/fs/4e00b918ec8d830c91000039-1308670233,Was this a professionally done photo? | What are they toasting to? | What kind of drinks are they toasting with? | What were they celebrating? | Were they celebrating something?,original
5b321961-3a7b-4119-8415-dcee7ef13b1e,bing,http://bustup.files.wordpress.com/2009/04/fighting_by_flaskekork.jpg,What kind of martial art are they performing? | What type of martial art do they practice? | Are these people fighting for real? | Are they actually sparring with a martial art? | Is that a real martial art they're performing?,original
6de1e448-6193-4ca2-b51f-74ba436cabeb,bing,http://swling.com/blog/wp-content/uploads/2012/12/IMG_0044.jpg,What building is this? | What is that building? | What do you think goes on inside that building? | Is this an NSA building or something? | Is this a high school?,original
ed0a6920-8de5-46ce-a297-ebc0c9597326,bing,http://nation.com.pk/digital_images/large/2015-06-17/statement-issued-by-zardari-in-his-personal-capacity-ppp-1434543803-7333.jpg,Who is he? | Who is that man? | What was he talking about? | Is this man a politician? | Did the Pakistani Presdient give a speech at this event?,original
a2fb4de1-b205-419e-a123-97a705b6210a,bing,http://jonathanthrelfall.files.wordpress.com/2013/04/sermon-christian-stock-image.jpg,Who is this preacher? | Is this man religious? | Is he the preacher? | Do you enjoy reading the holy Bible? | What is his name?,original
0e59e5ea-29a1-41a2-8434-97020e7f80ce,bing,http://i.dailymail.co.uk/i/pix/2014/07/31/1406838515028_wps_4_The_Royal_Navy_Historic_F.jpg,Why is this plane laying in the grass? | Was the pilot injured? | What happened to the plane? | Can this plane still fly? | Did anyone survive the crash?,original
6d75a412-a7fd-43d3-ae6c-24aeda5cf7ef,bing,http://brokenandbarefoot.files.wordpress.com/2012/03/child-leaping-through-meadow.jpg,What game is that kid playing? | Does the boy play outside often? | What is that child jumping over? | Is he always this energetic? | how high did he jump?,original
ce4d35eb-16f8-4044-bc12-435082e06326,bing,http://l2.yimg.com/bt/api/res/1.2/yIfZ0R4LeO1ymWfI9g6gIg--/YXBwaWQ9eW5ld3M7cT04NTt3PTY1MA--/http://globalfinance.zenfs.com/en_us/Finance/US_AFTP_SILICONALLEY_H_LIVE/After_suggesting_hed_come_back-ba10f6d3e5b434fb97dfdb8e467f660a,Is this a rich person? | What country of origin is this man from? | How many people are cheering for him in the stands? | Why is he so triumphant? | Is he an athlete?,original
295d1611-ee3a-43ca-a5ca-e44cb4a34dbf,bing,http://www.carid.com/images/standard/replacement-electrical-parts/as22.jpg,What does that tool do? | What is this a part of? | What do you use this piece of hardware for | What is this device used for? | What does this device plug in to?,original
f57a2904-c8c6-4ea2-88c9-a5b4bf619216,bing,http://www.ibiblio.org/hyperwar/USA/USA-PR-Japan/img/USA-PR-Japan-451.jpg,Was this from a bomb? | How did you get that shot? | What bomb caused that destuction? | Is the flume from an atomic bomb? | Which nuclear explosion was this?,original
cdf52e69-d52a-42c1-a228-e6ee3801baef,bing,http://www.chinadaily.com.cn/olympics/images/attachement/jpg/site1/20080820/0013729c05180a16483201.jpg,Who won this match? | Who is wrestling? | Who won this match? | Wasn't your older brother on the wrestling team? | Was the guy on red jersey going to surrender?,original
ec880b7b-1605-4d5c-a3f2-a4f701d80640,bing,http://farm4.staticflickr.com/3508/3738200769_d63ddb4262_z.jpg,Where is this children's ride located? | How much does that toy car cost to ride? | Where was this taken? | What type of go-cart is that? | Were you allowed to sit in the car?,original
268fc0fb-dace-40df-8ac4-59a7cda4c07a,bing,http://pinkpossibilities.files.wordpress.com/2012/03/dsc00102.jpg,Are those small batteries? | Are those metallic? | What type of battery is present in the image? | What are those little pieces of metal used for?,original
2b4be48a-529a-4e7d-bdc3-598bac0c642c,bing,http://images.fineartamerica.com/images-medium-large-5/tending-to-the-flower-garden-lorella-schoales.jpg,Is she picking flowers or just enjoying the day? | What kinds of flowers are they? | What types of flowers are being grown here? | What kind of flowers are these? | What kind of flowers can you find here?,original
30f3ddb4-1862-46a3-93af-834bc321c492,bing,http://2.bp.blogspot.com/-qTWGMgX7-6k/TybzorVv7vI/AAAAAAAAAAg/5W2p8pcckIs/s1600/100_0305.JPG,What kind of geological formation is this? | Is the sand safe to stand on? | Where are these guys located? | Where was this picture taken? | What are these guys doing?,original
387ba362-e081-4296-9e89-fc692e6ee618,bing,http://images.clipartpanda.com/candle-flame-image-maxresdefault.jpg,How long can this flame last? | What type of candle is that? | What's the candle for? | How close were you to take this? | Is this a scented candle?,original
55009b48-3e68-4e54-869b-785ff5fa4493,bing,http://lehmansbaseball.files.wordpress.com/2010/12/nolan_ryan.jpg,What is this players name? | Was it a double header? | Who won the baseball game? | Has this man been pitching for the Rangers long? | How much did the tickets cost?,original
1180b221-6967-401f-be06-89057387a9f9,bing,http://www.jonolavsakvarium.com/blog/200711/trap.jpg,What does this device do? | What is in that glass? | What is inside the glass? | What is this device used for?,original
4aa1abff-0c6d-4214-acaf-72ad68519c4c,bing,http://www.jimmyslawn.com/wp-content/uploads/2012/04/landscaping5_010.jpg,How big is this house? | What is the estimated value of this real estate property? | Is this a picture of a home in California? | How much does this house cost? | Who is the landscape designer for this property?,original
4be9d296-a64c-448e-809a-96d0c43c01c1,bing,http://www.bodymod.biz/Andreas_index-Site/images/cutting101.jpg,Were these scars self-inflicted? | How long does it take to do this? | What does the star stand for? | What motivated them to burn them self's? | Why would someone cut on themselves in such a way?,original
caec07d0-d0d3-4ac3-9bc3-67ed1dddf9c0,bing,http://images.wisegeek.com/tornado-against-dark-sky.jpg,Did the tornado cause any damage? | Did this tornado hit a town? | How far from the funnel is considered a safe distance? | Is that a tornado or a water spout? | Did the tornado hit any buildings?,original
dde83c4c-76bf-4a5e-99d7-711f9b32b963,bing,http://images2.fanpop.com/image/photos/9500000/Pippin-Took-pippin-took-9559345-1024-768.jpg,What Lord of the Rings movie is this from? | What is the name of this actor? | What other movies has he been in? | Why is Merry from Lord of the Rings making such a silly face?,original
319509a0-cbe4-4c20-8d5c-b37e73add3ef,bing,http://www.jdesigngroup.com/images/landscaping8_big.jpg,Is this house expensive? | How much dose that house cost? | Who owns the house? | Do any fish live in the pond? | How much does this property cost?,original
4f9a427b-eb11-4108-a25e-152d5034594d,bing,http://4.bp.blogspot.com/-T3oetb_Eeyo/TdTXkYlD-_I/AAAAAAAAABo/27R2nNEp02I/s1600/6a00d83451586c69e200e54f2233d18833-800wi1.jpg,What car was he driving? | Why does he look so scared? | Why does he look scared? | Why is he driving and using his cell phone at the same time? | Is he about to get in a wreck?,original
ca5533f8-b3c8-4c31-bcec-ad8a0cfc3a3e,bing,http://media.morristechnology.com/webmedia/upload/smithville_review/article/2015/07/28/Colby_15.jpg,Did he win? | Did this kid win a prize for his sheep? | How old is the goat? | Was that your child? | What is involved in showing a fair animal?,original
c27d7039-e059-4433-81fd-d3867d956cbe,bing,http://74fdc.files.wordpress.com/2012/02/considered-boot.jpg,How expensive are those shoes? | Are these shoes comfortable to wear? | What activity are those shoes used for? | Are these shoes expensive? | Was this shoe style successful?,original
abee6e50-37e5-4772-947e-a9ccffc41840,bing,http://famouswonders.com/wp-content/uploads/2010/01/Khyber-Pass.jpg,Did you go on this road? | What road is pictured? | Are there a lot of accidents on that road because it is so winding? | Where is this located?,original
4b4bfa57-ef15-42d7-9795-1b4f3b15e459,bing,http://images1.fanpop.com/images/image_uploads/The-Office-Cast-Puma-Ad-the-office-898373_827_1080.jpg,Are these celebrities? | Is this a screenshot from the Office? | What is the name of the show where these actors act in? | Is this from an episode of The Office? | Is that the man's girlfriend?,original
582dec4e-5a01-4a63-a692-1476b71536aa,bing,http://3.bp.blogspot.com/-hiKy2Nft-wU/Tfm_5eejBdI/AAAAAAAAFJo/buv7onUuD8o/s1600/maybelline%252Bhypersharp%252Bliner%252Breview.jpg,Is this liner waterproof? | Have you ever used a pen like this? | Are these ultra-sharp pens used frequently by pen artists? | What does a Hyper Sharp Liner do? | Is that makeup?,original
638288d9-5623-47a1-89c4-c98a2d4e1732,bing,http://www.listadecarros.com/wp-content/uploads/2012/04/Chevrolet-Spark-GT-2012-1.jpg,Is this a new Chevy car? | How much is the car? | Is that your car? | What model car is this? | Is this the new Chevrolet hybrid electric/gas car?,original
dd058e57-b3f7-46ef-9af9-dc49e19aab17,bing,http://thenetworkingstrategist.files.wordpress.com/2009/04/4-people-talking.jpg,Is this a stock photo? | What are they discussing at the table? | What is their business meeting about? | Who is the guy with the blue shirt? | What is this meeting about?,original
8a6f26bb-4c8e-4573-9666-0dd20e200ae8,bing,http://4.bp.blogspot.com/-5doxvJaW5mw/UgYiwd5XbwI/AAAAAAAAAUY/jEndpz9mfLU/s1600/Humming+Bird+Desktop+Wallpapers+%25283%2529.jpg,What flower is that hummingbird eating from? | What kind of flowers is that hummingbird eating out of? | What kind of bird is this? | What type of flower is that? | What kind of flower is the hummingbird sampling?,original
d12d50a9-3c36-4974-8fe3-b18679e24183,bing,http://drewsadventures.files.wordpress.com/2010/04/bldg-permit.jpg,"What is Andrew Rowland adding to his home? | What kind of addition is being added to the home? | How long did it take to obtain this permit? | How long did it take to finish the building? | What was addition, that was added to the home?",original
0541e3fb-9b79-4f83-be5c-c802229e0b18,bing,https://c2.staticflickr.com/8/7155/6838596923_4586cb988b_z.jpg,What city was that in? | How much zoom was used? | What time of night was this taken? | Why are there no stars visible? | What is the shadow on th eleft?,original
8ece9444-2bb4-4687-8bb2-4e14c71b4fa8,bing,http://redslipperdiary.files.wordpress.com/2010/01/weeping.jpg,How old is that tree? | Where is that tree? | What kind of tree is this? | What kind of tree is that? | What kind of tree is this?,original
8abc070f-6c3b-4e36-a2cf-c7a81acc26af,bing,http://www.bramdewijs.nl/wp-content/uploads/2012/10/IMG_2331.jpg,How tall is he? | What is the structure in the background? | How old is this man? | Is this guy a model or a singer? | What is that strange tower in the background?,original
1bfc1d27-3660-439a-995c-cb771ca42d3f,bing,http://janedata.files.wordpress.com/2008/06/img_0821.jpg,Whose tree is that? | What kind of plant is that? | What type of grape plant is this? | What kind of plant is that? | Is that your back yard?,original
da5390f8-cc8e-465e-be10-0a4b79e35f36,bing,http://graphics8.nytimes.com/images/2013/06/25/world/France2/France2-superJumbo.jpg,What town is this? | What is the population of this township? | Is this picture taken in Nova Scotia? | What town is that?,original
a44dba41-db68-4f53-98e8-bc709d8bf73c,bing,http://image.made-in-china.com/2f0j00yevQjbDWEqof/Centrifugal-Water-Pump-CPM76-.jpg,What kind of machine is that? | What is the purpose of this device? | What does this item do? | What is this machine used for? | What type of motor does this fit in?,original
1b7d9a6f-31c8-40bd-b211-e0cd350ed541,bing,http://images.fineartamerica.com/images-medium-large-5/plodding-through-the-snow-sue-smith.jpg,How much does the animal weigh? | Is that a buffalo or a bison? | Are there lots of buffalo there? | What kind of animal is this? | What sort of animal is that?,original
b6a665f9-02e1-4466-b69f-229c659a7259,bing,http://www.xoutpost.com/attachments/x5-e70-forum/50005d1308376887-murdered-out-e70-e70_05.jpg,Why does the car have a dent in it? | Is that your car? | What model SUV is that? | Is that a brand new car? | What year is this BMW?,original
a8e16be3-0703-42aa-a62b-26d5aafe7f06,bing,http://inapcache.boston.com/universal/site_graphics/blogs/bigpicture/hiroshima_08_05/h29_19773763.jpg,What caused that building to fall? | Why is the building destroyed? | What caused the destruction? | How was this town destroyed? | What caused all this destruction?,original
02ee0b96-c076-45e7-b150-7128400c602c,bing,http://olfactoryobsessed.files.wordpress.com/2011/12/campfire-pic.jpg,How long did the fire burn? | How much smoke is coming off of this fire? | Is that a camp fire or fire in a fire place? | How hot does the bonfire get?,original
e0e167a6-aa71-4d7f-b14f-0e2a49f352c0,bing,http://static2.businessinsider.com/image/5584675a69bedda65c796a76/hate-wont-win-victims-families-confront-suspected-south-carolina-shooter.jpg,Who is he? | Who is this convict? | Do you think he was responible? | What crime is he accused of? | Why are the men in the background wearing bullet proof vests?,original
1545d5e2-9573-43e3-a303-5a3d21796751,bing,http://media.hamptonroads.com/cache/files/images/1552161.jpg,Was this set on purpose? | Was the fire out of control? | How did the fire start? | what started the fire? | How did the fire start?,original
672e4a2e-28f5-4ef7-8b65-a428dd5e0858,bing,http://media3.onsugar.com/files/2014/03/27/612/n/1922398/3c70c9c84e94c979_129532362_10tkrigb.191ratio/i/Stephen-Dorff-kept-simple-red-carpet.jpg,When is this guy's birthday? | Is he your favorite actor? | How old is the actor? | What is the name of this actor? | What event was this at?,original
e977964f-7a3e-4356-becc-9baebdf464f8,bing,http://www.roger-pearse.com/weblog/wp-content/uploads/2011/07/aphrahat_parcel.jpg,What is inside of this package? | Do you have any idea what is in this package? | Was that package badly damaged during it's journey? | Did this come through the mail? | What is inside the package?,original
a513964e-4e94-4ad9-91da-60bd13c05a2f,bing,http://www.bolumrehberi.com/images/tv-show/The-Office/the_office_wallpaper_1600x1200_3.jpg,Who is the guy in the green suit? | Which episode is this taken from? | How long did this show run on tv? | What is this a scene from? | What year was this photo taken?,original
b39565ff-870d-4fd5-965a-4dca9024670b,bing,http://rewardsnation.files.wordpress.com/2010/06/waking-up.jpg,How loud is this alarm clock? | What brand of alarm clock is this? | What is his name? | Is he hitting the snooze button? | How many hours did he sleep before the alarm rang?,original
961dde71-3bfc-420b-bcf5-b8594234e736,bing,http://www.teamsandtastic.com/Proposals/SouthBeach-Proposal%2B.jpg,Is the engagement ring burried under the sand? | Did she say yes? | Isn't that a beautiful way to propose? | Was that professional made? | How long did it take to make this sand proposal?,original
133b0bee-5213-4bd8-95eb-bfee350d55df,bing,http://mertongreen.synthasite.com/resources/coffee%20005.jpg,Are these people related? | Is everyone here related? | Are they all related? | Are they all related? | Who is the little boy?,original
67dcd08c-a264-4694-a60a-20e2c32b30db,bing,http://dante15.files.wordpress.com/2012/02/long-shot.jpg,Did you go to Washington D.C.? | What is the name of the white building? | Is that the capital in the background? | Did you go to D.C. on vacation? | Whats the average temperature their this time of year?,original
f22158a8-5e27-4ba3-b18f-a055e386e423,bing,http://matzav.com/wp-content/uploads/2015/08/planned-parenthood.jpg,Did you attend this rally? | Did a man make that sign? | Who organized this event? | Why did they throw the sign on the ground? | Was that at a protest?,original
054f4d50-8e89-4da5-8607-fcd2d4fffc20,bing,http://www.fly-fishing-discounters.com/images/permit-2.jpg,How does this fish gets flourescent? | What type of fish is this? | Isn't that a magnificent looking fish? | What kind of fish is this? | What kind of food dose this fish eat?,original
958e8572-c2ac-45ec-a725-25a1ec46b41e,bing,https://vitaminad3.files.wordpress.com/2014/07/blood-pressure.jpg,Does this patient have health problems? | Was your blood pressure ok? | Does this person have high blood pressure? | was his blood pressure normal? | What is the blood pressure results?,original
6883861f-142e-4d55-b13a-95f967293c6a,bing,http://4.bp.blogspot.com/-b9MSMw6Fw9s/UnQ46mjOvrI/AAAAAAAAE2k/rM45WZGq3eM/s1600/vee+berth+workshop2.jpg,What is stored here? | Is this a secret room? | Which tools are the most useful? | Is this your work shop? | Did you remodel?,original
47322af0-2fb8-4b6f-b837-97515fc6cffc,bing,http://www.aquaair.net/REFRIGERATION-1c.jpg,What is it used for? | Is this some sort of fan unit? | What does this machine do? | What does this machine do? | What sort of apparatus is that?,original
8550291c-7157-4b99-8918-ecde10522103,bing,http://files.prokerala.com/news/photos/imgs/800/lucknow-a-jet-airways-aircraft-being-welcomed-240031.jpg,Why are they shooting water over the plane? | Why are the firetrucks spraying water on the plane? | Are they deicing that plane? | Who was the retiring pilot? | Why are there two hoses spraying water around this airplane?,original
56817f05-e44d-4f4f-8ed5-c6515fbfc020,bing,http://oneinabillionconsulting.files.wordpress.com/2010/10/happy-group-participation.jpg,Was this a party at your office? | Are they celebrating something? | Was the office party lots of fun? | Why is the man in the middle clapping? | Who are they?,original
b13ac8c1-faa2-4591-bf63-2fafba31e04f,bing,http://www.aaroads.com/california/images089/ca-089_nb_monitor_pass_004.jpg,Where is this mountain road located? | Has anyone been hurt by rock and snow slides in that area? | What is the temperature of this location? | What state is this in? | What country is this in?,original
c8b02612-1343-4b5c-aaf3-926e57a40c27,bing,http://www.fwweekly.com/wp-content/uploads/2012/10/METRO_1-1024x683.jpg,"I don't care much for that bracelet, do you? | How much did that bracelet cost? | Is this your necklace? | Is that real gold? | Is that real gold?",original
1bc8f7de-f0cb-43bf-8e0a-be77a1d4edcc,bing,http://thefilmstage.com/wp-content/uploads/2012/04/On-the-Road-9.jpg,Who is he? | What book is the man reading? | What book is he reading? | Why is he facing backwards? | What is he reading?,original
d73b17bd-2f1b-41b9-a0f4-206bf9a4daf8,bing,http://2.bp.blogspot.com/-iGge5FfXFhY/T3eeshyE8UI/AAAAAAAAAQk/VfZnAIVJL5c/s1600/20110103195604_firststeps.jpg,Is he really the dad or did she cheat on him? | Are this that baby's first steps? | How old is the kid? | How old are kids when they take their first steps? | Is that their first child?,original
9722d65f-14bc-4784-8a89-ce08a74b787e,bing,http://4.bp.blogspot.com/-og6bM95eloc/UftGSJxl64I/AAAAAAAAASE/HQWYjC1FQjE/s1600/Blood-pressure-sleeve-closeup.jpg,What was the blood pressure? | Was the blood pressure high? | What is the technical term for this kind of cuff? | What was the blood pressure reading? | What is her blood pressure?,original
8437fdf1-123f-436d-9fbd-38314a5f9439,bing,http://www.cirrusimage.com/Trees/weeping_katsura_1.jpg,Is that a grape tree? | How tall is that bush? | How old is the tree? | What kind of bush is this?,original
2611a9a0-c522-40ee-a6bc-7efe159105e5,bing,http://www.diyinspired.com/wp-content/uploads/2012/03/Replacing-a-Light-Fixture-2.jpg,Does the room have AC as well? | How fast can that ceiling fan spin? | Is that inside your house? | What kind of ceiling fan is that? | How much is that ceiling fan?,original
81721623-d4e5-4fe6-adf9-138acc93db18,bing,http://theotherpress.ca/wp-content/uploads/2013/04/NEWS_Pilot-Program-1024x681.jpg,Do you like Tom Cruise? | How old was Tom Cruise during this film? | What movie is this from? | Is that your favorite movie? | How old was Tom Cruise when he did this role?,original
5bad358b-820f-4fc5-a7fa-cb28bfbbfa5a,bing,http://theaestheteandthedilettante.files.wordpress.com/2013/09/dsc_0548_2.jpg,What are they buring? | What structure is burning? | How hot can a bonfire like this get? | How high is the tallest flame from the burning fire? | How long did the bonfire burn for?,original
b0196bef-da22-494b-b4f1-719432ec2975,bing,http://barrywallace.files.wordpress.com/2010/09/communion.jpg,Was this a shot to practice your skills? | Are these real food in the picture? | Is that real or fake food | Is that a real gold cup? | Do you love fresh bread?,original
83550008-80d7-40de-a2a3-1c3cb5ad9148,bing,http://static5.businessinsider.com/image/51f11ba0eab8ea677a000010/this-behind-the-back-double-play-that-the-rays-turned-last-night-is-gorgeous.jpg,Do you think he caught or fumbled the baseball? | What was the final score? | What team is this? | What type of play is this? | Which team is winning the game?,original
11922404-48ab-42a4-b549-0dbf90165c91,bing,http://onemansblog.com/wp-content/uploads/2008/02/vietnam-man-pulling-cart.jpg,How much does the cart of stuff weigh? | How heavy is that cart? | What is he transporting? | What is in all of those boxes? | What are in these boxes?,original
5a718b9a-ede7-498e-9bd6-c35dbc536cf0,bing,http://piewithsparkles.files.wordpress.com/2013/01/spent-grain-flour.jpg,Is spent grain flour a healthy type of flour? | What is the best method for consuming these grains? | What is spent grain flour? | What kinds of grains are in this picture? | What is that for?,original
f7e27967-4413-47ab-808c-4996472b0d58,bing,http://data1.ibtimes.co.in/en/full/570782/baltimore-mother-hailed-mother-year-after-she-catches-masked-son-rioting-after-freddie-gray.jpg,Did this happen in Baltimore or Ferguson? | Should this parent win award for making a attempt to prevent her son from rioting? | Is the interaction a friendly dispute or something else? | What is the relation between the man and woman? | What were they fighting over?,original
ea9cd6c4-49cf-4a38-b5f7-cfdbfd09f0c1,bing,http://static3.businessinsider.com/image/5183d220ecad04ca7e00000e/isis-demanded-a-132-million-ransom-payment-before-it-killed-james-foley.jpg,What is he conveying with that gaze? | Is this man famous? | How old is this man? | Will you go to a movie with me? | What is he looking at?,original
b9111485-7330-4ecf-91ed-b6101623c6ba,bing,http://www.abideinchrist.com/missions/smallgroupparticipationtena.jpg,What were they talking about? | What are they talking about? | What are they discussing? | What are they all reading? | Are they in a book club?,original
6f57507e-42fa-4646-a776-895ed4681dd8,bing,http://www.chrislegg.net/media/i/venue/the-landmark-hotel.jpg,Is this photo of a hotel? | What kind of building is that? | How do they grow the palm trees indoors? | Is this in Miami? | Are those palm trees real?,original
15fbfb5f-be18-440c-87ff-97a25c3171ec,bing,http://photosbyaerykah.files.wordpress.com/2012/08/img_2876c.jpg,What is the current temperature of the environment in this scene? | How many inches of snow did they get? | Did you see any other cars on the road? | Where is this road? | Where does the road lead?,original
971560ad-6eff-495e-a4fa-b783a0eee630,bing,http://cdn.c.photoshelter.com/img-get/I0000ALBSOKKdFEk/s/850/850/Pealing-Paint-Waipio-Valley-3.jpg,What type of material is behind the paint? | How old is the building? | What kind of wood is that? | What is this a picture of? | Is that peeling tree bark?,original
9eaada5d-8b60-48d1-beed-f43e1ebf1bf7,bing,https://ardfilmjournal.wordpress.com/files/2009/01/searcherssnowxls.jpg,Are these people walking across a frozen lake? | How far can the horses travel? | Where are the people traveling to? | What kind of animals are they riding? | How do the horses' feet keep from freezing?,original
7694f252-f8f1-4ece-a3d1-d09a97e8ebb8,bing,http://images4.fanpop.com/image/photos/22200000/Spike-Season-6-Promos-spike-22268554-2067-2560.jpg,Is that Spike from Buffy? | Is that a famous person? | What's his name? | Is he married? | Why is this man so pale?,original
248fe64f-5426-4cd9-a03d-52e0de532696,bing,http://ustreetgirl.files.wordpress.com/2009/05/building-permit.jpg,Why was a picture taken of this permit? | What are they building? | Was the building completed? | Why do you need a building permit? | What type of room is this permit for?,original
405843eb-7d09-462f-b86b-4727f4467850,bing,http://preciousbloodspirituality.org/files/art/path.jpg,Where does this trail lead to? | Did you follow this trail to see where it goes? | Where do those steps lead? | How do you build a stepped path like this? | Where do these steps go?,original
6e2fed6d-4164-47fc-b1a2-956b96b4c130,bing,http://andsometimesicook.files.wordpress.com/2010/11/bacardi_party_punch_hi-res.jpg,What kind of punch is that? | What kind of drink is that? | What type of alcohol does this drink contain? | Is there alcohol in that punch? | What is in those drinks?,original
314d3e66-3781-49f2-80da-1d1b7191e9bb,bing,http://www.hypergridbusiness.com/wp-content/uploads/2010/05/dshiao_headshot2.jpg,How old is the man? | Where does that man live? | Who is he? | Is he related to you? | What nationality is this guy?,original
8ae279f1-6bcb-46d6-addb-e74878a4a0e9,bing,http://www.awam.org.my/web/wp-content/uploads/2012/11/feature-advocacy.jpg,How long do these people have to march for? | Was that a one time rally or is it yearly? | What are these people protesting? | What event are these people gather for at? | What language is that sign in?,original
97481c22-dc5a-4875-ab7e-3f006904ffb2,bing,http://o2maxfitness.com/wp-content/uploads/2014/03/squatting.jpg,How long has he been weight training? | How many pounds do you suppose it are on those weights? | How many reps can the guy do with the weight? | How much weight is he lifing? | Does he lift professionally?,original
1072fb00-bbf6-48ca-bb5f-0b2b4c863049,bing,http://www.patspizzazzfurniture.com/71400-87.jpg,What is the couch made of? | Is the sofa made of real leather? | Does this couch recline? | What brand of couch is that? | Is this couch made of real leather?,original
c47a88c2-a55a-4289-849d-0a8467637554,bing,http://2.bp.blogspot.com/-OCZxrEMbg6U/UO-t0Hb0G3I/AAAAAAAADb8/SZ_RwBHGEeY/s1600/13704_539139576096574_94215931_n.jpg,Are they all related? | Who is the lady with the hat on? | Why are those ladies hanging out? | Why are the women dressed up? | Why is one wearing a hat?,original
a806aaa0-0cd2-4c2a-9271-deb78808ea0c,bing,http://www.indymedia.ie/attachments/jul2006/in_memory_of_those_who_died.jpg,Did someone die at this spot? | What are the people mourning? | Why are those flowers on the ground like that? | Was this some type of ceremony? | Did someone die at that spot?,original
43e35a43-1655-4740-8d4b-e8707cd0794c,bing,http://static1.businessinsider.com/image/55bc2e30371d2212008bbe7d/donald-trumps-companies-sought-visas-to-import-at-least-1100-workers.jpg,Is this man's hair real? | What is wrong with his hair? | Are you going to vote for Hillary Clinton? | Why does he look so tired? | Do you support his political views?,original
9a654735-93c7-4a6c-b21f-64ce50d714fa,bing,http://4.bp.blogspot.com/-3cQYYafsMw4/TZh-CrmOZLI/AAAAAAAAAEE/HdAY99luohE/s1600/nimbostratus-001.jpg,Did it rain that day? | Is it about to storm? | What kind of clouds are in the sky? | How high are the clouds in this picture | Did is storm bad?,original
93777143-4a67-4604-aba0-7b3bfcc76375,bing,http://overthemaze.files.wordpress.com/2011/11/door-closed-w-little-boy.jpg,"How old is this child? | It makes you want to help him open the door, doesn't it? | How old is he? | Aren't those wooden doors too heavy for that kid to open? | Why is this child trying to open the door?",original
ff21ed82-e9f7-4d8f-b681-02ca6071c117,bing,http://2.bp.blogspot.com/-bJDzexFksA0/UQIJ2rq9ZgI/AAAAAAAAFe4/Lbiz8kET-AQ/s1600/wpid-000031061.jpg,Are these two people a romantic couple? | What is going on with the couple? | Is that a man or woman in the background? | Who is the man in the background? | What is her name?,original
07d67065-6f3c-4b72-a70d-9dcb7f551ad8,bing,http://th07.deviantart.net/fs71/PRE/i/2010/287/b/6/rushing_water_02_by_legacyxi-d30s4fv.jpg,Is this were you caught the fish? | What stream is this? | Where does the river go? | What creek is that? | Can people raft on this river?,original
d5ef40b2-cb4a-4584-b598-d785e35bda24,bing,http://lovemybeanies.com/wp-content/uploads/2014/03/aware.jpg,Does this toy get played with very often? | What is the name of that Beanie Baby? | What year is the beanie baby from? | Who was that for? | Is this pink bear for sale?,original
eab6f6ee-3329-4e55-98a8-1eb74c8afe97,bing,http://3.bp.blogspot.com/-R6Z9fbyqa3A/VD_sY7NgomI/AAAAAAAAACk/Lk2c1ES0Re0/s1600/Cold+Weather.JPG,Who built the snowman? | How long did he live? | Who built the snowman? | Did a child make this snowman? | Did it stay cold enough to keep the snow man frozen for a few days?,original
1c86dccc-06a1-4441-bebd-a05fc409bd19,bing,http://4.bp.blogspot.com/-UW1to09qQf4/UQa-6YU3mTI/AAAAAAAAAMw/5AGUt7pWzcQ/s1600/extreme+long+shot.jpg,Are all of those people in the lifeboats okay? | Why are they in that little boat? | What boat is that? | Is that the Titanic? | Is this scene from the movie Titanic?,original
876ca191-f211-4227-839d-197591673561,bing,http://i.huffpost.com/gen/887848/thumbs/o-MARRIAGE-PROPOSALS-facebook.jpg,Did she say yes? | How old is the man proposing? | What is her name? | What type of ring did he buy her? | Did she say yes?,original
56ee19cd-e8e6-4992-a527-49e0f93a3e5b,bing,http://www.davidgagne.net/images/me/scottsdale.golf%20047.jpg,Have you golfed here before? | What golf course is this? | How far did she hit the ball? | How long is this golf hole? | How far did this person's golf ball end up going?,original
afba9dce-6e72-4caa-9a5c-c4c0b12d9622,bing,http://pbsministries.files.wordpress.com/2013/10/reap-what-you-sow.jpg,What kind of seeds are those? | What did you do with the grains? | What sort of crops are pictured here? | What does he have in his hands? | Where is this field?,original
a1999e55-976b-4e0f-8075-63dfe5715dd5,bing,http://kevinperelmantarget.files.wordpress.com/2013/05/rear-tire-slashing.jpg,What caused it? | Did you run over a nail? | What caused the flat tire? | What are those things that look like marshmallows by the tire? | What type of car is this?,original
2697f8ad-7ada-44c9-a7c2-6b5312b58e2a,bing,http://images4.fanpop.com/image/photos/20100000/Damages-Season-2-rose-byrne-20155339-2101-1331.jpg,Do you know if she is an actress? | Who is she so suspicious of? | What country is the actress from? | What actress is that? | What is her name?,original
e7f4796d-91ca-47a6-9ae2-e613d8d4ef0b,bing,http://eggplantandolive.files.wordpress.com/2012/04/dsc_7269.jpg,Is any crumpets being served with the tea? | In what type of setting is this tea stand located? | Did you have tea there? | How much does this tea set up cost?,original
a502af26-f7ed-4dea-88e3-bc7b27d19f7d,bing,http://images.fineartamerica.com/images-medium-large/backbend-miss-bendy.jpg,What type of dance does she do? | What kind of dance does she do? | How old is that woman? | What is the pose called? | Is she a professional dancer?,original
434755af-9e53-413d-9c24-32727d2588d2,bing,https://jthomasross.files.wordpress.com/2012/07/2-storm-clouds-over-va-july-14.jpg,Did it end up raining? | What is the chemical makeup of these types of clouds? | Is there a storm coming? | How was the weather that day? | Did it end up raining after the picture was taken?,original
b26f3ac5-1254-463b-a0d2-5bafaba97cef,bing,http://mifili.pl/1216-thickbox_default/paso-doble-lozeczko-120x60.jpg,Is that made for two babies or is that storage room on the bottom? | Who's nursery is this? | What type of crib is this? | Why didn't the image load? | Is the baby a boy or a girl?,original
4f03fd5d-cb1b-4c67-bda1-0bd9e4cabf2f,bing,http://www.gannett-cdn.com/-mm-/7e1d465ca2e1cc5f70e9cf6cf32d3d8d677f6822/c=490-0-2573-1177&r=x1803&c=3200x1800/local/-/media/2015/03/04/Cincinnati/Cincinnati/635610838998475039-IMG-0036.JPG,Do you think that the pitcher will strike out the batter? | Does he end up sending someone out? | Is he the teams best player? | What do you call that pitching grip? | How long has he been on the team?,original
a29f2c06-c370-4867-a4a1-0e293c98bf39,bing,http://vegannewbies.files.wordpress.com/2010/04/produce.jpg,How much fruit and vegetables were there? | Don't you love this colorful collection of fruits? | Are these from a farmer's market? | Which fruit is your favorite? | How many calories are contained in this batch of food?,original
73b6de0e-9584-43a1-8ef5-f194cedaa7c2,bing,http://media1.onsugar.com/files/2014/01/18/162/n/1922398/58ce6888b8b5c16c_463579315.jpg.xxxlarge_2x/i/Breaking-Bad-cast-applauded.jpg,Did someone win an award? | Why is the cast of Breaking Bad clapping? | What made them so happy? | Who are they applauding for? | What made these people start clapping?,original
b991b0c6-c40c-48c6-b742-e10cefca521c,bing,http://wagstaffdrew.files.wordpress.com/2014/04/rushing-water.jpg,Where was this taken? | Is this water near a dam? | Why was the water so rough? | Where is this fall? | How do you survive being caught in these waters?,original
90c43896-4121-4829-831e-7b4e76c12a2f,bing,http://relevance.com/wp-content/uploads/2014/06/2-priming_strength.jpg,Does he shave his armpits? | How big is that bicep in inches? | How much body fat does he have? | Who is he? | How long has this man been working out?,original
8116e41b-4b48-4ca7-8d70-2b7c6c7893e7,bing,http://farm2.staticflickr.com/1292/540082090_873710dd4a_z.jpg,"Is this elephant a male or female? | I don't care very much for elephants, do you? | Is this elephant in a zoo? | How old is the elephant? | How much dose that elephant weigh?",original
567223b7-4b54-440c-b6ee-ab2c8ea4593b,bing,http://3.bp.blogspot.com/-fCrEH_Bforo/UXC2dhUqWrI/AAAAAAAAENc/Fz9h4pGb0rk/s1600/president-barack-obama.jpg,Who is he waving at? | Was this after a speech? | Has he done a good job as president? | Is that Barrack Obama? | What event was this at?,original
4eb4bd17-f855-46ae-872b-efd3a7a60f1c,bing,http://longhaultrucking.com/wp-content/gallery/long-haul-trucks/wdp_6109.jpg,Does the driver sleep in the truck when it's parked? | What type of load does this truck carry? | Are you training to become a truck driver now? | Did he break down? | Where is this semi truck traveling to?,original
2f914684-2cb9-46b3-9767-732ae0bea913,bing,http://www.autoviva.com/img/photos/877/mercedes_bringing_original_1937_w125_to_goodwood_revival_big_95877.jpg,Does this car go on to win? | Who is driving the car? | How fast is that vehicle going? | How old is that car? | How fast was that go cart?,original
c088f563-ea0c-47f1-9f96-a9b71488c211,bing,http://www.xarj.net/wp-content/uploads/2007/06/bigwavesurfing5.jpg,How tall is that wave? | Where is he surfing? | How many years has this person been surfing? | How high did this wave get? | How tall is that wave?,original
5f213be2-4f7d-4492-8b07-382807af81df,bing,http://www.krogerkrazy.com/wp-content/uploads/2015/01/Scrubbing-bubles-catalina-thanks-Vicki.png,What is the chemical composition of this particular brand of bleach? | Did the Scrubbing Bubbles work well? | Can I use this coupon with just the number? | Do you often use coupons? | Do you ever use coupons like this one?,original
d1fb6b89-fed3-440f-8b0e-e92bc3a8a9e8,bing,http://4.bp.blogspot.com/-zvn81hboqT4/T3gu1L9jaCI/AAAAAAAAMM4/rzDf4s16Mc0/s1600/spring11-wallpaper1.jpg,What kind of flowers are those? | Are the flowers cosmos? | Is this a real image or computer generated image? | What kind of flowers are the white one? | What time of year do these flowers look the brightest?,original
6679670b-97f8-48e1-9a7d-b06c2ea6c14d,bing,http://4.bp.blogspot.com/-O0Yjt9yzHzI/T5xkzQnSvRI/AAAAAAAAAKk/sfCShR1ZZS0/s1600/surf.jpg,How high was this wave? | How high was that wave? | How do you get shots of people surfing like this? | What brand surfboard does he ride? | How long is the surfer able to hold this wave?,original
9b193649-ddc9-4f04-8159-206da6f057c2,bing,http://images6.fanpop.com/image/photos/33500000/The-Taming-of-the-Shrew-silent-movies-33558329-960-761.jpg,Is this a silent film actress? | What movie is this scene from? | How old is this picture? | What year was this beautiful bride getting married? | Isn't that a scene from a movie?,original
091763ac-7fb6-4a53-b431-2acd43854717,bing,http://images5.fanpop.com/image/photos/30900000/Wolves-fighting-wolves-30985805-800-600.jpg,Are they play fighting? | Are they fighting or playing? | Are these wolves playing? | Are these wolves from the same pack? | What kinds of wolves are these in the picture?,original
07f735a4-64ca-46ab-b9cb-0ae90de544c9,bing,http://tarstarkas.net/wp-content/uploads/2015/02/kept-woman-lifetime.jpg,Is this from a movie or show? | Why does she want in the room? | Is this a scene from a horror movie? | Why is this person so upset?,original
262e9e64-5a21-44e8-b3bf-beb7763cdf04,bing,http://4.bp.blogspot.com/-VihiZ-oAq_E/T3rKQXqav5I/AAAAAAAAA04/EzxvR7abR1M/s1600/a_streetcar_named_desire_marlon_brando_brunet_stanley_kowalski_8_1024x1024.jpg,What is the man staring at? | Which movie was this from? | Who is the actor? | What film is this scene from with Marlon Brando? | Is that an actor?,original
3fec8b06-bf75-4d24-8263-2fe97a451510,bing,http://hglightingdesign.com/wp-content/uploads/2012/09/A-Chorus-Line.jpg,What type of show is this? | What play or performance is this? | Did you enjoy the play? | What show was this? | What play were they preforming>?,original
c037d897-e5ec-46ad-b778-7e405cc6e36e,bing,http://babamim.com/yahoo_site_admin/assets/images/DSCN3440.37175812.JPG,What is that for? | What basic idea does this document entail? | Is this your parents birth certificate? | What does the paper represent? | What sort of document is this?,original
b28b83ff-6566-4512-9b08-a5e4106e5495,bing,http://images4.emlakjet.com/emlak-haber/2013/01/10/foto_galeri/l/double-park-residence-1357834089.jpg,How many people live in these apartment buildings? | What are the twin buildings called? | Are these buildings apartments or a business. | Is that a hotel? | Is that the design that will be built?,original
fb4fc9cc-7894-4875-bfaf-2b7b3fb0ce93,bing,http://www.powerboatnation.com/wp-content/uploads/2015/05/kortordered.jpg,What type of boat is that? | How fast can the boat go? | What is the retail price for the speed boat? | How many people can safely ride in the speed boat? | How much does that boat cost?,original
0e88b67d-5e31-4002-a49f-7ba5632e33e5,bing,http://www.diychatroom.com/attachments/f7/23451d1280943325-replacing-roman-tub-faucet-need-identify-010.jpg,Is this a part of your shower? | What kind of tool is this? | Is that copper? | What is this a part of? | Is this some kind of ancient artifact?,original
58031968-8bac-41cc-812b-08a9a1b4d82a,bing,http://www.benlevy.com/auto/show/d1gp09/img_6101.jpg,Why did the car park outside the lines? | How much was the vehicle? | How old is that car? | Is that your car? | What happens when you try to drive over a speed bump?,original
2c74af1a-f772-4fe8-ae58-0e71df262eea,bing,https://pearlsofprofundity.files.wordpress.com/2015/02/flower-picked-1.jpg,Is this your daughter? | Why is this girl getting professional pictures taken? | What this a special occasion? | how old is she? | Did the girl plant the flowers?,original
542991c8-5356-4071-9b4d-e09fc65c3fa5,bing,http://ozskin.files.wordpress.com/2012/06/hands.jpg,Are these two hands related? | How old is the hand on the left? | Are these the hands of your grandmother and your daughter? | Do they know each other? | Are these people related?,original
355b39d1-dca6-49ef-bd21-7969233bf34e,bing,http://www.ubt.org.uk/photos_2012/bonfire/bonfire4.JPG,Who built that fire? | Is that considered a bond fire? | Is this a bonfire? | What is being burned here? | Was that fire at your house?,original
d0fedd30-f774-42bb-a345-9758632dee8a,bing,http://www.kitchengarden.org.uk/blog/uploaded_images/tree-clearance-009-702341.jpg,What are the orange fences for? | What happened to the plants? | Did there used to be vegetation here? | Who cleared the land? | Are they going to plant a garden here?,original
a9e210b0-e579-4efe-ac13-8de83d686bd5,bing,http://tinygreenmom.com/wp-content/uploads/2012/08/Fresh-Fruit-Bonanza.jpg,Where did you find all this beautiful produce? | How many calories are in all of these fruits? | Which one is your favorite? | What is all this fruit for? | Is this fruit from a farmers market?,original
a0d06f28-82f7-43f7-83ee-43ea43cef182,bing,http://cloudgoesloud.files.wordpress.com/2013/05/rainfall.jpg?w=774,How tall is that waterfall? | What is the name of these falls? | How high is the waterfall? | What waterfall is that? | Is it safe to swim here?,original
1cbf996f-3850-4a8d-8df3-7d000b7c2759,bing,http://3.bp.blogspot.com/_sRGU_JXOz6E/TRkTIAWwmgI/AAAAAAAAAxU/u8ZE8EG0gsc/s1600/NevadaRoad_wallpaper.jpg,Where does that road head? | How long does the yellow paint on roads typically last? | How far does that road go? | What road is this? | How many cars a day use that road?,original
f3565779-e2b7-48b4-9ddb-a6f7e0b5be1a,bing,http://a.abcnews.com/images/WNT/150514_wn_kerley_16x9_992.jpg,What caused this train wreck? | What caused all the desctruction? | What are they doing? | What caused the damage here?,original
bcb586d5-3168-4edb-b35f-fa1896d4a260,bing,http://wpaper.files.wordpress.com/2010/10/depression-20.jpg,Why is the girl upset? | Why is she upset? | Why is she upset? | What is her name? | What is upsetting you?,original
410f6a84-ca32-4fce-ab22-d22bedcf75dc,bing,http://sinibaldo.files.wordpress.com/2011/06/prayer-on-my-knees4.jpg,What is the woman praying about? | Is she praying? | Do you think this girl is upset or is she praying? | What is her name? | What is she praying for?,original
8962a37f-f3d6-4473-b2f7-398a0bedb103,bing,http://www.royalswimmingpools.com/images/liner.jpg,How many gallons does this pool hold? | Is this a brand new swimming pool being built? | Is the lining to fix a leak? | How much water can this pool carry? | How deep is the pool?,original
24c71063-3c6a-4448-bf43-adcfeeaaaea2,bing,http://www.indianaturewatch.net/images/album/photo/10234111335041db393fa70.JPG,Is that snake poisonous? | How long do you think that type of snake lives? | Is that snake dangerous? | What kind of snake is this? | What is the main habitat of this type of snake?,original
d481e55d-7481-4985-a9a1-7740a7a86679,bing,http://urbanvelo.org/wordpress/wp-content/uploads/2013/02/breaking_away_nahbs_2013_0151.jpg,Is that bike valuable? | What is the make of this bike? | Why did someone leave the bike there? | Is that your bike? | Does this bike allow you to travel fast?,original
65b70d3a-dbac-48bf-93b8-ca7963b4201b,bing,http://fc01.deviantart.net/fs71/i/2010/221/f/5/The_Motherland_Calls_II_by_LordAndy.jpg,How tall is that statue? | Is this statue representing a famous historical figure? | How was that lady supposed to be? | How big was that statue? | What is the name of the statue?,original
9e28be3f-5553-496f-ae74-e7874787c7ec,bing,http://sofiesspisekammer.dk/wp-content/uploads/pulled-pork-trukket-maj-2013.jpg,What kind of meat is that? | What kind of meat is that/ | What type of meat is in the bowl? | What is the name of this food? | What type of meat is in this bowl?,original
5c5b8055-9bbe-44f9-8a32-8c49d4dc7755,bing,http://images5.fanpop.com/image/photos/31500000/Pitch-Perfect-pitch-perfect-31502074-1200-847.jpg,What was she singing? | Is this from a movie? | What genre of music is she singing? | What song is she singing? | Can this actress really sing?,original
db1412a1-e608-46d1-9e75-708b5800434c,bing,http://www.warrenphotographic.co.uk/photography/bigs/04323-Tabby-Cat-leaping-(series-No-2)-white-background.jpg,How far did that cat jump? | How far is the cat jumping? | What is the cat's name? | How old is this cat? | Is the cat leaping?,original
266a867f-e3d0-49cb-8802-dd200e9bfd16,bing,http://www.cars-directory.net/pics/honda/airwave/2005/honda_airwave_a1252967402b3028772_4_orig.jpg,What model on Honda is this? | Is this car from Europe? | What country is this car made for? | What country is that car made for? | What kind of car is that?,original
4374269b-fe06-4a72-9b5a-e96e269abc3e,bing,http://www.jeffbullas.com/wp-content/uploads/2012/10/3-Digital-Marketing-Strategies-you-Should-Not-Ignore.jpg,What were you listening to? | What was he listening to? | Is this an ad for headphones? | Why is she shouting at him? | Why is she screaming at him for?,original
4fa608b5-5c2b-4b9d-84fe-e21576fa87c1,bing,http://www.johnharveyphoto.com/HongKong/StreetMarketNearHelensGrandparentsLg.jpg,What city is the market in? | How prosperous is this market? | What country is the market in? | What is the name of this market? | What time does this market close?,original
c51158b0-61ef-44cc-b8f1-b5558724e12e,bing,http://3.bp.blogspot.com/_P4lQRLZ_yqM/TAhqviKmWGI/AAAAAAAAEKM/GCWA2mEC3Qo/s1600/True+Dew+8.jpg,Did it rain recently? | What type of plant is this? | What keeps beaded water intact? | Was this dew or rain? | Did it just rain?,original
488e1bcc-35cd-499b-9395-dff95dce3a65,bing,http://www.eveandersson.com/photos/china/beijing-wangfujing-men-squatting-large.jpg,What city is that in? | What business do these men work at? | Where do these men work? | Why are these men squatting? | DO men frequently squat on the sidewalk to chat in this country?,original
bdbbdced-09d3-4145-ab59-0c7b1e0b4a58,bing,http://alittlebitofstone.com/wp-content/uploads/2012/01/Spent-Hops.jpg,Is this something that you eat? | What kind of dish is that? | What is this mush? | What kind of food is this? | Is that a pot of soup?,original
4268fbf7-851f-4abb-8f49-4e6c1aee029d,bing,http://2.bp.blogspot.com/_olWLOLXRIu4/S9CgA0GYjpI/AAAAAAAAF9Y/h7RifmQFB6s/s1600/back+door.jpg,Is that a new door? | Is that your home? | How much newer is the front door then the rest of the building? | What country is this in? | Where does this door go to?,original
993481e7-6c75-4799-a71e-d5fef4aab8a6,bing,http://www.education-newzealand.org/wp-content/uploads/2013/12/Universities-and-Higher-Education-in-New-Zealand.jpg,Do the students enjoy studying math? | What is he teaching? | Did most of the students pass the class? | What subject is he teaching? | What is that man teaching?,original
f7437037-f004-4d94-aeb6-1225529dd86d,bing,http://4.bp.blogspot.com/-GxrHWPgMntc/Tb0u75KJd8I/AAAAAAAAAQI/wMvwNdYvW1c/s1600/kick-ass.jpg,Is that from the movie kick-ass? | Did the actress do all her stunt work for this scene? | What movie is this from? | How old is the girl? | How old are is the actress?,original
03e006ca-9233-4d0d-9399-59be7a4e2d93,bing,http://saluddepaloma.com/wp-content/uploads/2013/06/MP900438787.jpg,Did you buy this fruit? | Are those all natural or were pesticides used? | Was the fruit displayed for a magazine? | Wouldn't these make a wonderful fruit salad? | How much sodium total is in all of these fruits?,original
c2d4da25-ffbb-4215-8df0-9b23dbb32ac3,bing,http://www.mbird.com/wp-content/uploads/2011/04/reaching.jpg,Why is the person's hand being held out? | What is the hand reaching for? | Do you find this picture interesting? | Was this photo a mistake? | Did he throw something up in his hand?,original
30a7ef0f-b21c-448f-ba67-c0028efdd8b9,bing,http://3.bp.blogspot.com/-RE9dXuo-_Fo/TyqMQ58GYiI/AAAAAAAAAG4/CHLfGcvR9MY/s1600/courier+1.jpg,What were in the packages? | Did you get a new job working for FedEx? | Is he making Christmas deliveries? | What is in the boxes? | What's he delivering?,original
3a70888a-c84e-4adf-bbb9-8ef6482cba56,bing,http://web.archive.org/web/20131228153153/http://mariacelestecarballo.com/images/dioramas/buffalo/02_redandyellow.jpg,What type of music were they playing? | What is the name of the band playing in this picture? | Was the band good? | Is the band any good? | What band is this?,wayback
c9b432d9-bef0-463a-a874-65ea1d81b5de,bing,http://web.archive.org/web/20101213080922/http://brentmayne.com/wp-content/uploads/2010/06/pop-fly.jpg,Where did the ball end up landing? | Why has the catcher removed his mask? | Did he catch the ball and make an out? | Which team won? | What team are the Dodgers playing?,wayback
1f4ebf56-9665-4248-9cda-ed6ae21ecd87,bing,http://web.archive.org/web/20140804120950/http://www.scifinow.co.uk/wp-content/uploads/2013/02/merlin-series-5-behind-the-scenes-5.2.jpg,What kind of armor does he have on? | Why are they in costume? | What movie are these two acting in? | Who are these attractive men? | Who are they pretending to be?,wayback
c973c6a8-1cf5-4990-bdf9-d0bf86364f09,bing,http://web.archive.org/web/20151021075240/http://www.hyperlinks.net/wp-content/uploads/2014/12/IndexingSetupAtlasLathe-29-w1024-h1024.jpg,What does this machine do? | What does this device do? | What does this machine do? | Do you have any idea what this is used for? | Is this a drill press?,wayback
b5b57835-9705-4f5b-8c69-06b499e6110d,bing,http://web.archive.org/web/20140707085804/http://www.latestfashiontoday.com/wp-content/uploads/2014/02/Embroidered-clutches.jpg,Where can you buy this clutch? | What kind of clutch wallet is this? | What does this purse retail for? | Where did you get that bag?,wayback
85629aef-3871-4a15-a6b9-b4debe29bdb5,bing,http://web.archive.org/web/20170626232629/http://bibipedia.org/upload/gallery/images/Le_catalogue_des_voitures/Buick/Rendezvous/Rendezvous_2002_-_2007/Buick_Rendezvous_2002_-_2007_17.jpg,What model car is that? | What kind of car is that? | Is this a safe and reliable car? | What kind of gas mileage does this vehicle get? | What year is that crossover?,wayback
a5392f4d-f5cd-47eb-90e2-06079ed59eee,bing,http://web.archive.org/web/20171215014501/http://www.facialsurgery.com/image/big/twopics/face_lift_3502892823b.jpg,Is that the same person? | What are the main causes for the difference in her appearance? | Do you see improvement? | Did she have some kind of surgery? | What procedures did this woman have done?,wayback
5152c452-b323-4291-8e5e-7d221da591bb,bing,http://web.archive.org/web/20201108114154/https://upload.wikimedia.org/wikipedia/commons/e/ea/F-111F_aircraft_refueling_from_a_KC-135_Stratotanker.jpg,Is the plane towing the other plane? | How long does it take to refuel? | How long does it take to refuel the plane? | How often did they practice to refuel that fast? | What is the altitude of this refueling operation?,wayback
cd75de4b-b34f-449c-a328-25a4b471c7ac,bing,http://web.archive.org/web/20150418181411/http://www.gordontraining.com/wp-content/uploads/group-participation-leadership-training.jpg,What was the meeting around? | Is this a business meeting? | What is the woman in the group talking about? | What are these people discussing? | What is this purpose of this meeting?,wayback
58baad6e-b1d3-4b35-942a-8a53a874eda1,bing,http://web.archive.org/web/20201004071322/https://upload.wikimedia.org/wikipedia/commons/e/e7/F-18_Buddy_Refueling.jpg,How fast do jets go during a fueling? | Is the plane towing the other plane? | Why are these jets connected to each other with a rope? | Why is one plane being towed? | Was that plane towing the other plane?,wayback
7d1070bb-af11-461f-b727-3230c4c12b13,bing,http://web.archive.org/web/20191030111407/http://www.innerspaeth.com/wp-content/uploads/2009/01/20090120nytimes.jpg,What is the importance of this particular cover? | Was the cover story different for the other editions? | How old is that article? | Did you read this issue of the New York Times? | Why is Obama holding a white baby?,wayback
0dd33fbb-27ab-42cf-a889-48b5e02ee784,bing,http://web.archive.org/web/20130320023814/http://www.sportscardigest.com/wp-content/gallery/barn-finds/barnfind_dino.jpg,What kind of car is that? | Is the car in decent enough condition that it can be restored? | How long has the car been put away? | What type of model car is this? | What model car is that?,wayback
c23d7f0f-0d4a-4d91-b4da-b9bc865c64d4,bing,http://web.archive.org/web/20140113160517/http://adriansharp.files.wordpress.com/2013/05/blessed-sacrament.jpg,What is that ornate gold thing on the altar? | What is that thing? | What does that structure in the middle symbolize? | What is that? | How much does the statue weigh?,wayback
69bb3d19-5dad-476e-ab41-10c26ee3c58c,bing,http://web.archive.org/web/20160117150416/http://stonebrashcreative.com/image/FaceCab%20Tutorial%2013.jpg,What is this a face of? | What material was this made from? | What is that mask made of? | What material is this made from? | Who created this mask?,wayback
26a517f9-b639-4623-85c6-0574ecf87f0d,bing,http://web.archive.org/web/20140701054847/http://healthier4uvending.com/wp-content/uploads/2013/08/IMG_2982.jpg,How much are the chips? | How much does a bag of chips cost in this vending machine? | Have you ever seen this kind of vending machine? | Are healthy-choice vending machines becoming more popular? | How much is the Gatorade?,wayback
1ef70a36-5d33-4aef-8e00-b9fa93d8b38d,bing,http://web.archive.org/web/20150915004617/http://resources.carsguide.com.au/styles/cg_hero_large/s3/Kia-Proceed-GT-2014--(1).jpg,Is that a roadway the car is on? | Would you ever want to own a red vehicle? | What model car is that? | What year is this car? | Who makes this car?,wayback
5c1cd621-b500-4c19-b9b4-f2c76b6951f6,bing,http://web.archive.org/web/20160930173218/http://ii.worldmarket.com/fcgi-bin/iipsrv.fcgi?FIF=/images/worldmarket/source/23626_XXX_v1.tif&wid=2000&cvt=jpeg,"I like that color for a chair, do you? | Where can I find this chair? | How much does that chair cost? | Where could I buy a bright pink chair like this? | Are the legs of this chair made of wood?",wayback
0b241959-6f65-4952-b20a-f60e2c18ca96,bing,http://web.archive.org/web/20240922225317/https://upload.wikimedia.org/wikipedia/commons/7/71/US_Navy_041111-N-2143T-013_Aviation_Structural_Mechanic_2nd_Class_Chou_Yang_of_Braselton%2C_Ga.%2C_installs_drain_lines_on_the_afterburner_of_an_F-414_aircraft_engine_aboard_USS_Nimitz_(CVN_68).jpg,What does this Navy personnel work on? | What is he fixing? | Is he an astronaut? | What is he working on? | How long has this man been repairing equipment?,wayback
1dcc9563-0e48-40d4-b1cc-490eaf2a4f95,bing,http://web.archive.org/web/20150924102211/http://www.novasep.com/media/novasep-decolorization-unit.jpg?t=2014-11-03+11%3A27%3A58,What is kept in those huge tanks? | What is in the tanks? | What are these tanks used for? | What do those machines do? | What kind of factory is this?,wayback
35778416-41c8-4cce-8b26-d24ae3e3cc00,bing,http://web.archive.org/web/20201108152123/https://upload.wikimedia.org/wikipedia/commons/2/26/USAF_EOD_explosion.jpg,Who bombed this land? | Did you feel the heat from the explosion? | Who caused that explosion? | What caused this explosion? | What caused the explosion?,wayback
da29887a-54bc-45ca-82fa-54783d3b6d78,bing,http://web.archive.org/web/20120515004708/http://www.howmanyarethere.org/wp-content/uploads/how-many-people-died-in-9-11.jpg,How many people died on this day during the attack? | Where were you when this event occurred? | How many people died in this event? | How tall are those buildings? | Were you there when the planes hit?,wayback
230ae83f-b492-43df-ab28-d997476980c7,bing,http://web.archive.org/web/20101218033247/http://horsehats.com/Images/Wallpaper/Stretchrun_Horse_Racing_Wallpaper.jpg,Did the rider in yellow end up winning? | Do jockeys ever actually sit in the saddle? | Who won the race? | Who won this race? | What is the official name of this horse race?,wayback
ced54d5c-9953-467a-818d-aae573b91615,bing,http://web.archive.org/web/20160125015354/http://aurabpo.com/images/services123.jpg,Was a big deal made with that handshake? | Why are they shaking hands? | Does this mean they came to an agreement? | Did these people just meet? | Is it true you can tell a lot about a person by their handshake?,wayback
cd86d19a-e00e-43f8-9c2d-35f24d1634d0,bing,http://web.archive.org/web/20160112121733/http://blog.oregonlive.com/money_impact/2008/10/Learning%20From%20History_Hays.JPG,Why are they standing in that line? | Why are there so many people standing in line? | Why was everyone in line? | What are they lining up for? | What are they queueing for?,wayback
4f9eed70-2030-48ab-8dd4-e96210592730,bing,http://web.archive.org/web/20141203003650/http://coolfacts.in/wp-content/uploads/2010/10/lightning.jpg,Did the lightening strikes hurt anyone? | Has it rained the last two days in this city? | How bad was the storm? | How servere was the thunderstorm? | Why is the lightning purple?,wayback
92e89052-1f48-4e78-b394-11f2ccfacad7,bing,http://web.archive.org/web/20140810092736/http://interactive.wxxi.org/files/images/highlights/snail.jpg,How slimy is the snail? | Can people eat that kind of snail? | What kind of snail is this? | What kind of snail is this? | What is that bubbly stuff coming out from the shell?,wayback
bb64a0e1-1e0b-493e-ab60-2599246c9d90,bing,http://web.archive.org/web/20160314084433/https://upload.wikimedia.org/wikipedia/commons/e/e2/Burkes_Outlet_Store.jpg,What store is this in? | Where is this retail store? | Are the clothes here affordable? | Is the store having a major sale? | What store is that?,wayback
a2d373fc-09aa-4d42-a9bc-b1d7fffd413e,bing,http://web.archive.org/web/20150819064728/http://bobscarpetandtile.com/yahoo_site_admin/assets/images/shower_3.8940515.JPG,What is the size dimensions of this shower? | Where is the shower head? | What type of material is used in the walls of the shower? | Do you love this shower?,wayback
86d95c74-177b-4cb6-902c-f79adbadb7ac,bing,http://web.archive.org/web/20250805235951/https://upload.wikimedia.org/wikipedia/commons/3/39/MP_Bernard_Trottier_announcing_the_official_opening_of_Mimico_Waterfront_Park.JPG,What is he reporting on? | What is he reporting about? | What is he talking about? | What is this man reporting on? | What story were they doing?,wayback
38c3148c-88bd-42db-93bf-7cad67f8583e,bing,http://web.archive.org/web/20160201191150/http://www.auburn.edu/academic/education/reading_genie/projects/gulpinggatorade.jpg,When was this ad made? | Is that a famous female athlete drinking Gatorade? | Do you think this girl is pretty? | How does Gatorade work to replenish electrolytes? | Does this sports drink come in many flavors?,wayback
bc795536-15a5-4590-a6ca-7886bed8bea2,bing,http://web.archive.org/web/20151124140115/http://blog.nus.edu.sg/lsm1303student2010/files/2010/04/Attacking-Camel-Spider.jpg,Is this a tarantula? | What type of spider is that? | What is that? | What kind of animal is that? | What type of species is this?,wayback
5b080633-e697-4af0-b5b9-55e3e881258e,bing,http://web.archive.org/web/20210618014305/https://upload.wikimedia.org/wikipedia/commons/4/4d/Gunsmoke_cast_1963.JPG,What western film is this taken from? | What is the lady's name? | Did you enjoy watching these actors on Gunsmoke every week when you were a child? | Is this a still from a movie or tv show? | How long ago was this black and white photo taken?,wayback
837db4f7-7270-41e5-abb6-f27dc6eca25c,bing,http://web.archive.org/web/20231123101952/https://1.bp.blogspot.com/-XqLzA-umVnY/TzVMvx_7tNI/AAAAAAAAALU/I3FpcepZdds/s1600/Stock___Iron_Age_Roundhouse_by_GothicBohemianStock.jpg,Is this a replica hut? | Did the roof have leaks? | Does someone live there? | Do people live in this hut? | Who built that hut?,wayback
3f137cb7-1542-4fd0-862a-9a692d5c0d89,bing,http://web.archive.org/web/20150804020645/http://www.fit8.co.uk/wp-content/uploads/2013/11/blood-pressure-2.jpg,Is his blood pressure normal? | Does that tell his blood pressure? | How old is the elderly man in this picture? | What is his name? | How old is that guy?,wayback
0acf51e8-990d-45ca-9ac1-6fb77a850d8a,bing,http://web.archive.org/web/20131004133000/http://trendymods.com/wp-content/uploads/2013/03/soft-black-clutches.jpg,Is that your clutch? | What kind of case is that? | What brand is this purse? | How was this wallet made? | Who is the designer of this purse?,wayback
98b28ea3-a16a-4439-8900-cfff9dd12091,bing,http://web.archive.org/web/20131213063644/http://1.bp.blogspot.com/-S4Zb7TKBO0w/TiW3w5DyxUI/AAAAAAAABQ4/kg7pbyv10UU/s1600/countyfair01-big.jpg,Is the stand at an amusement park? | What's the total sales revenue for that stand per night? | What fair is this? | How much do candy apples cost here? | Is that at a carnival?,wayback
bbbbc5f7-33a9-498c-be9e-e5b269728564,bing,http://web.archive.org/web/20120729142651/http://img.burrard-lucas.com/australia/full/hugging_koalas.jpg,Do these koala bears live on the wild or on a reserve? | Do they sleep like that all night? | What is the typical diet of these koala bears? | How old is the baby koala? | How long does the mother koala take care of the baby?,wayback
19fd1480-fbff-4934-9edc-d32aa2cec394,bing,http://web.archive.org/web/20130723061111/http://www.thewallpapers.org/photo/10659/The_Break_Up-007.jpg,Did you like this movie? | How many movies have these two made together? | How did this movie do in the box office? | Did you see that movie? | How long did it take to film this movie?,wayback
4fa38fc3-4ad4-4422-afa3-c82e7705957b,bing,http://web.archive.org/web/20131221230847/http://images4.wikia.nocookie.net/__cb20071223232412/uncyclopedia/images/6/6a/Passedout.jpg,Is this guy passed out? | Why did the man decide to sleep there? | Did this person drink too much alchahol? | Why is he laying on the floor?,wayback
634f47da-f772-4b85-81c6-0d96ce5e3e3d,bing,http://web.archive.org/web/20160608045337/http://sloblogs.thetribunenews.com/slovault/files/2008/09/destroyed-buildings-1969-s.jpg,What caused this? | What caused this carnage? | What disaster aftermath is documented in this photograph? | What caused this destruction? | What caused all this destruction?,wayback
6144f292-87c6-4f1b-84c4-6075c926378b,bing,http://web.archive.org/web/20231128081156/https://1.bp.blogspot.com/-WGq7GxvXzqk/TwrZCYTq8YI/AAAAAAAAAvg/JP8z8WnlILw/s1600/DSC00001.JPG,Was this part of your grandson's science project? | Who drew this picture? | How old is the child who made this? | Who made this diagram?,wayback
1a9644e2-4594-4c58-8f40-160ac6041385,bing,http://web.archive.org/web/20180615062144/http://s.plurielles.fr/mmdia/i/89/2/coiffure-ete-2011-saint-algue-10402892tbwwy.jpg?v=1,Does she always go braless? | How old is the girl? | Is that woman a professional model? | Who is this lady? | Who is she?,wayback
31876975-4c39-42ec-ad8d-e9901944296e,bing,http://web.archive.org/web/20150316022735/https://theconservativetreehouse.files.wordpress.com/2015/02/obama_netneutrality.jpg,Who is Obama talking to? | Was everyone on their best behavior when Obama came to the office? | What does it say on those blue screens? | Who is Obama talking to? | Did obama sound convincing?,wayback
9c601e23-ad56-4155-a26c-70bc1984db42,bing,http://web.archive.org/web/20231124222328/https://1.bp.blogspot.com/-gpye6PWVxQI/TbeV77LLB9I/AAAAAAAAA0A/-srMN5mqgHQ/s1600/avenue.jpg,Did you know the two people at the far end of this path? | What state is this in? | When was the last time the leaves were raked? | Is this a college campus? | What's the distance between each tree?,wayback
66562804-662d-4e62-9412-6d169a603128,bing,http://web.archive.org/web/20160220092151/http://knoxify.com/wp-content/uploads/2010/09/flat-tire.jpg,What caused that tire to go flat? | What kind of Toyota is that? | What caused the flat tire on the car? | Why is this tire flat? | What caused the tire to be flat?,wayback
c6f2f2b3-a81e-4e92-b402-5ec221774e38,bing,http://web.archive.org/web/20160117161238/https://upload.wikimedia.org/wikipedia/commons/b/ba/Times_Square_New_York_At_Dusk.jpg,What time is traffic the worst? | How much does a sign cost here? | What city is this a view of? | Is this Times Square? | How long did the traffic last?,wayback
86301e11-bae4-457a-b0c3-3e77dd21766b,bing,http://web.archive.org/web/20131110100418/http://www.thegoddessblogs.com/wp-content/uploads/2012/11/bad-weather.jpg,How long did it take for the ice to form? | How thick was the ice on the car? | Will the car start once it thaws? | What type of car is that? | How muc ice is covering the car?,wayback
cc1bb380-4c96-4e39-8439-da2e6b782049,bing,http://web.archive.org/web/20160916093916/http://about.abc.net.au/wp-content/uploads/2012/12/Producer-tweeting.jpg,What is this man's job description? | Is that taking place at a broadcast station? | Is this a music studio? | What is he looking at? | What is he working on?,wayback
e359a9a5-5263-45bd-a3f6-091f7f196d63,bing,http://web.archive.org/web/20160601015424/http://cdn01.dailycaller.com/wp-content/uploads/2014/08/165854412-e1407578208665.jpg,What building is that behind the sign? | Was this set up for the final four? | Who is that in the red hat? | Who was playing in the tournament? | What does the NCAA stand for?,wayback
aa2a85a7-4ebe-4e0e-af6c-c8b92afb6638,bing,http://web.archive.org/web/20141129063843/http://seljpharma.com/images/business-permit.png,Would you hang your first dollar earned next to this? | Was it easy to obtain this permit? | How do you get a permit? | What is this a permit for? | What type of business is this permit for?,wayback
7f994f41-8d7b-4ce7-9087-776dcc1fb2ac,bing,http://web.archive.org/web/20161220173113/https://soundwaves.usgs.gov/2009/05/Erosn83desCVLG.jpg,Is he worried about falling off? | Are there any hotels nearby? | What is the danger of the cliff overhang breaking off? | What country is this ocean in? | What cliff is that?,wayback
82cc52f1-6ee3-4d32-9c7c-a6d340e66da2,bing,http://web.archive.org/web/20160217045049/http://www.marthastewart.com/sites/files/marthastewart.com/imagecache/hmax-2048_wmax-2048/ecl/images/content/web/ms_living/2013/craft_jewelry/opener-008-craft-jewelry-d110245_horiz.jpg,How much is all the material in the picture? | What are those made for? | What material did you use to make the roses? | What was being made? | What are these flowers made out of?,wayback
578ddb68-2021-4c75-aeb6-4bee5a06c931,bing,http://web.archive.org/web/20160125133248/https://upload.wikimedia.org/wikipedia/commons/c/c0/Sony_Building_by_David_Shankbone.jpg,What is the main business that rents the tall building? | What city is this tall building in? | What is the name of the building in the center? | What is the name of that building? | Do people ever jump off this building?,wayback
4150235e-d533-4063-9571-0e3c284e808a,bing,http://web.archive.org/web/20131115102557/http://www.strategypage.com/gallery/images/patrolling-mizan.jpg,Was this picture taken in Afganistan? | What is the current mission for this troop? | Are they fighting in a war? | Where are these soldiers stationed at? | Where are these army men stationed?,wayback
9675d996-e12b-4d0e-a512-a37eb3772758,bing,http://web.archive.org/web/20161021133400/http://static.panoramio.com/photos/large/66405233.jpg,How wide is the valley? | Did you walk in the gorge? | What country is this landscape in? | What valley is this?,wayback
27069be5-81e2-4c4e-87ee-ae58a803f3b9,bing,http://web.archive.org/web/20161101110938/http://homedee.com/gallery/2013/04/flower-arrangment-ideas.jpg,Did you get that bouquet for your anniversary? | What flowers make up this arrangement? | Are these real flowers? | What are those red leaves with the weird tubular structures? | What kind of flowers are those?,wayback
2f69c219-1e75-4c8b-9582-8afdf6742287,bing,http://web.archive.org/web/20141224214917/http://obxpaddlepalooza.com/wp-content/uploads/2011/01/bonfire.jpg,What event was this? | What are they gathered for? | What is the reason behind this bonfire gathering? | How big is the fire going to get? | What beach is that?,wayback
c81a1d96-165e-4fa1-b485-62f74e0bde4a,bing,http://web.archive.org/web/20131016154331/http://upload.wikimedia.org/wikipedia/commons/b/b2/Street_lamp_post.jpg,What type of light bulbs are used in poles such as these? | How tall is this light pole? | Do you have light poles like this on your street? | Where was this taken? | What type of day is this?,wayback
7c265282-e545-4693-91cb-a288a4ee2958,bing,http://web.archive.org/web/20160130063618/http://www.allparentstalk.com/wp-content/uploads/2012/07/kids_exercising.jpg,Are they exercising or just playing? | What kind of exercises are they doing? | Did someone prompt these kids to stretch? | Are they exercising?,wayback
aab1a8db-b5c7-4c9e-9c6e-3a54ee7d3015,bing,http://web.archive.org/web/20160324054021/http://media.jrn.com/images/660*485/b99261388z.1_20140502223156_000_gmg61elj.1-1.jpg,What is this man explaining? | What are they discussing? | What's with the yellow tape? | What kind of medal does this guy have on his jacket? | How did he earn those medals?,wayback
accce38b-db1a-4cad-a5a3-0979231bb37e,bing,http://web.archive.org/web/20140223173629/http://www.sportsmanswarehouse.com/img/products/original/burris_ar132_red_dot_sight_1298528_1_og.jpg,What is the scope used for? | What type of scope is this? | Can you mount this scope on a shotgun? | How much does this cost? | Do you have any idea what this is used for?,wayback
bd848c89-74f9-4adc-8dea-19dcea6c6cd0,bing,http://web.archive.org/web/20150725064616/http://www.londoncarpentrysolutions.co.uk/wp-content/uploads/2011/07/Custom-built-antique-wardrobe.jpg,What would you call this kind of cabinet? | Is that your house? | Did the closets have alot of space? | Whose room is this? | Is this in a hotel?,wayback
5acf546a-7e00-4f42-9283-25626673b86a,bing,http://web.archive.org/web/20240207155222/https://upload.wikimedia.org/wikipedia/commons/f/ff/Wasserfall_Plitvicer_Seen.jpg,Are you allowed to swim there? | Is this Hawaii? | Are those waterfalls? | How is the water so turquoise? | How high are the waterfalls?,wayback
9e9771c3-3b22-4bea-a913-180ea5997430,bing,http://web.archive.org/web/20160328185236/http://news.microsoft.com/stories/independence-day/_media/images/chapters/most-subjective-prologue/microsofts-3d-soundscape-technology-pilot-program.jpg,What is this tall metal pipe used for? | What is this post made out of? | Is this an electric pole? | What type of silver pole is that? | What is the purpose of that pole?,wayback
96aa870a-ea65-484b-8ad4-ccdfb5b99579,bing,http://web.archive.org/web/20140815005222/http://www.catsixracer.com/wp-content/uploads/2013/02/flat-tire.jpg,How did the bike get a flat tire? | Was the tire hard to change? | Will the tire be able to be fixed? | What caused the bike to get a flat tire? | How did this tire get destroyed?,wayback
c0b6e4bd-3883-4bcf-8b70-888c16d86f0f,bing,http://web.archive.org/web/20160115235303/http://media.dma.mil/2013/Jan/09/2000085418/-1/-1/0/130103-F-WB609-046.JPG,Do they make airplanes even bigger than this one? | How old is this airplane? | Where is that plane going? | What is the primary purpose of this aircraft? | Is it going to rain?,wayback
bff0f57d-acf0-42ae-ae72-746925eca2f5,bing,http://web.archive.org/web/20141205062652/http://www.ivstreamteam.org/wp-content/uploads/2012/02/Tree-planting.jpg,What types of herbs are these? | What kind of plants are these? | what are they going to do with the plants? | What kind of plant is that? | Is this image trying to send a persuasive message?,wayback
3006fd1c-7577-4f37-a223-0ec2a2dee948,bing,http://web.archive.org/web/20150211034615/http://staciwallace.com/wp-content/uploads/2010/03/Water-Drinking.jpg,Is she wearing sunscreen? | how hot is it? | Did she just finish running? | Do you eat carbs before you work out? | How many quarts of water does she drink a day?,wayback
8188a467-5eb0-4533-9a69-ba2fdf636577,bing,http://web.archive.org/web/20131108121308/http://atravellersjourney.com/wp-content/uploads/2012/12/Getting-to-Siem-Reap.jpg,What ancient ruins are those? | Where is this ancient city? | Are there other old structures in this area? | Can you drive through the middle of that arch? | In what year was this structure built?,wayback
e24a2815-1f21-418f-b542-65aec320db97,bing,http://web.archive.org/web/20150803194618/http://www.aic.sg/uploadedImages/Silver_Pages/Chronic_Diseases/High%20Blood%20Pressure%20-%20Image%201.jpg,Is that considered normal blood pressure? | What is the healthy range for blood pressure? | What is the brand name of this digital blood pressure cuff? | how accurate is that? | How much does this cost?,wayback
52a5a899-483d-4b6a-81a5-a93e5464d205,bing,http://web.archive.org/web/20250412081924/https://upload.wikimedia.org/wikipedia/commons/7/78/Olive-backed_Sunbird_(Cinnyris_jugularis)_eclipse_male_690V5125.jpg,What kind of bird is this? | What is responsible for the yellow color of this birds feathers? | Whats the top speed that the bird can fly? | What kind of bird is this? | How old is this bird?,wayback
7bf1c295-3f16-42aa-b67c-23f04de8e02b,bing,http://web.archive.org/web/20140202101207/http://webcastnewsroom.com/wp-content/uploads/2013/10/redsox11.jpg,What type of event are these players celebrating? | What was the final score of the game? | Did they win the championship? | Who is the baseball player that is being held up in the air? | Did this team win the game?,wayback
31687286-5652-4420-8fe8-ed2219549cb7,bing,http://web.archive.org/web/20161024160233/http://wdc3d.com/wp-content/uploads/2010/05/field_1.jpg,What time of year was this picture taken? | Did it rain on this day? | Where is this? | Do you think this is pasture land?,wayback
573ad723-d5df-483d-86c6-69b3c1ae1d3f,bing,http://web.archive.org/web/20151225160031/https://upload.wikimedia.org/wikipedia/commons/3/3b/Chrysler_building-_top.jpg,Did you go inside the Chrysler Building? | Is this building lit up at night? | Did you go to the top of the building? | What do you call this tower's architectural style? | Did you get to the top of the building?,wayback
d8e99d89-baeb-4231-a312-4411da0408b2,bing,http://web.archive.org/web/20151105011038/https://upload.wikimedia.org/wikipedia/commons/e/e9/NICO_looks_at_himself.jpg,How long has that dog been looking in the mirror? | What is that dog thinking about? | What breed of dog is that? | How old is your dog? | Does a dog recognize its own reflection?,wayback
21aab1d2-03bf-4280-8aed-56afc2d376fb,bing,http://web.archive.org/web/20160119190610/http://jnlbracknell.co.uk/files/2010/02/birthday-parties1.jpg,Whose birthday is it? | What did this kid wish for? | Are they having a joint birthday party? | What was your most memorable birthday party when you were a kid? | Are they triplets?,wayback
036ef602-5636-4a43-bacf-5139ce9d530e,bing,http://web.archive.org/web/20140713110623/http://0.tqn.com/d/exercise/1/0/c/j/squat.jpg,What kind of exercise is she doing? | Is she leading a work out session? | What type of exercise is this called? | What type of exercise is she doing? | Do you do this exercise?,wayback
6dc022cd-fbc2-4110-a872-e41cb0ca44a1,bing,http://web.archive.org/web/20170502043001/https://upload.wikimedia.org/wikipedia/commons/8/87/Kea_Arthurs_Pass.JPG,What kind of birds are those? | What kind of bird are those? | What kind of birds are they? | What kind of birds are those? | Are these a type of parrot?,wayback
c80e32c4-c9a2-4760-88cf-e9582d8ddbc2,bing,http://web.archive.org/web/20150315085412/http://stylonica.com/wp-content/uploads/2014/03/Nature___Seasons___Spring__038259_.jpg,Where was this taken? | What city is this park in? | What type of tree is that with the pink flowers? | Are those cherry blossoms? | What type of trees are these?,wayback
f07fe466-2cf1-434e-94f2-b887cc97dfd0,bing,http://web.archive.org/web/20150413060234/http://www.hairtransplantnetwork.com/hair_transplant_photos/Dr_Friedman/hair-transplant-photos-top-161292.jpg,Are you thinking of getting hair implants? | Is that the same person? | What causes hairless in these men? | What medication did he use for hair regrowth? | How long after the transpland did his hair turn grey?,wayback
6a7d5e69-68f2-4e70-bb07-178dac21a229,bing,http://web.archive.org/web/20130328153734/http://carrotsncake.com/wp-content/uploads/2009/06/img_1063.jpg,How old is this individual? | What is the man preparing? | Does your friend always cook for you? | What is he cooking? | What was he cooking?,wayback
092c0fc6-658e-4f52-8858-646a28046232,bing,http://web.archive.org/web/20150802095612/http://cozycornerchildcare.com/images/j0438799.jpg,How old is the little boy? | How old is the kid? | At what age should kids start picking up their own toys? | Is this scene in a daycare or a home? | How old is that child?,wayback
5f572712-5341-40c7-be84-635094265f9f,bing,http://web.archive.org/web/20160407053045/http://www.mykonos-accommodation.com/images/mykonos/sports/mykonos%20water-sports%20'06%20(diafora)%20109.jpg,How fast can that jet ski go? | Where was this taken? | Is this is own jet ski? | How high can this jet ski get on a jump? | Is the jet ski a rental?,wayback
812a1274-6a40-4f9a-9441-3aa59cb4b8f9,bing,http://web.archive.org/web/20120608151923/http://histarmar.com.ar/AccidentesNavales/USSBuchanan/sinking.jpg,Is this ship being sunk intentionally? | Why did the ship sink? | What happened to that ship? | What happened to the ship? | Why is the boat sinking?,wayback
3e48c368-63c1-4e63-b6f1-3314e92de338,bing,http://web.archive.org/web/20150630202929/http://geekologie.com/2015/05/05/concerned-kitten-8.jpg,What breed of cat is this? | Why does the cat have eyebrows? | How old is the kitten? | Have you ever seen a cat with eyebrows before? | What is this kitten looking at?,wayback
ae734b95-15d1-4371-9191-24cb2e84a1f7,bing,http://web.archive.org/web/20150804105626/http://liquidjuicebar.com/images/179087_164991556882006_159407704107058_345563_8146589_n.jpg,Are these smoothies? | Did you make those? | Does the green drink taste nasty? | What are all the flavors? | Which juice tasted the best?,wayback
3924671c-a734-477c-8b18-da8bb50e1b73,bing,http://web.archive.org/web/20180310032710/http://bellingenbuildingco.com.au/wp-content/gallery/restumping/restumping01.jpg,What happens if those bricks fall? | Does this really hold up the home? | Are these supports actually as unsteady as they appear? | Why is this building being liften? | Is the house going to be moved?,wayback
278188e8-eb11-4d16-9491-7db65d2c7cea,bing,http://web.archive.org/web/20231129205104/https://1.bp.blogspot.com/-7Vq_MfqOytA/TfZ8NRGjG0I/AAAAAAAABmM/si7JBsCW72Y/s1600/december-geese-leaving.gif,Are those geese migrating? | What direction are the geese flying? | What type of geese are these? | Where are the ducks going? | Are the birds flying south for winter?,wayback
83972570-0de1-4698-ad50-3c385baf8518,bing,http://web.archive.org/web/20160731065640/http://www.konecranesmts.com/sites/mts/files/main_image/scraping.jpg,What is he working on? | Can that cut through steal? | Do you have any idea what is being done here? | What kind of tool is in his hand? | Is he using the tool to sand with?,wayback
5dae3d87-9a8e-4c35-9f8c-67d20d5d6540,bing,http://web.archive.org/web/20160204062953/http://meded.ucsd.edu/clinicalmed/neuro_brachial_radialis_reflex.jpg,Who is being examined? | Did everything turn out to be ok? | What is the doctor doing to that person? | Is this man being examined by a doctor okay? | WHo was having their reflexed checked?,wayback
1f052463-4c6f-4d66-853d-b87168e29ef6,bing,http://web.archive.org/web/20201010141633/http://blog.defgrip.net/wp-content/uploads/2012/02/c03_0003893a.jpg,Who are these men? | Are these soldiers Union or Confederate? | How long ago was this photograph taken? | Are these men white supremacists? | Are any of these men your ancestor?,wayback
a9d2078b-0ffc-4a7c-b25d-c25d20783146,bing,http://web.archive.org/web/20130217234741/http://www.ctf74.navy.mil/subball/2008/2008/DSC_0126B.jpg,For what occasion are these people gathering? | Who's wedding is it? | What do you suppose they are celebrating at this gathering? | What's the special occasion? | Is this a military ball?,wayback
f5d8d5c8-1905-47a0-ac99-05f41b8a56ed,bing,http://web.archive.org/web/20160104203815/http://pattayatoday.net/wp-content/uploads/2011/01/Suspected-British-pedophile-arrested.jpg,What language other than English is written on that board? | What crime did he commit? | Why did he get arrested? | What is the language at the bottom of the sign? | What is this guy's crime?,wayback
200ad636-3291-4fa7-8a30-7fc352864529,bing,http://web.archive.org/web/20130521154029/http://www.blakehammerton.com/wp-content/uploads/2010/12/public-speaking-with-toastmasters.jpg,What were they speaking about? | Who was giving a speech? | What kind of microphone is that? | What is the crowd waiting for? | What type of microphone is this?,wayback
52c44c1b-37c0-41ca-8420-905d913bcd02,bing,http://web.archive.org/web/20160116211737/http://www.torange.us/photo/5/13/Illegal-wages-in-an-envelope-Dollars-1271926764_73.jpg,Why did people give you such a random assortment of cash? | Is this chore money for the kids? | Why is this money sticking out of this envelope? | What was this money used for? | What's the money for?,wayback
a0fb0b3b-a8d4-427f-ac33-1a0b8718ca47,bing,http://web.archive.org/web/20160417103140/http://malaysiatravelnews.com/wp-content/uploads/madeeh-sarawak-womex.jpg,What type of performance are these men doing? | What instrument is he playing? | Are these guys any good at playing? | Is this speaker at a conference of some sort? | What kind of music are these men performing?,wayback
629d1840-46f3-43ef-b08d-9db05c4ce37a,bing,http://web.archive.org/web/20150404020530/http://1.bp.blogspot.com/-p3LgJTjlUk4/UMrY_bkhkCI/AAAAAAAACCo/y6030X24yKg/s1600/Needs+Wants+Sort.jpg,Is this an elementary school project? | Why does this person need an apple? | Was this a school project? | What age is this craft for? | What is the purpose of this child's assignment?,wayback
c595c3e1-af42-4b93-a002-9bed6b0e23fb,bing,http://web.archive.org/web/20111122093855/http://aquaexplorers.com/metaldetectors4.jpg,Was he looking for something? | What is this guy doing with headphones and a wetsuit? | What is he looking for? | What is the man looking for?,wayback
2d4277a4-1e3d-4789-bfc2-5f6179f20f6c,bing,http://web.archive.org/web/20141002135554/http://upload.wikimedia.org/wikipedia/commons/a/ae/US_soldiers_patrolling_the_streets_of_Asadabad-3.jpg,What are they patrolling? | What city are these men defending? | What are the soliders protecting? | Why are the guys armed? | What country are these soldiers from?,wayback
4db08886-2ea9-48cc-b366-5d3a848fc176,bing,http://web.archive.org/web/20140908004228/http://www.apnatimepass.com/heroine-movie-wallpaper-27.jpg,Was this from a movie? | What is in the middle of her forehead? | What ethnicity is this woman? | What is her name? | Did she do her own makeup?,wayback
0f19f9ad-7928-45cc-9a82-62aea9beac7e,bing,http://web.archive.org/web/20130531080537/http://www.birdsofeden.co.za/userfiles/article/Largepics/hummingbird11.jpg,What kind of bird is that? | What kind of hummingbird is this? | Is that a humming bird? | How fast can a hummingbird fly? | How fast did the camera have to be to get this shot?,wayback
58303629-799b-4fca-b3b6-7acd10f2477b,bing,http://web.archive.org/web/20160210041102/http://www.allstarkievrealty.com/blog/wp-content/uploads/2013/03/Healthcare-Ukraine.jpg,When did you become a doctor? | What kind of doctor is she? | How old is the doctor? | What type of doctor is she? | What professional position does the smiling woman hold?,wayback
18ef1255-2811-44cc-9f89-ec83be732aaf,bing,http://web.archive.org/web/20240711204219/https://upload.wikimedia.org/wikipedia/commons/d/d7/Bradbury_building_Los_Angeles_c2005_01383u.jpg,What is the name of the intersection where the building is located? | What city is this building in? | Is this a famous building of some type? | Is this building occupied? | How old is the building?,wayback
7d40eeaf-3ce5-4e8a-90de-e79f01555c94,bing,http://web.archive.org/web/20160318080809/https://upload.wikimedia.org/wikipedia/commons/4/40/Jet_a1_truck_refueling_dsc04316.jpg,Are they putting fuel in the airplane? | How much fuel did the airplane need? | What is that truck doing? | What is the hose going into? | What is that pipe for?,wayback
17e6313d-2847-4730-b865-020354cacb1a,bing,http://web.archive.org/web/20110703130954/http://theweddingshoebox.com/wp-content/uploads/2010/01/tr099.jpg,Have you ever wanted to be a bridesmaid? | When is her wedding taking place? | How old is the bride? | How old is the woman that's getting married here? | Is the bride your daughter?,wayback
f46655c3-8e8e-48b0-9e2b-5b93a4cb9874,bing,http://web.archive.org/web/20150912075343/http://www.sacbike.org/wp-content/uploads/2013/03/woman-+-bus.jpg,How do you ride bike in chunky heels? | Where is she going? | To what destination is the woman on the bicycle traveling? | Is she about to get hit by the bus?,wayback
ade905c7-622d-4536-bd7c-f983103aee73,bing,http://web.archive.org/web/20160204053639/http://meded.ucsd.edu/clinicalmed/neuro_patellar_reflex2.jpg,Is he getting his reflexes tested? | What kind of symptom is the patient getting checked for? | Why were you at the doctor? | What is the name of this doctor?,wayback
517a4653-4624-4cfc-8eeb-59e1d58d666c,bing,http://web.archive.org/web/20161119082712/https://upload.wikimedia.org/wikipedia/commons/8/8a/Market_in_Cambodia.jpg,What country is this in? | What food market is the country in? | Was the produce fresh? | How good were the prices at the market? | Where is this market located?,wayback
1c84aaac-e78f-4d8e-89e3-75e9c2b62a8d,bing,http://web.archive.org/web/20150330124313/http://motoburg.com/images/volkswagen-new-beetle-convertible-01.jpg,Is this an advertisement? | Where was this car parked? | What type of car is that? | What year is this car? | What kind of car is that?,wayback
3c7288f7-ee89-4f88-81cd-c3fa54a60a23,bing,http://web.archive.org/web/20160123202447/http://www.attunefoods.com/data/fe/image/DIGESTIVEHEALTH-%20Healthy%20eating%20for%20people%20w%20food%20allergies_iStock_000014341028Small.png,What other vegetables did you use? | Are those organic? | What will these vegetables be used for> | Isn't that a beautiful basket of vegetables? | Are these for making salsa?,wayback
8d311d9a-fe25-4e87-9652-e826619b5f05,bing,http://web.archive.org/web/20101205043251/http://wolaver.org/log/spring_2010/Raised_garden_4.jpg,What are they growing in the garden? | How long did it take to start producing vegetables? | How old is that dog? | What will be planted here? | What is going to be planted in the boxes?,wayback
b55c9fcf-d5aa-4770-a6a9-6a11a00ba0d6,bing,http://web.archive.org/web/20141122052204/http://fashionfoodandflirts.files.wordpress.com/2013/02/suits-series.jpg,Who is the guy on the left? | Have you ever watched this TV show? | How old are those guys? | How much are those suites? | Are those suits tailored?,wayback
530cf770-3e64-49f4-b050-ca4978a345bb,bing,http://web.archive.org/web/20211009004845/https://upload.wikimedia.org/wikipedia/en/1/13/Simple_column_for_Ni2%2B-affinity_chromatography.jpg,What is the tube for? | What sort of apparatus is this? | What is in the tube? | What is in the tube? | What is in the tube?,wayback
ce272ad8-6fa5-4c24-8955-b1572d1d8023,bing,http://web.archive.org/web/20160115063404/https://upload.wikimedia.org/wikipedia/commons/f/f0/Fifth_Avenue.jpg,What city is portrayed here? | Is the traffic always so light? | Is this city normally more busy than this? | What city is this? | What city is this street in?,wayback
69c3140a-1de7-4bcd-8288-c6a896b7c3a2,bing,http://web.archive.org/web/20231128193407/https://1.bp.blogspot.com/-Dr-AZFEg5T8/T8RAL0z4VvI/AAAAAAAAAJo/m56qLHkDVrU/s1600/we-bought-a-zoo-movie-image-matt-damon-tiger-01.jpg,Is the tiger in the zoo? | Where was this taken? | How long has the tiger been in captivity? | What was the name of this zoo movie with Matt Damon? | What is the tigers name?,wayback
6e737885-c502-45cb-af1a-041e3bd86365,bing,http://web.archive.org/web/20140125050102/http://www.bioag.novozymes.com/en/products/unitedstates/PublishingImages/1AGST-28028_sc%202_dark_corner_ppt.jpg,What type of crop is growing? | Are the crops ready for harvest? | What kind of crop is this? | What type of crop is growing in this field? | What kind of plants are those?,wayback
58e81ebd-2c23-42ad-857c-5b420a9bd0cd,bing,http://web.archive.org/web/20151008173635/https://upload.wikimedia.org/wikipedia/commons/0/0d/Horse_race%2C_Churchill_Downs_2008-04-18.jpg,How much does a jockey weigh? | Did you bet on the race? | What is the name of this horse race? | Which horse will win the race? | How far are you from Saratoga?,wayback
501a7aea-2cbb-4973-9c49-ceae025bfb34,bing,http://web.archive.org/web/20171008234011/https://theuglytruth.files.wordpress.com/2014/01/silverman.jpg,Is that Sarah Silverman? | Is she high? | Why is she posing so provocatively in a tee shirt supporting an elementary school education program? | Does this get lewder than it already is? | Why is she posing like that?,wayback
c0fc35a4-7cc3-46e6-bf68-4cbf14340186,bing,http://web.archive.org/web/20130829015924/http://www.photoattorney.com/uploaded_images/CaribouLayingDown-712331.jpg,Is this a natural habitat? | How mature is this buck in age? | Was this in the wild or a zoo? | Is this an elk? | How did you get so close?,wayback
393faf6e-4c65-4150-980a-b71006b964c7,bing,http://web.archive.org/web/20160104172741/http://www.nbc.com/the-tonight-show/content/sites/nbcutsjf/files/images/2015/01/15/150115_2840707_jay_baruchel_worked_with_jimmy_on_almost_fam.jpg,What do you call that balding pattern? | When did that guy start losing his hair? | What show is that? | What tv show is this? | What film is this actor promoting?,wayback
61ccab4c-14cf-411f-9e39-5424409c120b,bing,http://web.archive.org/web/20160115023418/http://www.interiordesigninspiration.net/wp-content/uploads/2013/01/Interior-Design-0011.jpg,Is this a master bedroom or a guest room? | Is that a whirlpool bath in the bathroom? | Whose bedroom is that? | Did a designer put together that room? | Is that a model room?,wayback
2c429afb-d008-421a-a16b-bb05b8d30b2f,bing,http://web.archive.org/web/20160205080004/http://healthy-usa.com/healthy-eating/healthy-6.jpg,Why are there rulers around the fruit? | What type of apples are these? | What is the mean diameter for most apples? | Whats the average apple size? | What type of apple is this?,wayback
19f557b4-85ff-45b5-a401-e8b69a486b5b,bing,http://web.archive.org/web/20141201082803/http://www.themathhattan.com/wp-content/uploads/2013/02/seen-unseen-fabien-castanier-gallery-recap-13.jpg,Is there something on the other hand? | What dose seen mean? | Do his tattoos have any meaning? | Was this old man in a popular band when he was younger? | What is the significance of the tatoo?,wayback
097922d0-bc1c-4a26-a281-708517d6dd50,bing,http://web.archive.org/web/20160114070429/http://directory.ac/files/dumblists/products/backyard-landscaping.jpg,Who designed the garden? | What kind of trees are in the picture? | What do the little blue and green flags mean? | How long did it take to make a garden like that? | Is this your backyard?,wayback
92a8765d-01b5-48b5-96a6-f71e422d7f5a,bing,http://web.archive.org/web/20150609053923/http://therefinedlife.com/site/wp-content/gallery/sports/bigstock_Horse_Racing_622988.jpg%20horses.jpg,How much is that horse worth? | Why do jockeys ride without sitting on the horse? | How fast is that horse running? | How much does the jockey weigh? | Who's winning the race?,wayback
8e0b307e-e6fe-45a2-b7f2-0cc0b2d0cf3a,bing,http://web.archive.org/web/20140706095204/http://www.thedetroitbureau.com/wp-content/uploads/2014/03/Attorney-General-Eric-Holder.jpg,Does this man hold an important role? | Why does this man look confused? | How old is the person in this photograph? | How old is this guy? | Do you think he ever takes life too serious?,wayback
7c8c200a-ecd8-4787-87f6-044115e8a4ad,bing,http://web.archive.org/web/20160223053116/http://www.onegoodthingbyjillee.com/wp-content/uploads/2012/04/window-washing-111.jpg,How dirty was the window before the man decided to clean it? | What else did he clean? | How long did it take to wash? | Why was the window dirty? | Did the windows end up clean?,wayback
fc2a690e-3952-4485-b5c1-6321fcec99a3,bing,http://web.archive.org/web/20150509232549/http://mediad.publicbroadcasting.net/p/kwmu/files/styles/related/public/201403/4853491803_a05b514aee_b.jpg,Did you take a class here? | Why is the classroom empty? | How many chairs are in this classroom? | What types of classes are held in this room? | What type of school is this?,wayback
2cac7614-0122-447d-9631-98834b4e8b8f,bing,http://web.archive.org/web/20130910204500/http://clockworkbuilders.com/gallery2/basement5-800.jpg,Is the fireplace gas or electric? | Is it a gas fireplace? | Did you remodel? | What style are those bench chairs against the wall? | What sort of business is this waiting area located at?,wayback
8ae2bf40-04f7-4f92-ad9b-b5e9690e978d,bing,http://web.archive.org/web/20160205035440/http://telcoamericana.org/wp-content/uploads/2014/01/plowing-the-way-alaska-wallpaper-hd-wallpapers-nature-photo-alaska-hd-wallpaper.jpg,Isn't all that snow strikingly gorgeous? | What mountain ranges are those? | How many people climb that peak in the back ground each year? | How cold is the temperature during this instance? | Is this Mt. Everest?,wayback
82e16b1d-e7da-449b-8152-f55aee821575,bing,http://web.archive.org/web/20141129124805/http://www.audituningmag.com/wp-content/uploads/2010/08/rendered-tuned-audi-a1.jpg,Was this car used for racing? | What modifications have been done to this car? | Would I look cool driving this car? | Are you thinking of buying one? | How old is that car?,wayback
efb5e983-c35f-4014-8303-ac89dc2baec5,bing,http://web.archive.org/web/20160215062507/http://www.saltinstitute.org/wp-content/uploads/2013/10/Blood-Pressure.jpg,What is the person's blood pressure ended up being? | What is a safe level for blood pressure. | Who's hands are those? | How high is her blood pressure? | Is that a normal reading?,wayback
5f456e50-a914-4337-939b-81c730d66a8f,bing,http://web.archive.org/web/20231128171708/https://1.bp.blogspot.com/-29aX32gt3D8/TXzB_2PvBNI/AAAAAAAAQnQ/tBy56jeJsyk/s1600/Picture%2B148.jpg,What is this made of? | Are those shrimp on the plate? | What kind of food is on the plate? | Are these for dessert? | What is inside of these?,wayback
0c6343f1-1ec2-46fc-a496-9fdb41761ad1,bing,http://web.archive.org/web/20230831100124/https://upload.wikimedia.org/wikipedia/commons/thumb/0/00/Sheep_on_a_drought-affected_paddock.jpg/1280px-Sheep_on_a_drought-affected_paddock.jpg,Why are there so few trees? | What kind of animals are those? | Where are these lions going? | Is that your back yard? | We're there any other livestock out on the range?,wayback
0193d360-2ec1-4607-a2b8-69c3e01a4940,bing,http://web.archive.org/web/20160716053631/http://www.picturingscarlett.com/wp-content/uploads/2013/02/20140214-P2140066.jpg,What is her little black dress made of? | What do you think she's waiting for? | Did you start getting more responses as soon as you posted this on your dating profile? | Is this woman a realtor? | Dose she ever model nude?,wayback
606f94af-2257-486d-809c-1f7a27664aff,bing,http://web.archive.org/web/20160216010219/http://lerablog.org/wp-content/uploads/2013/08/lorry-accident.jpg,What caused the crash? | Was anyone killed? | Did anyone die in the accident? | Did the driver survive the accident? | Did someone die in this crash?,wayback
ddc06c50-35c6-4d16-b5b6-193ee5ef888b,bing,http://web.archive.org/web/20160503054948/http://northamerica.mslgroup.com/network/conversations/wp-content/uploads/sites/8/2013/03/tornado.jpg,"What causes that funnel formation? | How fast do you think the wind speed is to this tornado? | was that picture taken by a ""storm chaser?"" | Is that a tornado? | How many buildings did this tornado destroy?",wayback
53725e2a-f8ba-40e2-9018-efab14fc4f3e,bing,http://web.archive.org/web/20160909023742/http://www.bodybuilding.com/exercises/exerciseImages/sequences/369/Male/l/369_1.jpg,How long has this person been lifting weights? | How much weight can this man bench press? | How many pounds do you think is on that weight? | Does this man drink protein shakes? | How much weight is he lifing?,wayback
1a625bad-c4b9-4734-959d-7596d02b8bb3,bing,http://web.archive.org/web/20131018150129/http://upload.wikimedia.org/wikipedia/commons/d/db/Macrotona_australis_laying_eggs.jpg,Is this cricket laying eggs in the dirt? | What type of grasshopper is this? | How long before the grasshopper jumped? | Is the grasshopper laying eggs? | What kind of insect is that?,wayback
3c283d03-8ff7-4858-877b-cfcd654914f7,bing,http://web.archive.org/web/20140819232744/http://www.aceshowbiz.com/images/still/spread20.jpg,Is this a still from a movie? | What is her name? | What movie is this from? | Who is this actress kissing Ashton Kutcher? | Is this from a movie or TV show?,wayback
f8a7fb83-4e67-4f19-8ea1-2b8f0f622b11,bing,http://web.archive.org/web/20160121211737/http://www.everythingsimple.com/wp-content/uploads/2011/01/Frameless-Shower-Door.jpg,How much did the shower cost? | Is this in a hotel room? | Who uses this shower? | Does the water leak out? | Do you like shower doors that are made of glass?,wayback
89135da2-738a-402f-bda4-e1350ad5b4a2,bing,http://web.archive.org/web/20160514162701/http://www.economicmodeling.com/wp-content/uploads/warehousing.jpg,What is this warehouse for? | What material are the boxes made of? | What are they storing there? | What type of products are boxed in this warehouse? | Can you guess how many boxes are in the warehouse?,wayback
4f936d2a-6e48-4e44-a796-eccc576db6f8,bing,http://web.archive.org/web/20150914174741/https://content.historicengland.org.uk/remote/content.historicengland.org.uk/content/publications/galleries/picturing-england/picturing-england-gallery-image-06.jpg,How long as that been in that amount of disrepair? | What state is this windmill located in? | Where did you discover this old windmill? | Does that windmill still function? | How old is this windmill?,wayback
100593ad-d377-4160-99f2-958ff3dd373c,bing,http://web.archive.org/web/20150704192533/http://www.independent.co.uk/incoming/article10364114.ece/binary/original/Picturing-England-10.jpg,What city is this from? | What year is this from? | When was this photo taken? | What is the predominate industry in the city shown here?,wayback
02c18b3f-6f72-44e3-ac97-82eed42aef57,bing,http://web.archive.org/web/20231129201511/https://1.bp.blogspot.com/-EKRXPrIL4X8/TZT209KHkNI/AAAAAAAABBI/jqmXhzdOHoA/s1600/track%2Bmeet%2B006.jpg,How many kids competed in this race? | Were you ever on track team? | What place did the kid in the blue get? | What teams were in the track meet? | Which runner crossed the finish line first?,wayback
37e3b9ec-103c-45f5-bebb-4c6e0f834eb6,bing,http://web.archive.org/web/20250704002436/https://upload.wikimedia.org/wikipedia/commons/d/db/Baseball_Game.jpg,Which team is winning? | Who won the baseball game? | Which teams are playing? | What country was this baseball game in? | How many people are in the stadium?,wayback
0bba73e2-0a65-4f34-aafc-2639899e1cf3,bing,http://web.archive.org/web/20130605001335/http://www.publicdomainpictures.net/pictures/30000/velka/fast-flowing-river.jpg,What time of year was this taken? | What is the name of the river? | Is this river in America? | How fast was the water moving? | Are many fish in that stream?,wayback
e3a0bd41-498d-4c82-aee1-30a0d7c3f414,bing,http://web.archive.org/web/20151010025026/http://www.sohh.com/wp-content/uploads/t-pain-2015-03-30.png,Was he a singer or just speaking? | What is the man singing? | What was his lecture about? | What was he talking about? | Who is this man?,wayback
40dde151-6cb2-4988-81d3-b8012ca7ddb0,bing,http://web.archive.org/web/20131030032945/http://www.usmagazine.com/uploads/assets/articles/65687-zayn-malik-engaged-to-perrie-edwards-see-her-engagement-ring/1377092624_zayn-malik-perrie-edwards-zoom.jpg,Are they a couple? | are they dating? | How long have these two people been dating? | What does Zayn Malik have to do with this woman? | Are they a couple?,wayback
44925a43-cee4-45ef-85bf-929707bec152,bing,http://web.archive.org/web/20201010051621/http://www.nasa.gov/images/content/380714main_emmy.jpg,Did you win that? | What is the name of this statuette? | Who won this trophy? | For what reason is this trophy given out? | Did you see the Emmys on TV last week?,wayback
4032ef21-bb1f-40c0-a4fd-69e136626e6f,bing,http://web.archive.org/web/20151214185416/https://usatftw.files.wordpress.com/2015/05/epa_file_switzerland_soccer_fifa_arrests_73337092.jpg?w=1000&h=667,What position does this man hold within the company? | Is this the man at the center of the FIFA scandal? | When will he retire? | What is he looking at? | What was he speaking about?,wayback
37ef9a1c-de97-4871-939c-339747135dc1,bing,http://web.archive.org/web/20110921024400/http://www.djc.com/stories/images/20100624/ZGF_Providence_big.jpg,What kind of medical device is this? | What is the purpose of this complex machine? | Is this a surgical room? | What tests is this hospital room set up to perform? | How much did all the equipment cost?,wayback
85ddfbf7-c985-4aa0-a36f-8bfbbcf0d8d1,bing,http://web.archive.org/web/20170628021910/http://www.cdyceilings.co.uk/wp-content/uploads/2012/09/Suspended-Ceiling-Fit-24.jpg,When will the drop tile be put in? | Is this the building that you work in? | What purpose will this building have when construction is completed? | What is inside of this building?,wayback
336cf71d-a2bf-47d9-876a-f3781ea797e6,bing,http://web.archive.org/web/20130908110643/http://wallpaperfast.com/wp-content/uploads/2013/05/Sunset-Surf-Desktop-Wallpaper.jpg,Why isn't the man surfing? | Where is this? | Where is the beach located? | Does he know how to surf well? | When was this picture taken?,wayback
62a85bc8-e018-49aa-9bee-159ba15fb41d,bing,http://web.archive.org/web/20160125144935/http://www.reynoldsautosalvage.com/images/usedcarsales/UsedCar001.jpg,Is that a custom paint job? | What kind of car is that? | What town is this in? | How fast can this vehicle go? | What shade of blue is that car painted?,wayback
77418b1b-f82d-4f48-a6ee-fc2819a8edf7,bing,http://web.archive.org/web/20161108200328/http://kitchenremodelingnjnyc.com/wp-content/uploads/2011/10/Bathroom3e.jpg,What kind of sink is that? | Did you design the shower? | Isn't the antique armoire out of place in the modern bathroom? | Is this house for sale?,wayback
afa501be-40b8-406a-9cd8-bc1873a72e0a,bing,http://web.archive.org/web/20160120232925/http://s3.amazonaws.com/media.wbur.org/wordpress/11/files/2013/01/0110_haiti-earthquake.jpg,Where are their parents? | Do the children play here often? | Is this in Haiti? | Where was this picture taken? | How old are they?,wayback
496a725a-ecf5-4e49-8fcf-73309fe3a665,bing,http://web.archive.org/web/20150213113158/http://www.bhoomkiblog.com/wp-content/uploads/2012/05/Storm_Clouds.jpg,Do those clouds mean its about to storm? | What type of clouds are those? | Will this storm turn into a tornado? | Is there a storm occurring in these clouds? | What kind of clouds are those?,wayback
4d208356-f0b9-4812-998b-4ecda51cc3bf,bing,http://web.archive.org/web/20150316045115/https://sports.tsc.nsw.edu.au/media/uploads/images/2013/04/03/House_Athletics.jpg.755x0_q90_upscale.jpg,Who won the race? | How high are those hurtles? | Which runner finished the race faster? | Are they in a hurdling race? | Who is winning?,wayback
5b9a468b-2664-434a-9697-aa2512288b9e,bing,http://web.archive.org/web/20231129001416/https://4.bp.blogspot.com/-OA7WD0GxVsA/ToJUASPC23I/AAAAAAAAHb0/dJdEhamnt1M/s1600/Oberalp_Pass_%2BSwitzerland.JPG,What is the speed limit on that winding road? | What cities are located around this mountain range? | Why does the road zig zag like that? | Where is this valley? | Where is this mountain area located at?,wayback
a4fc459c-df22-45f0-92e3-7a9ee5458b7c,bing,http://web.archive.org/web/20131206104413/http://greenpeaceblogs.org/wp-content/uploads/2013/01/President-Obama.jpg,What is the president looking at? | Do you think Barack Obama is a good president? | What is Obama gazing at | What is his I.Q.? | What event is the president attending?,wayback
6f86b1be-d86e-4a76-9f6e-850698c67f4f,bing,http://web.archive.org/web/20131010002923/http://www.nejm.org/na101/home/literatum/publisher/mms/journals/content/nejm/2010/nejm_2010.363.issue-15/nejmicm0901376/production/images/large/nejmicm0901376_f1.jpeg,Why is one hand so red? | Why is the hand on the right so red? | How old is this person? | Why are the hands two different colors? | Are one of the hands shown after having lotion applied?,wayback
2453d80e-0780-4332-aa17-5519798f7e8d,bing,http://web.archive.org/web/20150725122351/http://www.photography-match.com/views/images/gallery/Road_12.jpg,Did you drive down this road? | What mountain is that? | What mountain range is that? | Does that mountain have a name? | What mountain range is that?,wayback
33ffc40e-554c-46ce-91cf-b237948e2e70,bing,http://web.archive.org/web/20181015234649/https://upload.wikimedia.org/wikipedia/commons/e/eb/Bull_Oostvaardersplassen.JPG,Is this cow older than 5 years? | Whats the weight of the bull? | What breed is that? | What breed is this bull? | Is this considered a bull or an ox?,wayback
34996b20-0ad3-42f3-98a9-1fca5bab1ef7,bing,http://web.archive.org/web/20140218073218/http://img.gawkerassets.com/img/198kmabdjwuj4jpg/k-bigpic.jpg,What is she packing for? | Where is this suitcase traveling to? | Why didn't she fold the clothes before packing them? | Does she not have bigger luggage? | Who is that on the suitcase?,wayback
108b3076-1f42-4943-8ec2-83de316ada78,bing,http://web.archive.org/web/20141111040205/http://www.aceshowbiz.com/images/still/fighting07.jpg,Why are they fighting? | Why is he punching him? | Why are they fighting? | Is either man seriously injured? | What city is the main actor from?,wayback
225d0c85-8402-44cd-920b-f96a1074522b,bing,http://web.archive.org/web/20140308035537/http://www.trbimg.com/img-5310d5d3/turbine/chi-suspected-auschwitz-guard-unfit-for-trial--001/1024/1024x562,Is a train coming? | What railroad station is that? | What is the name of the train station? | What train station is that? | How did visiting the camp make you feel?,wayback
ba5e3651-4139-41cd-a6a5-24741756d861,bing,http://web.archive.org/web/20150710183114/http://www.soundonsight.org/wp-content/uploads/2009/11/oscar_statue-award.jpg,Who designs this award? | How do these get made? | Is this an authentic Oscar award? | What kind of metal is used to make this statue? | Whose award is that?,wayback
a168a716-145d-4950-aeb9-ad6c517cfa96,bing,http://web.archive.org/web/20120124193018/http://www.krismbeal.com/wp-content/uploads/2010/11/water.jpg,Is she drinking water? | Does he drink a lot of water? | Why did you take a picture of someone drinking water? | What is this advertising? | Is that water they are drinking?,wayback
ace30f0e-7dd2-4d37-bbf2-e5b4e048b54c,bing,http://web.archive.org/web/20151228222136/http://reputablemoving.com/wp-content/uploads/2012/02/box_masking_tape_packing.jpg,Do those work well for taping boxes? | Do those tap guns work good? | What is in the box? | Where is he sending the box? | Does that tape dispenser work well?,wayback
fe167dcd-93f3-41a3-9a49-eb83abc7dbe5,bing,http://web.archive.org/web/20121030140904/http://www.abc.net.au/news/image/4337436-3x2-940x627.jpg,What causes that kind of destruction? | How was this town destroyed? | What caused this building to fall? | Was this the result of an earthquake? | What building was that?,wayback
96eacd6f-0c50-47c8-a729-a6468f836e43,bing,http://web.archive.org/web/20120808053446/http://laktek.com/presentations/punch/images/punch_main.jpg,Why are they fighting? | Why are the cats fighting? | Who ended up winning this fight? | Is this a playful fight? | Do this cat and dog frequently sparr?,wayback
2f534e70-c578-43b4-9cf3-2d96d8e45844,bing,http://web.archive.org/web/20150924102547/http://www.homewetbar.com/images/prod/w-wine-opener-burlwood238065.jpg,How much does this corkscrew retail for? | Is that a pocket knife or just a fancy corkscrew? | Where did you buy that? | How much does this cost? | How much does the wine opener cost?,wayback
9ee1c838-8c3e-4a64-879f-0d2307bdf518,bing,http://web.archive.org/web/20120605034558/http://www.christian-wallpaper.com/backgrounds/Looking_Out.jpg,What is that man thinking about? | How long did he sit there? | What lake is that? | Where is this lake? | What is the boy looking at?,wayback
dcfa1f4c-53a8-4769-bce3-6380273f2d79,bing,http://web.archive.org/web/20160216104657/http://www.haloliving.co.uk/image/cache/data/Reggio%20Dining%20Chair%20-Old%20Saddle%20Nut%20-%20Nibbed%20Oak2-1000x1000.jpg,Does the chair come in other styles? | What type of wood is this chair made of? | Can you get that chair in a set? | Is that chair comfortable? | Is that chair hand made?,wayback
43be57df-67c9-422b-ac80-06f9d3559e75,bing,http://web.archive.org/web/20120521165852/http://www.mamashealth.com/child/images/walk.jpg,How old is the little boy? | How long before he's walking on his own? | How old is the kid? | How old is this little boy? | Whose is that baby?,wayback
cf604558-09be-4141-a7d0-7411c3fdea7f,bing,http://web.archive.org/web/20160131101348/https://lucys.co.nz/wp-content/uploads/thebutchery-rolled-rib-roast.jpg,Did you cook vegetables to go with the meat? | What type of meat is this? | What type of meat is this? | What seasonings do you put on the roast? | What cut of meat is this?,wayback
5b1e5ca7-91ec-46f9-8260-70a488469242,bing,http://web.archive.org/web/20120802074331/http://www.thefourcharms.com/wp-content/uploads/2012/04/pressure.jpg,Who manufactures this pressure cooker? | What's special about this pot? | Is this a pressure cooker? | Is that a pressure cooker? | Can you cook rice in this?,wayback
09993df9-c915-4517-8dd4-68761f31eb4f,bing,http://web.archive.org/web/20160127101441/http://www.theboardstoreonline.com/wp-content/uploads/2012/07/kitchen-remodeling.jpg,What type of wood are the cabinets made from? | Are those granite countertops? | Is the house big? | Did they intend to make their kitchen so dark and dreary? | How much does the material in the kitchen cost?,wayback
2d316e07-10e8-4a59-9a54-20bc60059336,bing,http://web.archive.org/web/20130910172645/http://www.culturamix.com/wp-content/gallery/fotos-de-surf/surf-2.jpg,How long did he ride that wave? | Did the surfer make it outside of the tube without falling? | Where is he surfing? | How fast can surfers go? | What is his name?,wayback
6fd1c8ad-7a7d-4306-9a08-9b62c47e30fc,bing,http://web.archive.org/web/20181127080042/http://www.fitnessarts.org/wp-content/uploads/2012/03/couple-cooking.jpg,What are they making? | Are those vegetables from their garden? | What are the contents of this man's salad? | Since when did you become a stock photo model? | Do they often cook together?,wayback
06448807-895c-4861-99d8-fa6d319599fa,bing,http://web.archive.org/web/20160826191612/http://johnstonfarmohio.com/yahoo_site_admin/assets/images/DSC03871.16180138_large.JPG,Was this at a mueseum? | Are they having a birthday party? | What are the children making? | Whose kids are those? | What are these kids gathered for?,wayback
c9c57778-2e95-43e0-bb12-74a27d094347,bing,http://web.archive.org/web/20160510131818/http://www.rammtranslaw.com/wp-content/uploads/2010/01/operating-room.jpg,What procedure are the doctors performing? | What type of surgery are they performing? | What surgery are these doctors performing? | What kind of surgery is being performed? | What is going on?,wayback
466813f5-df66-4c29-9494-a3908aff1d58,bing,http://web.archive.org/web/20160418204946/http://www.timeforafilm.com/wp-content/uploads/2012/12/Pitch-Perfect-img-07.jpg,How good do those headphones sound? | Are the headphones attached to an iPod? | How old was Anna Kendrick in this picture? | What music does she mostly listen to on her headphones? | Why is she wearing headphones?,wayback
32487caf-c829-4015-8108-71a31f1f130b,bing,http://web.archive.org/web/20150817214204/http://www.damselsinsuccess.com/wp-content/uploads/2013/04/office.jpg,What does this company do? | What is this an office for | Are those iMac computers? | What kind of an office is this? | Whose office is that?,wayback
