image_id,image_url,query_term,questions,captions,wayback_timestamp,source_type
1236e320-0e85-42c5-9717-f1afffe3e41e,http://images5.fanpop.com/image/photos/26900000/Becoming-Jane-becoming-jane-26988361-2048-1365.jpg,becoming,Why is Anne so surprised?---Why is she excited?---How much did she get paid to be in this film?---What movie is this scene from?---What movie was this from?,A lady acting out a scence with candles about her in a fancy dress wearing jewlery.---A woman with dark hair looking happy while sitting at a table with candles on it---A woman with a look of surprise and her hands on her chest with two candles burning.---A woman wwearing a dress is sitting in front of two candles.---A woman in an old dress near some lit candles,,original
3415bdf8-5f4b-4c7f-9522-7b510c359e83,http://3.bp.blogspot.com/-ab0Cd4ZbYTw/Thhb-MBqOII/AAAAAAAAAb8/WOqr-Q03FLw/s1600/June+%2527+11+091.jpg,visits,Are those all dairy cows?---Why are these children on the farm?---Are these wild cows?---Were the girls a little bit afraid of the cows?---Are those cows rushing those children?,Four children are facing towards a green meadow with cows---Young girls in a field looking at cows---A group of kids look onto a herd of cattle in a field---Children watch cows in a field.---Children watching as cattle walk through a grassy field,,original
733f1063-f7e1-42a4-9ad5-6fbc4ac7ed68,http://www.premieremulti.com/wp-content/uploads/2012/12/premiere-social-events.jpg,social event,What is the reason for this banquet?---How many people went to this event?---Did you enjoy this dinner?---What event was that at?---What is this presentation about?,People sit at tables at a gala event while a video plays on the screen.---Seated crowd attending conference in large hall with presentation on screen---A  group of people seated at a banquet with a presenter having a video running.---A large crowd sitting down to dinner---People seated at tables in formal wear view a presentation,,original
39ad91db-5a83-4cf2-9ce1-152c1cc7dabd,http://static.guim.co.uk/sys-images/Guardian/Pix/pictures/2013/1/20/1358697125146/Dorking--A-family-of-snow-017.jpg,snow,Did one person make all of these snowmen?---Who made those snowmen?---Where were these snowman made?---Who made the snowmen?---Who built all of these snowmen?,A group of tiny snowmen with stick arms outstretched---A group of snowmen with their stick arms spread wide---A group of snow men with their hands up in the middle of a snow field.---Three small snowmen and two large snowmen are posing for a family picture---A snowman family,,original
d5e56382-2f23-4af6-9213-f223775fe7a3,http://dogs.thefuntimesguide.com/files/walking-dog-around-new-house.jpg,moving to a new house,What breed of dog is that?---Is that your home?---What does the woman have in her hand?---What kind of dog does she have?---Is this house located on an ocean?,A woman walking a dog in front of her house---A woman walks a dog on a leash outside of a house.---A woman walking her dog outside of a two story house---A nice large home with a lady taking her dog out for a walk through their grassy lawn.---A woman walks with a black dog in front of a large house,,original
ccde70cb-9a36-4940-b4a1-4ec4f945155f,http://fc01.deviantart.net/fs70/i/2012/135/4/1/field_goal_post_stock_by_avenueimage-d4zu0w4.jpg,field goal,Is this a football field?---How tall is this goal?---How many feet apart is the end goal?---Is that a high school football field?---Who comes to play here?,A football goal post at the end of a grass field---A football field goal pole situated on an empty field.---The uprights of a football field in the middle of the day---white metal field goal posts on a grassy field that is with lights on either side---Poles erected for a sporting even in a grassy field,,original
9eded3ff-d684-47a8-b232-ee489729732f,http://www.carid.com/images/brand/suncore/151g-31-f_v1_20110921.jpg,strut,What are those products used for?---What is the main function of those?---What are those used for?---What equipment is this?---What do these devices do?,Two auto shock absorbers---Two black car shocks---Two springs---Two pieces of black colored metal contraptions next to each other---Two black shock absorbers with spiraled coils,,original
bc1dbbfb-075f-421a-a4b4-9d7b9438c37c,http://3.bp.blogspot.com/-9Nhuq5QK7B8/U8bYqh2nDBI/AAAAAAAAFEc/EQV6SQBO7dw/s1600/DSCN0773.JPG,microphoning,What are they getting ready for?---Are they related?---Why is the man grabbing his vest?---Why is that man touching the other guy like that?,White haired man in Hawaiian shirt straightening clothing of man in red shirt with sunglasses on head---A man in Hawaiian shirt fixing the shirt of a woman---A man in a Hawaiian shirt adjusts someone's vests---A man adjusting something on another mans shirt in a room.---An older man reaching out and adjusting the black vest of another older man.,,original
95c47102-60b4-48e8-aefd-22817f5b794c,http://farm4.staticflickr.com/3074/2838528418_0ee3053288_z.jpg,cleared,What is under the rocks?---Where was this taken?---Is that a cave in the bushes?---Is that pile of rocks a burial ground?---Did the pile of rubble used to be a home?,A pile of rocks in a dirt clearing in the scrubby woods---Pile of grey colored rocks in dirt covered field in front of trees---A sandy outdoor area.---An empty dirt are with a large pile of rocks---A large pile of rocks in a dirt area that is surrounded by trees,,original
35d6f1ae-3060-4817-aa34-5316cd1925c5,http://3.cdn.nhle.com/stars/images/upload/2010/12/12.1.10GJ051_slide.jpg,visits,Was this done by make a wish?---Why is this child in the hospital?---Why was he in the hospital?---Did the boy get better?---Why is this boy in the hospital?,"Three athletes wearing jerseys sitting next to a boy in a hospital bed---A sports team gathered around a sick boy in the hospital---A group of people in sport jerseys taking a picture with a boy in a hospital bed---Three men in black, Dallas hockey jerseys around a boy in a hospital bed with a blue blanket---A man laying in a hospital bed surrounded by three men wearing Dallas hockey jerseys",,original
02a65b9f-a629-4c57-a7db-174c7ebc1a2c,http://spaceinimages.esa.int/var/esa/storage/images/esa_multimedia/images/2013/02/columbus_launched_onboard_space_shuttle_atlantis/12512695-1-eng-GB/Columbus_launched_onboard_Space_Shuttle_Atlantis.jpg,launched,What is the name of this rocket ship?---What was the radius of smoke dissipation from the rocket launch?---When was the lift off happened?---Where did the shuttle travel to?---Which one of the space shuttles is on that rocket?,A ground level view of a space rocket launching off with clouds of smoke billowing out from below.---rocket shooting off leaving smoke and fire behind it---A space shuttle takes off with a plume of smoke in a field---Rocket taking off---A rocket launches into the sky with clouds below,,original
64d00386-3e6a-4c41-8ac8-b26015265844,http://createdigitalmusic.com/files/2013/05/pcusack_chernobyl2007.jpg,affected,How old is this gentleman?---Who is he?---What is he recording?---What is he recording?---What is the man listening to on his headphones?,A man outside holding recording equipment---White haired man walking through a field holding a boom microphone and carrying a backpack---A researcher is investigating the field---A man holding recording equipment and wearing a backpack standing in a field---A man holds a microphone in a field while wearing a backpack.,,original
2a767c85-68b4-4011-a419-fae21a11133b,http://www.themuslimtimes.org/wp-content/uploads/2013/01/muslim_prayer_beads.jpg,pray,Are those rosary beads the man is holding?---What is the significance of the beads that the man is holding?---How many rosaries have you owned in your lifetime?---What is the man praying for?---What prayer is he doing?,Did not load---Did not load---Did not load---Did not load---Did not load,,original
ad79ba49-f842-4432-90f4-d9ec4e3c04d3,http://media.breitbart.com/media/2015/02/concealed-carry-AP-640x480.jpg,contributed,How many bullets dose that hold?---Did they have a permit for that gun?---What kind of gun is this?---Is he proficient at shooting the firearm?---Is he being arrested?,A person in jeans and a black shirt has a gun holstered at their hip---A hand gun in a holster tied to a man's hip.---A person with a gun in a holster.---A man wearing a holstered black handgun on this hip---A man with a gun in a holster on his hip,,original
4bb814a5-cd4b-4e41-88de-679894a4969e,http://3.bp.blogspot.com/_0vQee8oZXq8/TCXCQwHQJ1I/AAAAAAAATVs/iqIAnwtQJX4/s1600/Aprilia%2BShiver%2B750e.jpg,shiver,Have you ever ridden a motorcycle?---How much does this motorcycle cost?---What is the cost for this motorbike?---What country made the brand of this motocycle?---Who does this bike belong to?,"A black and gold painted dirt bike.---A motorcycle resting on it's kickstand---A motorcycle that is black and gold stands on concrete---A sleek street scooter sitting on the road---A parked motorcycle that is black, silver, and gold",,original
6004d6cb-107c-43c4-b7a4-b601b0ebe55e,http://know1radio.files.wordpress.com/2013/10/186378606.jpg,world series,Did they just win the game?---IS the game over?---Did the Red Sox win the game?---Did the Red Sox just win the game?---What was the ruling on the play?,A professional baseball team celebrating a victory---Baseball players are celebrating on the field.---A baseball team celebrates in a crowded stadium---Red Sox players celebrating---A picture of a group of Red Sox baseball players celebrating on the field.,,original
da74b576-1b23-4833-ae69-f0267e6ab9c7,http://static1.businessinsider.com/image/5441663decad04451a388163/president-obama-says-his-credit-card-was-declined-at-an-nyc-restaurant.jpg,declined,When was this picture of Obama taken?---Why is Obama so sad?---What was bothering him?---what where the circumstances surrounding this picture?---Is Obama praying?,"Barack Obama standing with his eyes closed and a blank look.---President Barack Obama is looking down solemnly against a blurred greenish background---The President looking down with his eyes closed---Barack Obama looking down with a solemn expression---Close-up Barack Obama in suit, looking downward in pensive mood.",,original
a41d20d6-a070-41ad-800d-0c0d1c2e6a19,http://samomatic.com/wordpress/wp-content/uploads/2009/09/factory1.jpg,line of work,What are they making?---What are they making in this factory?---What kind of gadget are they assembling?---Did the workers seem to enjoy their work?---What are they making?,An assembly line with many workers wearing blue shirts and white hats---An assembly line of workers---Factory workers on an assembly line---Factory workers---men and women working on either side of an assembly line wearing hats,,original
6f988f68-3429-4fc3-a2f5-f3469b073766,http://2.bp.blogspot.com/-_xi6rEdQ578/UQZ6CPatJ-I/AAAAAAAARvs/QSXFjSCiomk/s1600/Spring+Drops+Wallpapers+04.jpg,spring,Are these flowers from a hybrid plant?---What type of flower isthat---What type of flower is this?---What types of flowers are these?---Are these flowers in your garden?,Close-up of purple tulips with water droplets on petals---Dampened bright purple tulips with very green leaves surrounding them---A purple flower is collecting dew on an early morning---yellow flowers with green leaves covered in small water drops.---Purple tulips with pointed leaves are flecked with dew,,original
67127deb-5896-4c73-b641-b8463c5da790,http://fsxpage.files.wordpress.com/2012/11/airbus_extended_93.jpg,extended,What is Thomas Cook?---What flight paths does the airline take?---Where is this flight headed?---Have you ever heard of Thomas Cook?---Where will that plane head to?,A white airplane with blue letters and a blue tail---A large plane that is parked in the runway at the airport---A plane prepearing to deboard passengers---A primarily white colored plane with blue writing with steps by the door for people to board---A big airliner,,original
f7e6ea77-6163-4a66-996d-6d4f96477418,http://4.bp.blogspot.com/-rrWsn7CWxVk/T4coGatNlFI/AAAAAAAAAM8/m2b5oR5yofc/s1600/DSCF2020.jpg,wants,Did she do her on nails?---Is that nail polish the quick drying kind?---Who's hand is that?---Do the sparkles make the nail polish lumpy?---Who painted her nails?,"A woman holding up a bottle of nail polish---Nails painted with blue and glittery nail polish.---A hand holding a bottle of nail polish, the nail polish that was used to paint the finger nails.---A hand with the finger nails painted blue, wrapped around a blue nail polish---A hand with green fingernails holding a jar of fingernail polish",,original
cc083dc2-f87b-4f0c-8688-5d8c84864d94,http://2.bp.blogspot.com/-mWgGQPzvby0/T9Ngun6-c4I/AAAAAAAAEDY/HDXpzgCQT2k/s1600/botas1.jpg,looks,Who took the four photos?---Which of these models has the most fans?---What kind of fashion is that?---Are these women professional models?---When did the skinny jean fad start?,Four fashion models---four women modeling clothes---Four different women are posing for a photographer for a fashion shot.---High fashion shots of four different women---Four women wearing fashion items,,original
93a9fa8b-c662-4f27-9f70-34397c043e80,http://3.bp.blogspot.com/-V72Y9JZSKls/UPTtu3o2ykI/AAAAAAAACcs/OTEF0s6BhbU/s1600/Snow-Festival-Saporo.jpg,snow,How long did it take to make that many snowmen?---Is this an annual event?---How long did it take to make those snowmen?---Why is there so many snowmen on the ground?---Why were they making all of these little snowmen?,"Hundreds of tiny snowmen, some with signs around their necks---A large group of white snowman heads---Hundreds of tiny snowmen.---A group of small snow men gathered around in the middle of a field---a large group of tiny snowmen",,original
331f9775-9953-4f7d-9104-1e634d7a55d8,http://helenw13.files.wordpress.com/2010/12/path_through_the_woods.jpg,path,Where does this path lead to?---Wouldn't that be a beautiful place to take a walk?---How long is this trail?---Where does that path go?---Do many people walk here?,A pathway is marked in a forest.---A trail through the trees with leaves on the ground---Country lane through the woods.---dirt walking trail through wooded area---A shaded trail through the woods.,,original
0f851af9-b46b-4969-8550-52cd3b33fd6f,http://3.bp.blogspot.com/-_b1Csc7ghAI/ThJ41JJirnI/AAAAAAAAB_o/Spek0OPuqDE/s1600/LOOKS+DE+INVERNO+%25288%2529.jpg,looks,Do you think skinny jeans will still be in style a year from now?---Are these women significantly famous?---Is that the same person?---Is it cold where all of thee women are?---Who is the oldest of those women?,Montage of ladies wearing fall fashions---Four different women wearing fashionable winter clothing with tights.---Four women are wearing fall clothing.---Several photos of a woman in different outfits---Four photos of women in fashion,,original
155f5db8-2f94-4891-927a-f326d793f1a0,http://images.fineartamerica.com/images-medium-large/2-horse-trading-peter-jenkins.jpg,horse trading,Why is there a large crowd of people and horses?---How many people are at this event?---How many horses were there?---How old are the horses?---What is everyone looking at?,A group of people in an outside setting with some horses nearby.---Two white horses in a crowd of people---A group of people with white ponies amongst them---people standing in street in front of a building with horses---Did not load,,original
240082fb-cf1a-41b6-8314-078cb5cd64b6,http://homebuildingbook.com/housephoto2.jpg,building a house,Is the house brand new?---Where is this house located?---Would you want to live in a house that big?---Does this house have a basement?---Did you grow up in this house,A large brown house and its front lawn---A large house.---A two-story brick house with four white columns and a green lawn---A large brick mansion with many large windows---The front of a large brick house with columns and large windows,,original
24b57763-c291-4946-94c5-0f8a376d2cb0,http://cdn.home-designing.com/wp-content/uploads/2012/03/Modern-architecture-patio-water-feature.jpg,feature,How much did that pool cost to construct?---How much does this house sell for?---How much is that house worth?---How deep is this pool?---Is this a home or a hotel room?,A pool area outside of a home.---The back of a modern home---A house with an outdoor pool---The exterior of a house with modern architecture and an outdoor pool---A residential house with glass walls surrounded by trees,,original
1b9d17bd-1eb3-41d3-8894-93c8808243bc,http://www.archives.gov/research/military/civil-war/photos/images/civil-war-003.jpg,civil war,What types of drums do these men use?---Was this taken during the Civil War?---Why did they have drums?---Where was this picture taken?---What kind of military is this?,A line of soldiers from the Civil War---Did not load---Did not load---A group of old era soldiers gathered near their camp ground---Soldiers during the civil war,,original
a547d094-e04f-4b6e-a21d-f0d27c6404a4,http://www.collectiondx.com/files/BIG_ORDER_ROOM_zps992143b2.jpg,large order,Do the Transformers fit into the spaceship?---How much does those toys cost?---Are these the action figures your son collects?---Are these toys part of a movie franchise?---What is the structure in the middle?,Transformer toys standing around a space station.---A group of toys gathered around a contraption that is part of the set---Transformers action figures---A collection of posed Transformers toys---A set of action figures and their accompanying accessory piece.,,original
b935f4ab-a560-4b31-b096-55fd75f825c7,http://3.bp.blogspot.com/-pKbCOVFZgyE/U9mLvW7M4kI/AAAAAAAAisw/8GyiMrowPf0/s1600/Shaft+of+Light.jpg,shaft of light,What is the location of this photo?---What city is this scenery located at?---Where is this town?---What city is this in?---What city is that the sun is shining on?,A town on a cloudy day---A dramatic set of clouds overlooking a town with two rays of sun coming through the middle of them---Sun shining through large clouds---A cloudy sky overlooking a dark town with very few sun rays shining through.---A high up view of a village with the sunlight peeking through the clouds,,original
0c8ceb69-b098-4da2-9005-a0239010d38a,http://p.vitalmtb.com/photos/stories/2014/12/11/full_strait_fox_3612.jpg?1418304350,recapitalization,How is he going to land that bike safely?---Who is that on the bike?---Did he land it?---Did he land properly?---Why is he jumping off a cliff?,A person doing a bike stunt off of the face of a stony cliff---A person on a bite riding off a steep mountain side---A person jumping off a mountain on their bike---A man in mid air off a high cliff on a bicycle with his arms spread out to the sides.---A bicyclist does a stunt off of a mountain.,,original
60e97442-fd58-43cd-b3a3-0195c617fd42,http://media2.onsugar.com/files/2014/03/25/210/n/1922398/f563daa1357841a2_INFphoto_1996841wtmk7y4eUA.191ratio/i/Stephanie-Seymour-picked-up-her-daughter-ocean.jpg,picked,What was making her happy?---Where are these people swimming?---Was this the ocean or a lake?---Is that the ocean in the background?---Was this picture taken on purpose?,A lady is standing in a body of water smiling---A couple of women floating in the water---A brunette woman next to water---The head of a woman walking in the ocean.---A woman smiles while in the water.,,original
b71a198c-3937-496d-9a14-6d05671690ae,http://static4.businessinsider.com/image/529bc3016da8110943428b02/look-what-happened-to-amazons-revenues-when-a-sales-tax-was-imposed-.jpg,imposed,What is the name brand of this man's sunglasses?---What is this man's profession?---Are those Ray Ban sunglasses?---Is he golfing?---What kind of sunglasses is he wearing?,A man wearing a hat and dark sunglasses---A man with a white hat and sunglasses---A man with a hat and glasses in outdoors during the day.---A white man in sunglasses and a baseball cap---The face of a man wearing a hat and sunglasses in the daytime,,original
092007e5-98c0-444c-bc3f-69908255ca1f,http://2.bp.blogspot.com/-5VsTSl4d7vE/T4W7sdu7mxI/AAAAAAAAAVY/u013N15qnvY/s1600/getting+married.jpg,getting,Did they enjoy laying in the grass?---When did you get engaged?---Where are they getting married?---Are these people in love?---Is he older than her?,A man giving a kiss to a girl on top of a grassy hill---A man with glasses bent over a woman laying on the grass kissing her forhead.---A man kissing a woman on the forehead while lying on her back---Man kissing woman in the grass.---A man kisses a woman on the head as she lays down in the grass,,original
568da543-416a-4bc1-815f-1f81af35a357,http://4.bp.blogspot.com/-AuWusQBTIIc/TzAM2Yo3zJI/AAAAAAAAAYI/AMW2-vJLHRc/s1600/churchpanting.jpg,planting,What type of plant is this?---Is the soil fertile?---How does a plant grow in hand soil?---Is this image trying to persuade a message?---What were you planting?,A pair of hands holding a patch of dirt with a plant on top of it---A person is hold some soil and a plant.---A person's hands scoops up soil and a small plant.---Two hands cupped around some soil with a small green plant in it---Two hands cupped together with black soil and a small green four leaved plant growing out of it,,original
2e3e00d7-9d52-4aeb-ad9d-bf90ded306b4,http://www.carid.com/images/standard/replacement-electrical-parts/as13.jpg,barometric pressure,What kind of contraption is this?---What machine does that fit to?---What does this piece fit on?---What is this piece usually used for?---Is this device used with a computer?,A black colored piece of metal part with the word STANDARD printed on the picture---A plastic piece is black with several holes and outlets---A black plastic piece---small plastic piece of equipment with three holes in the top and one hole for a screw---A rectangular shaped black machine part,,original
e9144df0-2d10-4f98-9f09-e451f985fd73,http://2.bp.blogspot.com/-8efquTK_bis/TkFcKmoscAI/AAAAAAAAAKA/CpJJoJ-EhWM/s1600/Fracking%2Bdemo%2BCT.jpg,group action,Where did this protest take place?---What is a Karoo?---What city was the protest in?---Where did this protest take place?---Why are they protesting?,Protesters gathing outside---A protest with banners against shell---A group of protesters holding a sign in the middle of a city---People holding a banner and marching to protest Shell oil company---Young protesters in a crowd hold up signs,,original
434e8cf9-8356-42c0-af91-343f603c06b6,http://farm8.staticflickr.com/7085/7166033957_b37b39e1f3_z.jpg,troubles,Are they part of a military operation?---Where is this happening?---Did anyone get killed?---What urgent situation is requiring the attention of these high level enforcement officers?---Is that the army?,A large swat team wearing their full uniforms standing behind cover---Construction workers on a city street---Police taking cover in the street---A group of soldiers standing around in full gear with helmets on.---Officers dressed in black uniforms,,original
5e86858d-4b3e-45de-b534-1c438065ec5d,http://diltzphotos.files.wordpress.com/2012/03/city-track-meet-01.jpg,track meet,What this practice or a meet?---Who do you think won the race?---Where is this hurdling taking place?---Are these men professionals?---Is that a college meet?,A group of young men are running and jumping over hurdles.---Male track athletes running and jumping hurdles in hurdle event---Three hurdlers running through the race track in the middle of the day---A group of racers competing on the hurdles---Three man competing in a hurdles race,,original
b5d357ed-9512-48cb-b9bb-23021a385446,http://4.bp.blogspot.com/-0RLOdxBIx3E/UvmDjHFsBcI/AAAAAAAACnA/A4aic0Jx6sQ/s1600/movie_pic_001_088_scarlett_johansson_we_bought_a_zoo.png,bought,What movie is this from?---Who is she?---Is this a picture of Scarlet Johansen?---Is that Scarlett Johannson?---is she playing a part in a movie?,An actor with a look of surprise on her face---Scarlett Johansson exclaims in surprise---A woman looks surprised---Scarlett Johansen---A woman who looks startled,,original
b896fad9-4c5f-472b-894c-7dfc25b3cbad,http://image.made-in-china.com/2f0j00RMjTstoYnFqy/Vision-for-Repair-Laptop-xBox-Sp3-BGA-Repair-Tool-ZM-R6808-.jpg,repair,What does the machine do exactly?---What is the magnification for this machine?---What kind of tasks does this advanced-looking machine perform?---What type of device is this?---How does this contraption work?,A piece of computerized machinery---A computer system that is has monitor and control device---Some type of computer tool---An electronic device with many parts and perhipials---A big microscope,,original
daf0c958-0266-42e8-a97a-fa460c5b066c,http://www.ar15.com/media/viewFile.html?i=52514,two-baser,How much did that cost?---Did the kids help you to build the play house?---What's that house going to be?---Is this meant for kids to play in?---Why does the cantilever beam stick out of the house?,A small wooden structure on raised legs---A wooden shed in a backyard---A small shack that is on columns in the middle of a yard---a small wooden building on stilts with ladders leaned against it in a back yard---A wooden shed on stilts is being built.,,original
e218510c-93bb-4aed-880e-65a3b75c8be3,http://2.bp.blogspot.com/-JUrl72Cwt-k/UM5FZzAeaVI/AAAAAAACJw8/BLsuQ8Mk7D4/s1600/lost_poster6.jpg,lost,What show is this?---Are all of these people on a tv show together?---What group are these people a part of?---Is this the cast for some TV show?---Are they the cast from something?,group of young men and women in front of jungle setting---a group of people posing for a photograph---The cast of Lost together with lush rain forest behind them---A group of young people in stylish clothes posing in the jungle---A group of men and women in camouflage colors sitting around a leafy background.,,original
b7846236-2cb4-4274-b115-fa57cdd477f9,http://images1.fanpop.com/images/photos/2100000/Shawn-Johnson-the-olympics-2116047-2560-1859.jpg,olympics,What country is the gymnast from?---How many flips can she do in a row?---What country is this gymnist from?---How much time does she spend practicing?---What sport was she competing in?,A female olympic gymnast doing a backflip in front of the olympic logo---A young female gymnast does a backflip---American olympic gymnast is performing---An Olympic gymnast doing a back flip---A young gymnast doing a back flip wearing a blue and red leotard,,original
8736afb2-419f-4b10-ae96-9a569f4ff230,http://4.bp.blogspot.com/-LV84LJVvkn4/TzoRwFNsM3I/AAAAAAAAEf8/-gLeI1ySr3o/s1600/Mount+EVErest2.jpg,mount,"Those mountains are gorgeous, do you agree?---How high is the tallest mountain?---How tall is this mountain?---What mountain range is this?---What mountain is this?",A mountain range with the mountains in the rear covered in snow and the mountains in the foreground are not.---A snow-covered mountain.---A snowy mountain peak amongst a large non-covered range.---A mountain range with snow on it next to smaller mountains without snow---Mount Everest,,original
64e94231-f6db-4cc6-90cc-173032a4acdb,http://defence-blog.com/wp-content/uploads/2014/12/cjXXh7LPHAA.jpg,air defense,Where was this taken?---Are those missiles in that vehicle?---Were you in that vehicle?---Where are they headed?---Is this machine part of the army?,A green tank is carrying a large supply load on top of itself while driving through the snow.---A tank in the snow---A large military vehicle with tracks---A snow track vehicle hauling two long tubular cylinders on its roof---A tank driving through a desert,,original
64bd763c-fb05-4c11-a39a-137f7ba7b1d9,http://a.espncdn.com/media/motion/2015/0729/dm_150729_mlb_nym_sd_bbtn258/dm_150729_mlb_nym_sd_bbtn258.jpg,3-hitter,What do you bet he throws a strike?---Can you tell what kind of pitch he's about to throw?---Where did this pitcher go to college?---What year and season is this picture from?---Was the pitched called a strike?,A baseball player with long hair preparing to throw the ball during a game---A baseball pitcher for the Mets throws a ball---A Mets pitcher is getting ready to throw the ball to home plate---A baseball player throws a pitch.---Long-haired blond baseball pitcher holding ball in mid-pitch,,original
f8567778-4e83-4fde-a924-0330b0917f6d,http://3.bp.blogspot.com/-xwCZTi9Kh3M/TZnbll8eXWI/AAAAAAAAB5c/OFePTGtKmD8/s1600/2011+04+04+032.JPG,slashing,Who designed this?---How long did it take to make this?---Whose is that?---Who made this piece of art?---Are those fishing lures on top?,A yellow quilt with strips of other fabric in patterns on it---A close up shot of various colorful swirls and squares on a yellow fabric---A strange set of multicolored trinkets on a yellow cloth---A group of jewelry placed on a yellow sheet next to each other.---A colorful art piece with swirls and checkers,,original
8421f80b-28e6-47a6-a394-9ffbf9bced82,http://2.bp.blogspot.com/-P7c7AcljZW8/UcQy_H3YMcI/AAAAAAAAI_o/38oYgpX6C5I/s1600/Rainfall+Wallpaper+17.jpg,rainfall,Was it raining when this picture was taken?---Do you have any idea where this scenery is located?---Does this area get a lot of rain?---Where is this field located?---Is a tornado about to form?,A green countryside with rain falling down---Dark clouds over green hills and fields---A grassy field full of mills during a stormy day---A field of crops with an overcast dark grey sky above---A grassy field with dark grey clouds overhead.,,original
0317bd21-d993-4fed-95ee-7045e1df2f39,http://blogs.denverpost.com/library/files/2012/10/Russell-means-book-photo.jpg,means,Who was he?---What ethnic group does he belong to?---What nation does he belong to?---Does he belong to an ethnic group?---What is the man in deep thought about?,A Native American man with braided hair contemplates---A Native American sitting with their chin propped on their hands looking off into the distance.---A older person resting their head on their folded hands---Native American man with long braided hair resting his chin on his hands---An old Native American uses their hand to prop their head up.,,original
73072205-540a-409e-9820-72beee0e1f9d,http://www.cs.columbia.edu/%7Esedwards/photos/kyle20050515/20050515-8942%20Kyle%20looking%20up.jpg,looking,What is the girl looking at?---How would you describe her expression?---How old is the little girl?---What do you suppose she is looking at?---How old is the kid?,"A young child tilts her head up, in profile---A little girl looking up---A small child looks up towards the sky---A young child looks up---A baby staring straight up---A young toddler with brown hair looking up at the sky---A young child looking into the sky---A child looking up---A small child looks upward.---A boy looks up at the sky",,original
2cabd9c5-034a-43a1-a6ff-b0fe5e99cec0,http://lifehopeandtruth.com/uploads/images/Laying-on-of-hands.jpg,laying on,Why is someone's hands on his head?---What is happening to the man in this picture?---Why are they placing their hands on his head?---Who is baptizing this man?---Why is he all wet?,A man with hands on his head---A man being baptised with wet hair and a set of hands resting on his head.---A man wearing glasses with another person's hands on his head---A person putting their hands on a mans head---A person puts hands on the head of another person,,original
869fe76a-104e-4f4d-8549-2ef815ada03d,http://images.fineartamerica.com/images-medium-large/rushing-river-jack-gantzel.jpg,rushing,Is it safe to drink the water at this river?---Is it running higher than normal?---Is there a campsite near by?---Is the river overflowing its' banks?---What state is this river located in?,A fast moving stream flowing through a green lush forest---A river rapidly flowing over the rocks near a wooded area.---A beautiful roaring rocky stream in a lush forest---A narrow stream running through a wooded area---A rapid stream flowing through trees and over rocks,,original
d3983abd-a831-4236-b95e-032794fa31f7,http://nation.com.pk/print_images/large/2012-12-05/israel-must-answer-for-its-war-crimes-1354729123-4870.jpg,war crime,Is this a post apocalyptic picture?---Was this destruction the result of a natural disaster?---Where was this taken?---What do you think caused the building damage here?---What there an earthquake or an explosion?,A man is walking in the foreground of a black and white photograph with war rubble and collapsed buildings in the background.---A man walking in a war zone---A person walks past the wreckage of a building---A man walks past a destructed building complex.---A soldier walks by a destroyed building,,original
0824e8d4-f09e-4271-b817-7c504db2371b,http://i.huffpost.com/gen/1148950/thumbs/o-WOMAN-FINDS-DOG-CBS-facebook.jpg,finds,Where did this disaster take place?---Was her house lost in a tornado?---Why is there so much damage?---What is the woman trying to find in the rubble?---What type of disaster occurred here?,A woman bending over picking up something from the ground which is strewn with debris---A woman and her dog standing among rubble---A dirty overweight person goes through rubble---An old woman sifting through a disaster area picking something up---woman wearing multi colored shirt while sorting through a field of rubble.,,original
7e875b74-9751-443a-9ca3-25424ef2ba4e,http://images2.fanpop.com/images/photos/3200000/james-spike-3273656-1978-2000.jpg,spike,"Why does this man look so serious?---Who is sexier, Spike or Eric Northman?---How successful is this man?---Who is this man?---Have you ever seen this man before?",man with blonde hair and leather jacket leaning against wall---A man with bleached hair stands in front of a brick wall wearing a leather jacket---A man in leather jacket with bleached hair---A man with blonde hair wearing a leather jacket crosses his arms.---A man poses for a photo in a leather coat.,,original
091428f9-d1a5-4ad1-8ca5-447162bd40e8,http://static.guim.co.uk/sys-images/Guardian/Pix/pictures/2011/1/10/1294659369920/A-flash-flood-in-Toowoomb-003.jpg,flash flood,What city is this in?---How high are the flood waters?---Is this floodwater?---Where did this flooding take place?---What town is this?,A water drenched and muddy hill near some buildings in a city---An empty lot in an urban area---A muddy outdoor area near several buildings.---mud and hay in a wet looking field above and in front of a town---Muddy flood waters in front of buildings,,original
33878be2-bc9e-47f9-a6a1-0579ac4ea1f2,http://4.bp.blogspot.com/-hifuEWSntQY/Tq1F5CO_i5I/AAAAAAAAAjE/fHm2H2049Co/s1600/market_garden_day_8_2.jpg,world war,Who are these men shooting at?---Is this photograph from an actual war scene?---Are those American soldiers?---What war was this taken in?---What battle was this?,"Soldiers in a trench firing a gun---Two soldiers stand in a trench with their guns ready---Two soldiers ina foxhole aiming a guy, a tank is behind the---A couple of soldiers on the battlefield with a machine gun---Two army men with a large gun laying in a hole in front of a tank",,original
4a13332f-569a-4142-bea1-e1d093b1155a,http://static2.businessinsider.com/image/520d027f6bb3f7475f00000f/a-world-series-of-poker-champ-sold-his-tournament-bracelet-for-65000-in-an-online-auction.jpg,world series,Did he really win all of that?---How much did he win?---Is that real money?---Did he just win this money?---How much money is that?,A poker player sits next to a giant pile of cash---A man sitting at a green felt table with piled poker chips and stacks of bundled cash---The winner of a poker tournament sitting next to a huge stack of money and poker chips---Piles of money and poker chips are sitting on a poker table.---A poker player holding a pile of money on top of a table,,original
36f53cbd-4366-4847-97f0-26646efe56e9,http://a.scpr.org/i/fb578705bfd0e42ff0d49352debed914/73793-full.jpg,amounted,What is he speaking about?---Do you happen to know what he might be talking about?---Is he a motivational speaker?---Is this man the CEO of Cover California?---What is he talking about?,A man in a business suit doing hand gestures---A man with glasses in a suit with white shirt and blue tie speaking in front of a sign that says Cover California in the background.---A man  during a speech---A business man giving a presentation in a suit and tie---A man in a suite speaking to people in front of a white banner with a logo on it,,original
ed8d403a-531a-4ac1-b25c-222d4b552911,http://fc09.deviantart.net/fs70/f/2012/295/8/e/leaving_summer_behind_by_chris_lamprianidis-d5ilaq7.jpg,leaving,Where is this garden?---What park is this?---Are those woods safe?---Does she feel safe?---Why is this woman walking?,A woman walking on a shaded path lined with red-leaved trees---A woman is walking down a road surrounded by trees.---A woman in white walks down a tree-lined path---A woman walking away down an empty paved road through red trees---A lady walks down a path in the autumn surrounded by colorful trees,,original
23a7bd24-4397-47d7-ab82-8d66474bb82b,http://olympicphotocircuit.com/images/results/2013/gallery/acceptances/part03/Li%20Peng%20-%20Holy%20Worship%209.jpg,acceptances,Do they live in that cart?---Why are these people stopped on the side of a road?---Where are they traveling to that they have to take a nap on the way?---How hot is it where these people are?---Are those people homeless?,One man sleeping under a cart while another guards it---A person lays under a wheeled cart loaded in things on the road---A man and woman standing next to a cart full of items---Person lying in shade of loaded hand-drawn buggy while boy stands by; vintage-looking---A shoeless person sleeps underneath a full cart and another person stands nearby,,original
0c6730a3-ce9e-4fdc-8f61-888a610c4603,http://3.bp.blogspot.com/-zcmZzrLVsfY/U8bVnnivZtI/AAAAAAAAFD4/HZuOb-QNZXU/s1600/DSCN0788.JPG,microphoning,What is behind that wire mesh?---Is this a section of the screen door?---What is the function of this object?---Is that door safe or is it easy to brake in?---What is the purpose of the metal grate?,A close up image of a door hinge and a portion of a screen door---A bracket on a tin frame near some other frames.---A silver hing on a door with a tiled wall in the distance---A silver metal door latch---a door hinge,,original
69311e91-5891-481b-bacc-401a7c69d48a,http://eleganthomes.files.wordpress.com/2013/01/reclining-chair.jpg,reclining,Is this recliner comfortable?---what kind of fabric is the recliner made of?---Is this chair the favorite of the man in the house?---How expensive is this reclining chair?---Do you have one of those?,A brown fluffy reclining chair---an easy chair---A nice plush and comfy looking lazyboy chair in a taupe color.---A reclying chair.---A brown reclining chair,,original
05859329-67ec-46cc-b7e8-f7b55e22c73d,https://teachbaseball.files.wordpress.com/2011/05/matsui_catching_fly_ball.jpg,pop fly,Do you think he's going to catch it?---What stadium is the baseball player competing in?---How many outs are there?---Who won the game?---Who won this game?,An outfielder waiting to catch the ball---An outfielder getting ready to catch a ball with his glove way up.---A New York Yankees outfielder waits to catch a baseball.---Player catching a ball---A baseball players prepares to catch a ball.,,original
abb9e18d-e547-407c-b7c3-5a1ae2f17f19,http://a.abcnews.com/images/Politics/ap_marco_rubio_mt_141219_16x9_992.jpg,running for president,What office dose he hold?---Is this man a politician?---Who is this politician?---Who is the person speaking?---What is he talking about?,A man standing at a podeum talking with an American flag in the background---Marco Rubio giving a speech.---Marco Rubio speaking at a podium inside of a room---A male politician gives a speech with an American flag behind him---A  politician talking at a pew with a picture of the whithouse behind his and a flag to the right of him.,,original
95554e9e-f1ae-4145-91c8-a8bc4edc3e89,http://image.made-in-china.com/2f0j00QBUtLlaJHZby/Paint-Brush-Economic-PAB2075-.jpg,brush,What brand of paint brush is that?---Are you starting a painting project?---Is the paint brush used?---What are those bristles made of?---How wide is the brush?,A clean paint brush with black bristles and a black plastic handle is displayed.---A black paint brush with black bristles---A wide paint brush with a black handle and bristles---A black paintbrush with black bristles held by a metallic strip---A house paintbrush with a black handle and black bristles,,original
092e7975-7ce1-4922-af55-513d9842a983,http://www.intelligentvending.co.uk/image/1/360/g-drink-dr-9-drinks-vending-machine.jpg,vending,Who installed that vending machine?---Which of these drinks do you like the best?---Why aren't there any Pepsi products in that machine?---How much did the drinks cost?---How much is a coke?,A vending machine containing a variety of drinks---beverage vending machine---A vending machine with bottles of beverages in it.---A vending machine filled .with beverages---A vending machine is equippe with various soft drinks and juices.,,original
692af707-d376-485b-9d16-79b05e7e6ed1,http://st.depositphotos.com/1000260/1279/i/950/depositphotos_12799812-Surgeon-at-work-in-operating-room..jpg,operating,What type of surgery are they performing?---What type of operation is being performed on the patient?---What kind of operation are the surgeons performing?---What kind of surgery are they going to do?---What type of operation are they doing?,A group of doctors performing surgery on a patient near some medical equipment.---A group of peopl ein scribs at an operating table---A group of Doctors in an operating room---Surgeons working on an operation---Surgeons in blue garb leaning over an operating table,,original
7f863ce7-9edc-4d82-9901-6ec6ce6c79bf,http://www.theracingbiz.com/wp-content/uploads/2014/05/vagoldcup2014hotrizescaled.jpg,parimutuel,Who won this game of polo---What kind of horse race is this?---Who wins the race?---Are they playing polo or just racing?---How many competitors raced in this event?,Several people riding horses in a sporting event---Several horses in the middle of a race---Polo players on a grassy field with a crowd watching---A horse race through the grass.---Jockeys riding horses race on a grass course,,original
0ae2f145-de60-4d65-aa20-cd5ef4caf439,http://2.bp.blogspot.com/-FYhLb5d87x0/T303JNDursI/AAAAAAAAOwA/zrbw-jPR_Rw/s1600/courtney-love-16.jpg,picture,Is she a celebrity?---Is her face photoshopped?---Why does she only have eye shadow on one eye?---Is that someone who is famous?---Do you recognize this woman?,Courtney Love---A woman with blonde hair standing in front of a banner with symbols---A woman with blonde hair in a black top---A woman with blonde hair poses at a function---A blonde haired woman wearing a black top and necklace,,original
9a04cdff-f870-4acf-993c-dfaeea10f6d7,http://4.bp.blogspot.com/-tt50AiBOj0A/T5VoxPvpppI/AAAAAAAAEzo/Q6vAWFZusn4/s1600/angry%2Bface%2Bgirl%2B%284%29.jpg,face,Why is this little girl so angry?---How old is this young girl?---Why is this girl angry?---Why is she making a face?---Why is she so mad?,A young girl making an angry face.---A young girl with blonde hair and a white shirt is making a disgusted expression---An angry young girl---A young child with blond hair making a scrunched up face---A little girl makes and angry face,,original
d0de1c65-0083-476e-914d-3f9884241ce1,http://images2.fanpop.com/image/photos/8700000/Bring-It-On-movies-8700291-1500-983.jpg,bring,What movie is that from?---Is that Kirstin Dunst?---How did the cheerleaders do in the Regionals?---Do these cheerleaders go to a camp in the summer?---Are these people participating in a cheerleading competition?,A still from the movie Bring it On---Cheerleaders from the movie Bring It On---Cheerleaders are performing in a competition---Two female cheerleaders stand in front of three male cheerleaders---High school cheerleaders dressed in red and black,,original
5222d0a4-6236-49ad-947f-ab4dfa0d81d7,http://media-cache-ak0.pinimg.com/736x/36/e9/60/36e9608b8b54de90abf59d4ac223b79c.jpg,troubles,How did her box break?---What year do you think this IRA image is from?---Is the girl homeless?---Where was this taken?---Was she begging?,A woman sitting outside leaning against a wall.---A poor woman sits on the dirty street with broken items around her.---A young girl  on the steets surrounded by trash---A child sitting on the sidewalk---A young child sits on the pavement with debris strewn around them,,original
bfe51ff5-b43a-460e-bd94-8f20f243b6f4,http://4.bp.blogspot.com/-WpnEXWRyxf4/UUmHYlnkC2I/AAAAAAAAGQs/S3uDdoBKanE/s1600/Fell+Pony+Stallion.jpg,fell,Is that a toy horse?---How large is the figure?---Who made this little horse?---Is that a collectors item?---Is this a play toy for an animal?,A small toy horse is standing in sawdust---Did not load---A minature toy horse---A small white horse statue---A plastic horse sits on top of brown pieces of hay or straw,,original
53f9d51a-5d84-4efd-a838-78dc4b9624d9,http://2.bp.blogspot.com/-RWYOMikhZOI/UTwTK06bP3I/AAAAAAAAPS0/Il6RDuGHGU4/s1600/Hiroshima.jpg,nuclear bombing,What kind of bomb caused that?---Where was this photo taken?---What year did this explosion occur?---What explosion is this?---What country did that eruption take place in?,mushroom cloud from atomic explosion---A mushroom crowd developed over an explosion---A mushroom cloud from a nuclear blast---An explosion creates a large plume of smoke above earth---An atomic bomb exploding,,original
8ec61564-2835-43af-b7cf-cdf7d74ee5a9,http://www.gannett-cdn.com/-mm-/cc1f958f92e8154db0ed804251fad3593e745eae/c=0-230-4284-2640&r=x1683&c=3200x1680/local/-/media/2015/07/28/JacksonMS/B9318234118Z.1_20150728085511_000_GSQBFDNCH.1-0.jpg,stumping,What topic is the man talking about?---What was he speaking about?---What is that man speaking to the crowd about?---What is he lecturing about?---Is he really quoting from a magazine?,A man talks into a microphone at a podium---A man speaking into a microphone---A man speaking at the Neshoba County Fair---An older man in white speaking at the county fair---A man standing behind a podium and mic talking,,original
60354da2-9c28-4d30-a408-cb8f4d2632ad,http://www.johnharveyphoto.com/Japan/Toyohashi/TendingGardenLg.jpg,tending,What are those white flowers in front of the roses?---What kind of flower is in this photo?---Can you pick those flowers?---What kind of flowers are those?---What is he doing exactly?,A man posing with a flower---A young man smiling and touches the flowers---A boy in a blue cap picking a flower---A person touching flowers and smiling---A man wearing a baseball cap is standing by flowers smiling,,original
055a1d14-21e5-478d-9a07-399671855065,http://4.bp.blogspot.com/-ECdDDi3kO50/TaHu-p5cQcI/AAAAAAAAAAM/np6_jKgDQ0U/s1600/Farmers-Market-foods.jpg,market,Where is this vegetable and fruit stand located?---How much are the yellow bell peppers in the photo?---Are all of these for sale?---Where are these vegetables harvested from?---Is this produce organic?,"Buckets of veggies---Cucumbers, peppers, squash and potatoes are neatly stacked in wooden baskets.---A variety of vegetables in wooden baskets---Baskets of red and yellow peppers, cucumbers and new potatoes are displayed in baskets at a vegetable stand.---An assortment of fresh vegetables",,original
ba1daf87-2faa-4388-bde3-414500e15f68,http://www.cs.columbia.edu/%7Esedwards/photos/kyle20050515/20050515-8942%20Kyle%20looking%20up.jpg,looking at,What is the girl looking at?---How old is this little girld?---What do you think has her attention?---What is this kid looking at?,"A young child tilts her head up, in profile---A little girl looking up---A small child looks up towards the sky---A young child looks up---A baby staring straight up---A young toddler with brown hair looking up at the sky---A young child looking into the sky---A child looking up---A small child looks upward.---A boy looks up at the sky",,original
039aa48f-0747-4af5-8855-065d1f36ef8a,http://www.tropicalisland.de/REP_Siem_Reap_Angkor_Wat_with_monks.jpg,reap,What country is this building in?---What temple is that?---What is the name of the temple?---Are tourists permitted to enter this temple?---What kind of palace is that?,An ancient temple with three cylindrical sections---Exotic pagoda type temple with palm landscaping; people at entrance---This is an old hand made wooden structure placed in the tropics with palm trees---An ancient Asian structure with three towers and palm trees lining the walkway---An ancient temple,,original
404d41b2-3a4b-4a79-b7de-7ffbe68ef9e6,http://media3.onsugar.com/files/2014/03/25/182/n/1922398/da57170aadd1319f_71333PCN_Bacon15VeEBzw.191ratio/i/Kevin-showed-off-his-shoulder-tattoo.jpg,showed,How old is Kevin bacon in this photo?---How old is Kevin Bacon?---What actor is this?---What kind of tattoo is on his shoulder?---Did most of his sunscreen wash off?,A man with sunscreen smeared on him at the beach---A shirtless man standing in front of the ocean---Kevin Bacon squints while at the beach with his shirt off.---A man makes a distressed face as he stands by the water---Kevin Bacon at the beach,,original
d24a007d-ac5d-4752-baba-a0533235b019,http://static4.businessinsider.com/image/4df74798ccd1d59110020000/the-german-economy-is-falling-off-the-cliff.jpg,falling off,How far was the dive?---How high is he diving from?---What body of water is he diving into?---What body of water is this man diving into?---Isn't this dangerous?,A man diving off a cliff into the water---A man diving from a high rocky cliff into the ocean---A man diving from an old building into the ocean---A man diving off the side of a cliff into the ocean---A man diving off a cliff into the ocean,,original
8cfc399b-52ad-4781-b3f9-fe9e6b9c7818,http://i2.cdn.turner.com/cnnnext/dam/assets/150514144625-defining-moments----bavarian-ascension-super-169.jpg,defining,What are they dressed as?---What are the ladies talking about?---Are those two having a staring contest?---What are these women talking about?,Women in traditional costuming interact as they stand near each other---Three women dressed up in old time clothing---Three women in period dresses look to each other and talk---Three women talking---three young women in medieval costumes,,original
1f3cd272-38d0-45f1-8ac3-3ef41cea83b4,http://3.bp.blogspot.com/_4b7mjGwCmrk/TGKzXIF2aXI/AAAAAAAAAQ0/x_Z0qqnFOw8/s1600/Entire+Bridal+Party.jpg,wedding party,Did everyone enjoy the wedding?---Which bridesmaid is your sister?---What city's skyline did this wedding party take a picture in front of?---Is the married couple still together?---Is this their first marriage?,Wedding party lined up in front of city skyline; bridesmaids in blue with escorts flanking bride and groom---A man and his bride taking a picture with their friends---A wedding party posing for photos in front of the skyline.---A bridal party posing in front of a skyline---A young wedding group pose in front of a city skyline.,,original
21cd0957-cc2f-47c0-a22a-734c38c3deb1,http://4.bp.blogspot.com/_t6rV3U9ZEHM/TLsGtGSuuYI/AAAAAAAA7yM/CiDZhvuvbq8/s1600/eric-holder1.jpg,attorney general,What is he speaking about?---Did you get to meet him?---Is this man in politics?---Does this person work for President Obama?---Who is this guy?,"Eric Holder---A black man in a suit sitting in front of a mic---Eric Holder sits in front of a microphone---Eric Holder sitting at a table, speaking into a microphone---Holder giving remarks to the press",,original
7b1e2498-dec6-4741-82e7-10cfa741cad3,http://4.bp.blogspot.com/-m48_Omntres/TzwKtKJ93mI/AAAAAAAAIpM/qAQ07zt31gM/s1600/snow305.jpg,snow,How many inches of snow were on the ground?---How much snow is on the ground?---How deep is the snow in this picture?---How deep is the snow?---Exactly how deep was the snow?,"Snowy scene with snow-covered trees and ground---Snow covers the ground and a large, brown tree---A snow covered landscape with a few trees---A snow-covered wooded area in the winter---A forest covered in thick snow",,original
3fdbce76-5573-4220-bff2-810363d2c5ed,https://lwplibrary.files.wordpress.com/2015/01/jam-session-jan27-12.jpg,jam session,What song are they playing?---What kind of music do you think they're playing?---What is the name of their band?---Are they rehearsing for a performance?---What event was this?,Several musicians are playing instruments---A man plays a wooden instrument---man playing cello as part of band---Assorted musicians playing together---A band is playing with stringed instruments.,,original
9d601cd9-0925-4127-a2b2-e18d4c6aba09,http://thingselemental.com/wp-content/uploads/2013/02/mis-barricade_2426810k.jpg,barricade,What historical event is being depicted?---What city is that in?---What building is that supposed to be in the background?---Why was this barrier built?---Are those the French national flags?,Piles of wooden debris draped in flags---A large structure made up of wagons and other wooden debris---A pile of wood with people and flags on top of it---A barrier made of scrap wood and wagon wheels with people on top in front of a domed building---A shanty town in france,,original
00472679-97c5-449a-9ece-4d55370344f4,http://static.sportskeeda.com/wp-content/uploads/2014/10/table-tennis-paddles-1920x1080-1412834960.jpg,table tennis,Are those new paddles?---Are those ping pong paddles expensive?---Whose pingpong paddles are those?---Is that your ping pong table?---Where can I get a bright red ping pong paddle like that one?,"two ping pong paddles and two balls resting on table at the net---Two ping pong paddles crossed at a net with two balls in front---Two ping pong paddles with handles crossing leaning on the table net with two ping pong balls, one white, the other orange---Two ping pong paddles, two balls, and a net---A red ping pong paddle next to a black paddle on a ping pong table",,original
9bd0b1c4-1d25-4240-bc39-0719120b7522,http://ebmato.files.wordpress.com/2008/11/ej-programs134.jpg,programs,Why do people have programs at weddings?---How big of an event is that for?---Will the wedding be beautiful?---What event is that a program for?---Who's wedding is this for?,A pamphlet on a cushion---A program sits open on a green ottoman---Open wedding program on olive green tufted cushion---A wedding party pamphlet---A piece of paper with a couple of text printed on it,,original
2e4651b9-d6d8-4f93-b0f7-bba5772ad1fd,http://www.spanishpropertyinsight.com/wp-content/uploads/2015/03/barcelona-diagona-mar.jpg,declines,What city is this street located in?---What is the name of the street?---What is inside of Diagonal Mart?---Do you have any idea what city this is?---What city is this?,A low angle shot of several skyscrapers---Three tall buildings---A city street surrounded by tall buildings---A city's downtown has parked motorcycles and tall buildings---The view of a downtown area with large buildings.,,original
0ce3feff-12ba-4cc5-9fb7-890402761d0b,http://cdn04.cdn.justjared.com/wp-content/uploads/2012/07/game-comic/game-of-thrones-takes-over-comic-con-2012-04.jpg,con game,What type of event was this taken at?---Who are these people?---What movie or TV show are these people in?---Are those the actors from Game of Thrones?---How much money do they make each season?,A group of people embrace for a photo in front of a banner---Game of thrones cast---The cast of Game of Thrones poses in front of a ComicCon back drop---A group of movie and tv characters are standing in a group.---A group of people pose for a photo on stage,,original
9c4d5e1a-6e14-460e-a558-8c52805ca8d0,http://simplysophisticatedcooking.files.wordpress.com/2013/08/blackened-chicken.jpg,blackening,Is that a grilled hushpuppie?---Is this a piece of grilled meat?---What type of scone is this?---How long should this be grilled?,A piece of baked chicken---A piece of grilled chicken with grill marks---A piece of grilled chicken---grilled chicken breast---A cooked piece of grilled chicken on a white table,,original
4a43be22-4cda-4006-a941-be7b72b4b1d3,https://scotthaddow.files.wordpress.com/2012/08/mandible_02.jpg,redeposition,What kind of animal does this bone come from?---What animal is this from?---What species is this jaw bone from?---What animal did this come from?---What kind of fossil is this?,A small jaw fossil is sitting on a blue carpeted table.---A piece of bone makes a v shape---A piece of a jaw bone---An ancient jaw bone of some kind of animal---The jaw bone of a human being placed on a blue setting,,original
793a065a-9599-46b4-a8e8-62b28db981e8,http://aaronwalker.org/convergence/2005/Images/Star_Wars_Group__Action.jpg,group action,What kind of event is this?---Who put on this convention?---What other events were held?---Are they at a Star Wars convention?---Why were poeple dressed in Star Wars costumes?,A group of Star Wars impersonators standing outside while people are sitting at tables.---star wars characters posing for picture---People sitting at a round table with storm troopers behind them---Star Wars storm troopers taking photographs with people---A couple of people dressed like characters standing near some tables,,original
03c1835d-06d6-4dd4-a7b4-55f262a92a49,http://charltonbadongsky.files.wordpress.com/2012/09/598827_10151041336716430_916360805_n.jpg,appointed,What is this guy so excited about?---What is he celebrating?---Is that sunrise or sunset?---Why is this man stretching his arms out?---What body of water is that?,"A man standing on a cliff near a lake at sunset with his hands outstretched---A man on the edge of a cliff---A person spreads their arms towards the sunset---A person stretches his arms out while look out over a body of water as the sun goes down---A man stands in the edge of cliff beside the water, his arms extend out and up from his body",,original
a528a32b-f7f6-4535-b398-dceea0e754b1,http://2.bp.blogspot.com/-YrXEgpFzdsI/TccI8Uw_TeI/AAAAAAAAAJI/Gu0sNC5DVQw/s1600/VA+Disclosed+CD.jpg,disclose,How much does the album retail for?---is this band any good?---What kind of collection is this?---Is this your collection?---How much does one of these compact discs cost?,A pile of music compact discs---A merch table at a metal show---A pile of cd's---A collection of CDs are on display---Piles of albums and cds,,original
f3cc938d-7bd5-4002-82bc-9e28f36e2b79,http://brucebennettphotography.files.wordpress.com/2012/04/20120417-met-charityride-05-wp.jpg,tour de force,How many cyclists participated in this event?---Is this a triatholan?---What sort of race were they participating in?---How many people competed in the race?---How long is the race?,Cyclists in cycling garb ride in a group---Several cyclists in a race---A group of people bicycling---A group of men riding bicycles---A group of bikers are riding in a race in file.,,original
a9d85788-fd6b-49f5-b2d6-c7e66754943a,https://mentalillnesstalk.files.wordpress.com/2015/02/img_20150212_110630.jpg,climbed,How much did those socks cost?---Where can I buy these socks?---Where can I purchase these socks?---Does she own the entire Wonder Woman costume?---Where did you get those?,A pair of wonder woman socks---Legs wearing Wonder Woman themed socks---A woman is standing and she has cool Wonder Woman socks on---Someone modeling Wonder Woman socks---Colorful wonder woman socks,,original
2fbb9d07-4bde-47ec-a8b6-b14618c61370,http://www.bbc.co.uk/news/special/world/japan_zoomr/zoomr/includes/japan/noscript/japan_earthquake_2_976.jpg,earthquake,What happened?---What state was this earthquake in?---What did the earthquake register on the Richter scale?---Do you think these people were hit by an earthquake?---What caused the disorganized state of this scene?,"A street after it has been hit with a natural disaster, filled with vehicles and debris.---Rubble in the streets from an earthquake---Buildings and vehicles are destroyed after a natural disaster---A street covered with debris and wrecked cars---A road filled with cars and debris",,original
617a6975-ca7e-4fc1-b8c8-e2c96df97d9d,http://heylaurenrene.com/wp-content/uploads/2013/05/24-day-challenge-results.jpeg,results,How much weight did she lose?---How long did it take to lose all of the weight?---How much weight did she lose?---How much weight did she lose?---Have you ever lost this much weight?,A double shot of a girl in pink posing in the mirror---Pair of photos of woman taking selfies---Woman in front of white door taking before and after selfie images showing weight loss---A weight loss before and after picture of a woman---A woman's before and after photos,,original
7d1183e9-c556-41c0-a397-b98a01ae868e,http://th05.deviantart.net/fs71/PRE/f/2010/230/f/a/Flowing_Stream_2_by_angryteddy.jpg,flowing,What is the name of that river?---Do any fish live in this river?---What is official term for this type of terrain?---How long did you stay at the creek/---Were there fish in the stream?,A small stream falling down rocks running through the woods---Water is running down a river that is surrounded by forest---A waterfall flows near green trees that line a riverbank---A stream is flowing over rocks and running through a wooded glade.---A stream flowing over moss covered rocks,,original
4ac8cfb7-a1c2-482a-9d26-9bc53b176064,http://fc06.deviantart.net/fs70/i/2009/354/0/3/Reaching_hand_by_ArchaicLover.jpg,reaching,What is he reaching for?---Whose hand is this?---Is this your hand?---How old is the person in the picture?---Is this person in a dungeon?,A hand is reaching toward a light in an otherwise dark room---Light shines on a person's open palm---An open hand---hand in the dark with the palm reaching towards a ray of light---A hand reaching towards a light,,original
9e3cab35-2970-44f1-8a3a-f838f39ca46d,http://bongodogblog.files.wordpress.com/2012/12/scratchy-attacks-bongo.jpg,attacking,Do the cat and dog fight often?---What caused the cat to hit the dog?---What are the genders of these two pets?---What caused the cat to react like that?---Why did the cat attack the dog?,A black cat paws at a dog's face---A frightened black cat is attacking a black dog.---A black cat pushing away at a grey dog's face---A cat is sitting on a counter and scratching a dog---A cat and a dog,,original
b06f76e5-1914-493f-923d-9c01b7235768,http://moto.motorionline.com/wp-content/gallery/brought-superior-ss100/brought-superior-ss100-5.jpg,brought,What kind of motorcycle is that?---Does this motorcycle go fast?---How fast can you drive this motor bike?---Do you think a woman would like this bike?---How much gas can this motorcycle hold?,A black motorcycle is stood up for display---A black motorcycle---A motorcycle has black wheels and metal trim---A black and silver motorcycle on it's kickstand---A modern looking black and silver motorcycle,,original
97508a15-acb5-4920-8730-c53bed06d329,http://3.bp.blogspot.com/_Bt3R17sGtdA/S9seFLWxEhI/AAAAAAAAAAU/J8qZctlx2-U/s1600/lost-1.jpg,lost,Are these people on TV?---What is this group?---Did any of the cast hook up with each other?---Are all of those people on TV together?---What association is this group a part of?,The cast of Lost posing on a rock---A group of people gathered around standing and sitting on a rock structure---The cast of Lost posing on top of a rock formation---Cast of the show Lost sitting on rocks---A bunch of people sitting and standing on a large rock,,original
1bc4f2ba-604a-4fb2-bfc2-c828e8b5e3d7,http://garlicfriesandbaseball.files.wordpress.com/2010/09/tim_lincecum_2009-pitching.jpg,pitching,Did SF win this game?---How fast can he throw?---Why is his gloved hand at such a weird angle?---Did the Giants win?---Is he a good pitcher?,Tim Lincecum about to throw a pitch---A baseball player is throwing a pitch---A baseball player leans into a pitch---A major league baseball player pitching the ball---Tim Lincecum is pitching the baseball off of the mound.,,original
ae7e24fb-817c-45aa-bed1-3a3969c3a069,http://healthygallatin.org/wp-content/uploads/2013/12/New-Years-Eve.jpg,new year's eve,What are the people celebrating?---Did those men hook up with those women?---What year were they celebrating?---What year was this?---Whats the celebration all about?,"A group is celebrating a party---Four adults holding champagne glasses, wearing party hats, and celebrating---Two couple clebrating with champagne and confetti---A group of people at a party---Group of people drink champagne while wearing party hats",,original
2f42f9ba-03b3-4119-9e4a-94611246811a,http://4.bp.blogspot.com/_ODEN6RYLGe8/TS5aeoM4iYI/AAAAAAAAB04/-tR1wAD5J3k/s1600/100_8015.JPG,rolled,What kind of fabric is that?---What sort of fabric is this?---What type of fiber is that made from?---What is that fabric?---What is this piece of fabric a part of?,"Woven black cloth---A close up shot of fabric---A close up of some dark fabric---A black welcome mat---The stitched edge of a thick, black ribbed fabric",,original
674524a8-49d6-4566-9f0c-fee5e8bff807,http://4.bp.blogspot.com/_WOWQJUlRtKQ/TRt2yqMfN5I/AAAAAAAABPI/-IYkbfVV9UY/s1600/humming+bird+3.jpg,humming,Do you have hummingbirds at your house?---What kind of flower is that?---What kind of hummingbird is this?---Is the humming bird easily scared off?---How fast do its wings beat?,a humming bird flying close to growing flowers to get a drink from them---A small hummingbird  that is flying next to a flower that has pink petals---A small brightly colored bird feeding off of a pink flower---A hummingbird flies near a flower---A red throated hummingbird hovering by a flower with red petals,,original
acbfa41b-1353-4434-a9e7-83712b2a33e6,http://2.bp.blogspot.com/-Ie6pM2UzEvA/TaqKYX-ynhI/AAAAAAAACuo/WySchkJunq8/s1600/101_7232.JPG,submarine ball,Was that a wedding?---Where did you buy that beautiful strapless black dress with the white flowers?---What was the occasion?---Are these girls related?---Were these women bridesmaids?,Four women in dresses posing for a photo---Four women smiling for a picture---Four women in dress attire pose together in a banquet hall.---Four women wearing dresses pose for a picture---Four smiling standing women in mostly black gowns in a reception room with others,,original
0c98acf4-aee7-4c0f-a911-662efb8cba9c,http://3.bp.blogspot.com/-JKEKr1CGzDI/U8bZn4EW9uI/AAAAAAAAFEk/vka9hmQ2VB4/s1600/DSCN0771.JPG,microphoning,Was this get together for a special event?---Is this a husband and wife?---Are these your parents?---How are these two people related?---Are they married?,A short woman and an older man stand together.---An older couple posing for a photo---A man and woman pose for a photo---Smiling man and woman standing side by side in room with wood floor---A man and woman,,original
108c380f-8773-466e-8bfc-939d720736c1,http://www.jezblog.com/images/20110623190329_webbelfast_0002.jpg,troubles,Is the boy a war survivor?---What is the little boy's name?---How did the car catch on fire?---What caused the fire?---What happened to the city?,A young boy standing in front of a fire---a little boy standing in the street next to a smoldering car and in front of a smoldering building---A little boy standing next to a charred car an building that has smoke---A boy stands next to a burnt car surrounded by smoke---A child next to a burned out car,,original
2200316e-2c15-45a3-b2f2-aaff61826356,http://static3.businessinsider.com/image/522d8ac0ecad04dc26ba226d/airline-awkwardly-blacks-out-logo-from-jet-that-skidded-off-the-runway.jpg,skidded,"What airport are these planes at?---Did something bad happen to that plane?---Something went wrong with that plane, would you say?---How many planes leave this airport each day?---What airport is this?",a white plane on the ground behind a tall metal chain link fence---A plane is taking off in the background while a plane with damage sits on the tarmac---A large plane with the logo censored---A large airplane---A crashed plane,,original
02fe6d38-2034-45d2-b594-9fef4815c0b3,http://4.bp.blogspot.com/-DOgOuoV0wNI/Tp3anW3_tsI/AAAAAAAACFw/PW1EfwGC_xM/s1600/walk%2Baway-764751.jpg,walk,Is the person male or female?---Where does the tunnel lead to?---Do you know who that guy is?---What tunnel is that?---Where was this taken?,A person walking through a tunnel with their hood up and hands in their pocket---A person is walking through a dark tunnel---A person wearing a hood walks towards the light from a dark tunnel.---A hooded figure walking through a dark tunnel---A person walking through a dark tunnel with the light at the end of it,,original
bfb8b2a9-27ee-423e-84b9-bab9b971ee1d,http://2.bp.blogspot.com/-rMpYq9u6rvw/UT_egD0sSvI/AAAAAAAAAKI/UDrj_VCZeys/s1600/column+copy.jpg,column chromatography,What sort of experiment will be performed?---Is that at your work?---What kind of equipment is that?---How does this contraption fill the test tubes?---How do you like working there?,"A lab with different types of test tubes and graduated cylinders---A lab with a bunch of empty vials, some big some smaller---A yellow plastic container holding about thirty test tubes in front of other laboratory paraphenalia---tray of test tubes in front of lab glassware---An assortment of glass beakers in a lab",,original
bbaf1316-632e-4a28-81d8-955f6ea1f9e1,http://farm4.staticflickr.com/3253/2381763674_663bd1acb5_z.jpg?zz=1,exercised,What bridge are they walking on?---What bridge is this?---Why is there a yellow line down the middle of a pedestrian bridge?---What city is this bridge in?---Is this a suspension bridge?,A walking bridge with people traversing it---people walking on a pedestrian suspension bridge---A pedestrian sidewalk---People traveling across a bridge by foot and bicycle---A long bridge with people walking and bicycling across it.,,original
01c9cc8a-3f7c-4b3e-867d-ca93f0d3469b,http://www.manahotels.in/traveller/wp-content/uploads/2011/01/taj.jpg,visited,How long did it take to build that?---Is that the Taj Mahal?---Does the inside of this building have tiled floors?---Where is this architectural structure located at?---How old is the Taj Mahal?,A palace by some water---A large monument stands high near a body of water---A bird's eye view of a temple---An aerial view of the Taj Mahal---Aerial view of the Taj Mahal in India and surrounding river and grounds,,original
e54d1d74-da55-4e90-aef3-7d7308acca69,http://antoniogenna.com/wp-content/uploads/2015/08/Hollywood-Game-Night-3x06.jpg,night game,Who are all these people?---What shows has the actor in the white been in?---Who won the game?---How is worth the most out of all those people?---What kind of games did they play?,Stars and contestants from Hollywood Game Night posing---Actors posing for a picture---A group of famous people standing in front of a sign that reads Hollywood Game Night---A group of celebrity contestants posing on the set of a game show---Celebrities posing as a group,,original
966399a3-9966-403b-a8da-ffa8559815a7,http://3.bp.blogspot.com/-Z-O1oVTbhUo/TsuSGhBop4I/AAAAAAAAAlY/TFmJSMA7FmY/s1600/LA+Meet+080.jpg,mixture,What type of dish is this?---What is it?---Who made this dish?---What kind of dish is that?---What is this dish called?,"A pan of pasta sitting on a table---A pasta casserole---A pan full of noodles and corn---A dish of noodles and vegetables---A dish with peppers, noodles, and bits of meat",,original
d4c93dfe-a83b-49b6-b5ca-54747f81168f,http://4.bp.blogspot.com/-Tdxwg9Tz26c/TazEaWSW8nI/AAAAAAAAA0k/p3hQ-WDztcQ/s1600/lion-the_chase.jpg#tiger%20chasing%20prey%201280x960,attacking,Did the lion end up catching his prey?---What type of animal is the predator in this situation?---Did the lion eat the antelope?---Does the lion end up eating the deer?---What country were you in?,"A tiger about to grab the hind end of a caribou---A lion hunting an animal---A lioness about to grab dinner---Lion without mane close on the heels of its prey, a deer or antelope without horns---A female lion chasing an animal",,original
3364bdf6-e348-480f-b526-6b6691a1ff87,http://media3.onsugar.com/files/2014/03/29/148/n/1922398/51d71fc7d3d2ed0f_450443257_10TefnC3.191ratio/i/Kylie-Jenner-showed-her-support-film.jpg,showed,How long has she been walking the red carpet this night?---What is her name?---How old is this child?---What do Covergirl and The Hunger Games have in common?---Is she wearing a designer dress?,Young brunette female celebrity standing in front of lettered red wall at event---Kylie Jenner posing in front of an adverstisement---A woman poses for a photograph---A beautiful woman posing for pictures---A young woman posing for a picture in front of a red wall,,original
0aedc52a-8325-4af9-bf59-856404ca11d9,http://4.bp.blogspot.com/-NE-QWVUK6mk/UzhquNU-ZeI/AAAAAAAATO4/69pXWpC7xeQ/s1600/Screen+Shot+2014-03-30+at+3.01.58+PM.png,jam session,Are they playing bluegrass music?---What kind of music are they playing?---What song are they playing?---What type of music was the band playing?---What music genre is this band?,"A garage band jamming---A band is practicing their music---Four-man bearded band playing indoors, with fiddler, drummer, guitar and viola players---A country bluegrass band plays music in a garage.---A guitarist, violinist, drummer, and celloist playing together",,original
b3883433-5b2d-4156-af74-25da86498cfb,http://www.thesweetestoccasion.com/wp-content/uploads/2010/05/blue-red-strawberry-birthday-party-tissue-paper-pom-poms.jpg,birthday party,How old is the person that the party is for?---What kind of party theme is this?---How old was the birthday kid turning?---What occasion is this cake for?---Who was having a birthday?,"A table with a cake on it and other party treats and decor---A room set up for a birthday party, with cake and decorations---A table with cake and candies set up on it---A birthday cake and party hats sit atop a table with decorations surrounding.---Blue and red birthday decorations",,original
491ac889-8b80-4bf5-adbd-257492c0d42e,http://4.bp.blogspot.com/-vJg8GZG9ERE/UhisRSNLwKI/AAAAAAAAAco/kZoW_PjHWKM/s1600/tibetan+bells.jpg,microphoning,What kind of instrument is that?---What kind of music is played with these instruments?---Who do all of these instruments belong to?---Is this room part of a studio?---Are those chimes used in a lot of songs?,Wooden chimes---Wind chimes being recorded---A chime instrument set up next to a microphone in a recording studio---A musical instrument behind microphone---A chime instrument,,original
285bbdb0-c743-4b34-8b60-a46df186f98c,http://www.graffiti.org/aware/1367.jpg,aware,"That's a pretty weird looking drawing, do you think?---Who was the artist that spray painted this train?---Who painted that?---Is that art work a part of the train?---What do the skulls represent in this picture?","""AWARE"" graffitti on the side of a train---A train car with skull graffiti and AWARE written in red paint---A train that has been spray painted with graphiti---Graffiti on the side of a train---A freight from a train with some graphics on the side that says AWARE",,original
4ec0220b-5ebc-47c5-a844-de9a007e62d0,http://farm3.staticflickr.com/2572/3902213751_3f69f6c14c_z.jpg,delivered,Do you like doing arts and crafts?---Is that a greeting card envelope?---Whose ribbon is it?---Did you create this paper craft?---What does this symbolize?,"signed sealed delivered sticker---A creative card with a hand-written ribbon on the front---Pastel blue surface with tag reading ""signed sealed delivered en route destination""---A scrapbooking craft---A design on paper",,original
7c6ed109-bb4f-4207-a2ba-b6730a7fcedd,http://media4.onsugar.com/files/2013/05/28/921/n/1922153/3f04c6d546f3d1e7_162499993_10.xxxlarge_2x/i/Nina-Dobrev-showed-us-perfect-way-wear-casual-up-do.jpg,showed,Is this person an actor?---Is she promoting a new movie?---How long has she been acting?---Do you know who this person is?---Does she mean to have her bra showing?,"Nina Dobrev's face at the Spirit awards---A head shot of a woman posing for a photo---Young brunette female celebrity wearing updo, standing in front of lettered wall at event---A brunette woman wearing a gold dress standing in front of a banner---A pretty young woman with brown hair posing.",,original
71065851-ca7e-4c45-903b-58cd840a26f9,http://harveypam.files.wordpress.com/2011/09/fruits.jpg,fruit,Are the fruits really sweet?---Why did you need so much fruit?---How many calories are there in total in this batch of fruit?---Are those fruit real?---How fresh are those fruits?,"Different kinds of fruit---A pile of fruit---A whole bunch of fruit is shown including bananas, oranges, apples and strawberries---A stack of fruits including apples, bananas, oranges, strawberries, cherries, lemons, limes, and coconut---a variety of fruits",,original
d97421c6-ccbb-4698-abd7-726df795c6aa,http://2.bp.blogspot.com/_0SRWpIVmOkA/TCY_F62W_AI/AAAAAAAAALo/QRoeAO_u86c/s1600/sent+martin+side+village.jpg,sent,Does that type of palm tree bear fruit?---Do you enjoy seeing palm trees like those?---Are those palm trees native?---Is this in Hawaii?---Why are there so many palm trees?,palm trees on a beach---Palm trees and other green plants line a road---Palm trees line the side of the road---A group of trees overlooking a beach---An empty road with palm trees next to it,,original
e0008761-efea-4b62-a0e9-d52f088a2cec,http://2.bp.blogspot.com/-jcxJNzX3Cpk/U-OS21v-zFI/AAAAAAAAFQA/IwuYymDbZ7Y/s1600/wake+up.jpg,waking up,Is the boy going to wake up in time?---Does she have time to go back to sleep?---Is this photo a stock photograph about the category of sleep?---Does that alarm clock make noise?---Is that your room?,"There's an alarm clock, and in the background there is a man who is just waking up---Alarm clock featured on nightstand with adult waking and stretching in background---A person stretching her arms as she wakes up---An alarm clock at 7:00 AM with a person outstretching their arms.---A Chinese boy waking up in bed next to his alarm clock",,original
8414452e-0a8f-489f-9e79-cb940f2257ef,http://2.bp.blogspot.com/_8B8FZtxJJyw/TJmt2LpSBfI/AAAAAAAAAU4/aio34aYVh44/s1600/DSC02358.JPG,craft,What kind of material are the hearts made out of?---What are the hearts made out of?---What was made with these felt hearts?---Did you make those hearts yourself?---Did you cut these felt hearts?,A stack of felt hearts---Hears made of different colored material---A stack of felt hearts of different colors---A couple of hear shaped pieces of paper in different colors---Felt heart cutouts,,original
1190fb32-8929-4357-8371-5ac629167483,http://fc08.deviantart.net/fs50/f/2009/274/6/4/bad_weather_is_coming_1_by_ThorBet.jpg,bad weather,How far away were you from the town?---What is the population of this area?---What geographical region is this terrain located in?---What city is that?---What cities is it raining in?,dark grey clouds in the sky over a landscape of green tree tops---A panoramic view of an oncoming storm---Storm clouds gathering over a town with lots of foliage---Rainy clouds coming through---Dark clouds above trees,,original
0179b949-0a37-4f2e-8c01-8fce58580801,http://images1.fanpop.com/images/photos/1800000/Becoming-Jane-becoming-jane-1802818-1024-576.jpg,becoming,Who movie is this from?---Why is she upset?---What movie is this scene from?---What movie is this from?---Who is she talking to?,A man and a woman are interacting with eachother---A worried woman looks into the eyes of another---A woman is looking at a man with a look of sorrow.---Anne Hathway looking dour in a period piece---Anne Hathaway,,original
2261977b-904a-42ba-b117-3d2f10a0605f,http://sydneymetaldetecting.files.wordpress.com/2010/04/img_2012.jpg,detecting,What is this guy looking for?---Did he find anything interesting?---What beach is this?---What kind of metal is the man looking for?---What is he searching for?,"Man in cap, t-shirt and shorts using metal detector in the sand---A man using a metal detector on the beach---A man metal detecting in the sand at night---A man on the beach with a metal detector---A man using a metal detector to search the beach for items",,original
868702a5-940a-48ff-bddb-c5522ad26f6e,http://2.bp.blogspot.com/_88k4Q3Suy6w/TBfGw1uNW_I/AAAAAAAABgQ/_edWLTiVasY/s1600/2010_kick-ass_003.jpg,kick in the butt,Why is she holding a gun?---Is this a scene from a movie?---Is this a kid's show?---What type of gun is she holding?---Who is this girl intending to shoot at?,"A woman in a schoolgirl outfit, holding a gun and posing for a photograph---A schoolgirl holding a silenced pistol---A young girl holds a gun while in her school uniform---a young girl holding revolver on her hand---A girl in a school girl uniform carrying a silenced pistol.",,original
1336d245-4229-4cc4-9a63-4c9326141bf6,http://2.bp.blogspot.com/_HWBCk73AmKc/TE5CjIhxSVI/AAAAAAAAAs4/53obzYs0g7Q/s1600/LineDriveBurger.JPG,two-baser,Where can I get this cheeseburger---What kind of burger is that?---How much did this burger cost?---How many calories is that burger?---Is this a healthy sandwich?,"A cheeseburger with lettuce, onions and tomato is served on a checker patterned tray liner.---A hamburger---A checkered cloth has a hamburger and toppings on it---A sloppily put together hamburger on checkerboard paper---An open faced sandwich with meat, onions, tomato, lettuce and cheese on a red and white checkered napkin",,original
330e1952-027f-47d5-aa40-3c599d790511,http://andreasmoser.files.wordpress.com/2012/04/vittoriosa-birgu-urgent-notice.jpg,notice,What is the purpose of this document?---What language is this document in?---Why was a picture taken of this document?---How did they follow this up?---What is that for?,A piece of paper that has a logo on it as well as other text---A paper hung on a wall---A white document with black lettering---A typed letter---An official document,,original
763d0491-ace7-46d9-b30a-411d3e187e84,http://anupkumarchaturvedi.com/00001_236.jpg,artillery,What is the range of that gun?---What type of artillery does this use?---What kind of equipment is this?---Is this some kind of weapon?---What does this device do?,A military weapon launcher---A large piece of equipment on wheels in the middle of the desert---A big military weapon---A large military weapon---An anti-aircraft gun,,original
7af48af8-c081-44b2-8c59-1ca3521c2a62,http://fc03.deviantart.net/fs8/i/2005/318/a/f/Morning_Dew_by_JMarie_Photography.jpg,dew,How long ago did it rain?---Is that what dew always looks like?---Is this picture taken in the morning?---How much zoom is being used?---Is that dew on the grass?,Green grass with water droplets on top---Grass speckled with dew---Grass with dew on it---A field of green grass with dew droplets on the tips.---Dew on grass,,original
608148cc-4a40-4ba3-a0d1-5271c0076792,http://www.gannett-cdn.com/-mm-/cc8644b3e438b231189a4f415c98394ab3457e7d/c=0-0-1956-1105&r=x1803&c=3200x1800/local/-/media/2015/02/04/USATODAY/USATODAY/635586676884694667-USP-NCAA-BASKETBALL-SYRACUSE-AT-VIRGINIA-TECH-69757878.JPG,imposed,What is he clapping for?---How old is this man?---Is this man important?---How old is this person?---What is this person known for?,A man in a suit and glasses looks on---A man with a suit and tie is clapping his hands and smiling.---An elderly man clapping his hands---An older man in a suit clapping---A basketball coach ready to clap,,original
fe7998ed-02ee-4021-997f-60162888a930,http://st.depositphotos.com/1008939/1318/i/950/depositphotos_13185198-Hard-to-Concentrate.jpg,concentrate,What subject is she studying?---Can you solve any of the equations on the blackboard?---Is she studying for an exam?---Was she having a hard time studying?---How many books has she gone through already?,A woman is sitting at a desk reading books while a chaotic chalkboard is in the background---A woman studying with a bunch of different books and a chalkboard behind her---A woman wearing glasses reads a book---woman wearing glasses reading books in a classroom in front of blackboard---A woman struggling over some school books,,original
6b6ffb6d-44d1-43bb-b537-244f1980f6a2,http://s3.amazonaws.com/static.texastribune.org/media/images/2015/06/26/7C2A9562_jpg_800x1000_q100.jpg,withholding,Did they just get married?---What did they see on the phone?---Are these two elderly gentlemen related?---What are they looking at on the phone?---Do you think these two are getting married?,"Two older men conversing and embracing---A couple sitting together, one man's arm wrapped around the other man---Two older men looking at a cell phone.---Two men sitting side by side comfort each other---Two men sitting with their arms around each other in a Texas government building.",,original
345823e7-58fe-47d4-98ef-5dd5619ff12e,http://mynoviceshots.files.wordpress.com/2012/05/felt-plates.jpg,felt,Are they using this felt for a craft?---Were any crafts made from this felt?---What kind of fabric is this?---Is this material felt?---Is that felt?,"An array of felt squares---Multi colored pieces of tissue paper on a table top---Unstraightened stack of colored paper, with blue sheet on top---A stack of colorful cloth sits in a pile---A stack of different colored felt",,original
acc86b03-e6da-4ab7-acf1-3c94ff7e9d6e,http://www.contentcreationcoach.com/wp-content/uploads/2014/10/Blog-First-Step.jpg,first step,Where does the yellow arrow point to?---Whose feet do these belong to?---Where does the arrow lead?---Where does the arrow lead?---Where does the arrow go?,There are shoes behind an arrow that is pointing forward---A person wearing white tennis shoes with a yellow arrow on pointing away from them---Did not load---Two feet in front of an arrow---A person staring at a yellow arrow on the floor,,original
2fe1d031-b426-4dfc-b054-f8377ca88726,http://rurallawyer.files.wordpress.com/2012/07/1359713_36501746-e1343229386173.jpg,surprised,How old is this child?---What kind of baby shampoo do you use?---What did the baby see that surprised it so much?---How old is the baby?---What is making this baby so surprised?,A shocked baby  taking a bath---A young child with his mouth agape and his hair wet and gathered into a curls on top of his head---A baby in a tube with a wet curl on the top of his head and mouth wide open---A baby with wet hair looks surprised---A baby with a surprised look on it's face,,original
18f01009-73b1-4fe5-b747-2cfebdc3d898,http://img0.etsystatic.com/004/0/6523612/il_fullxfull.359311556_omao.jpg,planned,How much do those cost?---How expensive are those onsies?---Didn't they think they would give the one kid a complex?---Were both of these shirts given to one person?---Are these shirts for twins?,Pair of t-shirts with differing views of pregnancy---Two onesies with joking text---Humorous baby onesies---A set of baby onsies with funny words written on the front of them---Two baby shirts for twins saying one was planned and one was a surprise.,,original
7c0c29c6-7459-4ae5-b5f0-cdb4680e8ee8,http://i.ytimg.com/vi/5uuQ77vAV_U/maxresdefault.jpg,flocculation,Do you enjoy chemistry?---What kind of experiment is this?---What is that?---What is the liquid in the beakers?---What type of test is being done?,Two containers of liquid---Two jars of brown liquid; one is a control jar and the other has Alum---Two beakers filled with dark liquid---Two see through beakers placed next to each other with liquid in them---An experiment with beakers filled with a brown liquid,,original
370960e8-a7fa-40d7-a9c7-4f5b507ccf04,http://3.bp.blogspot.com/-4GxjFY2SQtE/TcN1qnRgbJI/AAAAAAAAAAM/d_lJTkiGHuQ/s1600/berna+1.jpg,speaking,What happens if you speak Spanish?---Is this sign hanging in a government building?---What do you suppose goes on here?---What type of school is this?---Why don't they accept other languages?,"Lettering is on the wall spelling out english speaking zone---A sign on a wall that says ""English Speaking Zone"" where each letter is on a different color paper---Several papers on a wall spelling out ""English Speaking Zone""---A sign saying it's an english speaking zone---A wall with the words ""English Speaking Zone""",,original
e4181dfe-e2c2-419f-9cc8-06e1b03f97e0,http://engagingtoddleractivities.files.wordpress.com/2010/03/dsc_0730.jpg,activities,What age is this most likely designed for?---Did you make that?---What grade would this game work for?---What age group does this game appropriate for?---What age group is this game aimed at?,"A placemat with children's games---A mat with lots of cartoon fish---A colorful board game with fish images---match the fish game---A children's ""Match the Fish"" game",,original
fcae7e7b-587a-498a-bbbf-f92cbafce524,http://thetangential.com/wp-content/uploads/2013/10/Breaking-Away-copy.jpg,breaking away,What trail is this lady riding her bike on?---How far has this man been cycling?---Is it safe for the man to ride his bike without using his hands?---Does he love bike riding?---Did he lose control of the bicycle?,"A man holds his arms out as he rides his bicycle in a road through the forest---A man riding a bicycle down a wooded path, his arms are outstretched---A woman riding a bike in the woods with arms outstretched---A person riding a bike with their hands stretched out to their sides---A cyclist riding his bike with arms outstretched",,original
8a62433f-0a45-4438-9ead-5343606f9f70,http://www.adb.org/sites/default/files/styles/content_media/public/content-media/5220-phi-land-people.jpg?itok=cVjayHAd,land reform,At one point were all those flat things used for farming?---Are those steps in the hill natural or man made?---How big is the village?---Where is this village?---What do you call that type of terrain?,A hill with terraces cut into it and small houses---Small houses on a green piece of land---A bird's eye view of a town and nearby pastures---A arial view of green layered crops---A stepped agriculture system next to a group of houses,,original
f344b0bc-fc69-4387-9a2f-c96651da473a,http://lostpic.files.wordpress.com/2008/11/lost-cast-9.jpg,lost,Is this from the show Lost?---Why aren't they in bathing suits?---Is this a Lost promotional photo?---Who is your favorite actor on this show?---Are all those people in lost or is the photo a hoax?,The cast from the TV show Lost standing waist deep in the ocean wearing mostly white---The cast of Lost---A group of beautiful people posing in waist deep water---The cast of lost stands waste deep in water---A group of people in white shirts stand in the water,,original
af887b61-d580-493c-950d-58f45db7e385,http://th06.deviantart.net/fs70/PRE/i/2010/227/e/7/walk_of_life_by_Szylvester.jpg,walk of life,Where are these people walking to?---What time of day was this photograph taken?---Are those people a couple?---Where are they walking to?---Where are they walking to?,A low angle shot of a couple walking up a staircase---Two people walk along a wooden dock---The silhouettes of two peopole standing on an incline---Two people walking backlit by the sun approaching a lamp post---A man and woman walking across a bridge as the sun comes up from the horizon,,original
368b71b3-3696-4837-a8d9-ba231fbce836,http://images1.fanpop.com/images/photos/1800000/Becoming-Jane-becoming-jane-1803136-1024-576.jpg,becoming,How long did the movie take to film?---What show or movie was this from?---What movies is this from?---What is this a scene from?---What movie is this from?,Two women dressed in 18th century period clothing---A woman from a period drama in a white gown stands next to a woman in a blue gown---Two women in Victorian garb staring at a man---Two women having a conversation with another person---Two women looking at a man,,original
770c0da5-5b31-4895-9dfa-a70fd696384f,http://3.bp.blogspot.com/-6hG6hVHRLrE/Ttrui5y00oI/AAAAAAAABm4/RQSjlMLgtYU/s1600/tumbled+lime+black+pavers+%25283%2529.jpg,tumbled,How long do those bricks last?---What kind of stone are these?---What kind of brick is this?---Who laid the stones?---What are the bricks on the ground made of?,A city street made of grey bricks---A grey colored stone walkway on the ground in a city---Several stones set as a walkway---An image of a stone walkway---A walkway made of grey stone pavers,,original
5bab3628-2506-474b-829b-6cbc62cecbad,http://image.made-in-china.com/2f0j00JePtlYRKnIoA/Aluminum-Beam-Stringer-Joist.jpg,beam,How much does the steel beam weigh?---What is the steel beam for?---What is that for?---Is that beam used in building a house?---What do you call this kind of beam?,A metal beam sitting on cement---A metal girter---An aluminum beam stringer made in China---A grey colored metal beam on the concrete ground floor---A steel I beam on the ground,,original
e3931758-c877-4cff-b94c-d17504a5110f,http://news.bbcimg.co.uk/media/images/68671000/jpg/_68671347_blackening.jpg,blackening,What are they throwing at him?---Are they playing a prank on a classmate?---Is that chocolate they are spraying and dumping on him?---What is being poured onto the person?---Why are they throwing chocolate on him?,people tossing liquid on a person inside a large trailer wearing white pants---Two people cover another in chocolate---A group of men throwing dark liquid onto another man in flat bed---Adults splashing man sitting in trailer with liquids during fun play time---A man being covered in chocolate syrup,,original
e4ed43de-3efc-40d6-b8aa-a5b33d7994a8,http://3.bp.blogspot.com/-jW3hn-nQu4U/UFUhXfdfKBI/AAAAAAAAAHQ/azDinBAFe_w/s1600/Youth+Group+1.jpg,group action,What material is on top of the hut?---Where are these people from?---Do these people practice perma-culture irrigation methods in their village?---Where was this taken?---Was that jug of water given to them as a gift?,A group of men with bottles of water---Several people posing with bottles of liquid---A group of black tribal people with a large blue bottle of water---A group of people pose with water in front of two huts---A group of villagers gathered around some food items and water jugs,,original
b32dd102-0af5-4f94-9b6c-48e86d8a3d03,http://static6.businessinsider.com/image/53fd90125afbd3581d8b4567/wilshere-expects-arsenal-to-finish-off-besiktas.jpg,expects,Did he score a goal?---Is he about to score a goal?---What country is the soccor player in the red jersey from?---Which team won the game?---Who ends up winning?,A soccer player kicks the ball past a defender---The soccer player kicks the ball past the defenders---A soccer player kicking the ball past a few opposing players---A soccer player kicking the ball between two members of the opposing team---A soccer player kicks a ball as others try to defend him,,original
a8229f24-b7e4-4d72-80ff-05d43380be4c,http://www.survival.org.au/images/raised_bed_gardening.jpg,raised,Is the entire garden using cinder blocks like that?---Is there going to be anymore growth?---Where is this garden located?---Is cement a good choice for planters?---What is being gardened?,A green garden grows in a bed made of cinder blocks.---A garden full of different types of plants and leaves---A number of plants in stone planters outdoors---A garden planted in raised brick planters---Box gardens in white cement,,original
4db29e9f-32a1-4d04-aa1e-6b65011e87c0,http://static.tumblr.com/5ycfiyw/ymClpsq3q/cup-of-tea.jpg,cup of tea,What kind of tea is that?---What kind of tea is that?---Is this orange tea?---What kind of tea is this?---How long was the lemon slice left in the tea?,"A white saucer that has a tea cup on top with tea and a lemon floating in it---A cup of tea with an orange in it---A white tea cup and saucer is full of tea and has a slice of lemon floating in it.---An orange liquid in a teacup with a fruit slice on top, spoon in the teacup, resting on a saucer---A cup of tea with perfectly sliced lemon",,original
217dad57-fc0f-49fa-9ccc-f3eeef8fa8dc,http://4.bp.blogspot.com/-KQSVijvzkfQ/Tx2v-zpVmkI/AAAAAAAAIiQ/2XsMTfwk3_U/s1600/pulled%2Bpork%2Bsauced.jpg,pulled,What kind of food is that?---What kind of meat is that?---Is this pork or beef?---What did you use for the sauce?---What type of dish is this?,A pile of shredded pork with sauce---Pulled pork in a tray---A baking pan filled with strange looking meat---A messy bin full of greasy chopped pork---Brown colored shredded meat in a pile inside a container,,original
de43ea8c-3675-4f83-aff7-6e886e840889,http://static4.businessinsider.com/image/540618786bb3f7ea1044e2fd/if-this-company-succeeds-we-wont-be-fighting-about-reclining-airline-seats.jpg,succeeds,What type of plane are these seats on?---Is this a commercial airplane?---Do the seats recline?---Is this the interior of a jumbo jet?---Is this a new model airplane?,Rows of seats with aisles in modern transportaion vehicle---A group of passenger seats arranged in rows.---The interior of a large plane---A very modern airplane cabin---Seats on Go Air,,original
83b29ebd-7a45-4ceb-a2d2-229af26d7e44,http://static1.schoener-wohnen.de/thumbnails/galleryImage/0001/00000000001/55/76/55763_fell_ligneroset_teaser.jpg,fell,What will this be used for?---Did you really buy a cow skin?---What sort of hide is this?---What do you call the pattern on this hide?---How big is it?,An animal skin rug---A brown and white cow skin---An animal hide with brown and white colors.---The stretched out hyde of a cattle with white and brown patterns---Brown and white pattern,,original
36c63d97-ce05-4453-95f9-8324d4f23290,http://inapcache.boston.com/universal/site_graphics/blogs/bigpicture/brazil_01_21/b04_26619767.jpg,landslide,Was this a mud slide?---Where did this landslide happen?---What caused the land slide?---How much money in damage did that cause?,A large landslide next to a city that is placed besides a hill---Aftermath of a landslide---A bird's eye view of a town---Overhead view of a flood---An aerial view of a landslide encroaching on a town,,original
114d06b9-ac1e-460a-aa94-41d114fd08dc,http://farm4.staticflickr.com/3315/3656656365_519ac4bae6_o.jpg,breaking away,What body of water is that?---Is that water in someone's backyard?---Is that person diving or falling?---Is this body of water called a quarry?---How deep is the water?,A clear blue quarry pool of water with a man diving in---A pool surronded by vegetation---A blue body of water that is surround by plants with green leaves---A person dives off a cliff into a clear blue body of water.---A pool of light blue water with retaining walls on each side,,original
268943a7-9a6b-415f-b408-bd1ea003496e,http://www.bigislandvideonews.com/wp-content/uploads/2014/08/0825lavaCivilDefense-01.jpg,civil defense,What are all these people there for?---Why are all these people gathered together?---Why is everybody in the room old?---Is this a PTA meeting?---What are all of these old people doing together?,A group of middle aged to elderly people sit in a room---A large group of people are sitting in folding chairs.---A large crowd of people attending an event---A group of people are sitting in an audience on fold up chairs in lines.---People sitting on chairs inside of a room during a hall meeting,,original
eeea91f6-4977-4912-a581-a353b0a5cf8c,http://apb148.files.wordpress.com/2012/03/proceed-with-caution.jpg,proceed,Is the turtle looking for water?---Why are its eyes so dark?---How old is the turtle?---Is this turtle still alive?---Was the picture taken at a zoo?,A large turtle up against a chain link fence---A turtle is sitting next to a fence---A large turtle near a fence---A grey colored turtle near a fence on top of a grass yard---A turtle sitting in the grass next to a chain link fence.,,original
70b561cf-06de-4267-9873-293a2ccb4e0c,http://siliconangle.com/files/2011/11/using-ipad.jpg,using,Do you have much use for an Ipad?---What app is she using?---What is this person looking at?---What kind of iPad is that?---Does she like her new tablet computer?,"A person touches the screen of their tablet---A person points to a picture on a tablet.---Person in jeans and brown sweater, face not visible, touching screen of tablet---A person looking at something on a electronic tablet---A person holding a tablet",,original
d4827c97-d75a-459c-8333-de53e65cbfef,http://edanafashion.files.wordpress.com/2013/08/p00069855-skull-stud-embellished-box-clutch-standard.jpg,clutches,Do you have a dress that matches this purse?---Would it be appropriate to use this purse as an everyday purse?---Who is the designer?---How much is this piece of accessory cost?---Is that a flask or purse?,A clutch studded with metal and a skull clip---An elegant silver clutch purse---A clutch with a decorative skull---A small bedazzled and bejeweled change purse with a skull on top---A purse that has gems and pearls made into a pattern on the sides,,original
8ea23cc0-ff2c-4dbd-8634-5982abbb65a0,http://airrefuelingarchive.files.wordpress.com/2011/04/img_57_6900_4.jpg?w=1024&h=1024,refueling,Where are the jets flying to?---How the heck did you take this photo?---Where is the plane flying above?---How did you get this shot?---How did you get so close?,A jet fighter being fueled in mid air by a larger plane---A jet flying near a plane---Plane refueling in the air---a plane mid-air refueling a fighter jet---A jet flies below another airplane connected by a tube,,original
821b4c2a-4e99-4cc5-8948-686f657a590b,http://3.bp.blogspot.com/-k4Gnchj4U6w/T-3fyrOY5rI/AAAAAAAADBM/lYj0pVO0I5k/s1600/Cute-Couple-having-tight-Hug-e1337602758225.jpg,hugging,Why are they hugging?---What is the relationship of these two people?---Why is this couple so emotional?---Why is she so sad?---Are these people dating?,A man and a woman hugging---A man and woman hugging tight---A man and a woman hugging each other near some trees---A man and woman hugging each other---A man and a woman are hugging,,original
b1d47090-b6d4-403e-be8c-f3842671319e,http://fc05.deviantart.net/fs71/i/2013/318/6/d/guard_duty_by_ndc880117-d6u91dt.png,guard duty,What were they guarding?---What are they guarding?---What are they waiting for?---Does the situation appear to be dangerous?---What building is that in?,Pair of armed soldiers standing in dimly lit hallway---Two soldiers are standing guard on a darkened hallway.---Soldiers on guard---Two soldiers standing guard next to a door inside a hall---Two soldiers standing guard in a long hallway,,original
98cf1efa-653b-4948-822f-75eb3a5acb92,http://dambreaker.files.wordpress.com/2011/07/scale_of_justice.jpg,justice,How much does the statue weigh?---What is this a statue of?---Where is this statue?---Where would you find this statue?---Are the scales ever out of balance?,"A statue of a lady with a sword and the scales of justice---A statue of a woman that is holding an old time scale---A statue of Lady Justice,  symbolism of the zodiac sign Libra---a statue of lady justice holding scales---A statue of Justice",,original
931cb84b-92ab-4cc2-b6ab-58faf9d9018e,http://www.oakdiningsets.co.uk/images/Butterfly-Extending-Table/Tallinn-Butterfly-Extending-Oak-Dining-Table-3.jpg,extending,Is this a custom made table?---What is the purpose of folding part of the table?---What is the function of this door?---Why is the table lift in the middle?,"A table which has several modes, open partially---A table with a centerpiece that can be folded down---An adjustable wooden table with wooden chairs surrounding it.---A dinner table with the inset extender partially folded up---A dining table folding up in the middle",,original
9e060a54-031d-4ac4-ab05-c10a927dbe0e,http://www.komar.org/faq/sports/baseball/seattle-mariners/2008_08_07/2008_08_07_0587_raul_home_run.jpg,home run,Is this a playoff game?---Where is this baseball player from?---How fast was that ball he hit thrown?---Did they go on to the playoffs?---What country is Raul Ibanez from?,"A batter makes contact with a pitch---The batter is swinging at the ball, catcher and umpire behind him, teammates standing in the dugout---Batter hitting ball during sanction baseball game---Raul Ibanez is hitting a game winning home run for the Seattle Mariners.---Raul Ibanez crushing a home run",,original
4c61b288-85e0-45ac-af61-5f52f07b41f2,http://2.bp.blogspot.com/-JnEoiW2LBFE/TXNuHnX2cTI/AAAAAAAAABQ/yRqPI0E77lM/s1600/planting_tree.jpg,planting,What kind of tree are they planting?---Is the soil fertile enough to plant the tree?---What type of tree have they planted?---How long will it take for this tree to reach adulthood?---What are they planting?,A man and a boy planting a tree in the middle of the field---An old man and a boy planting a tree in the dirt.---A man and a boy are planting a tree---A young boy and older man planting a tre---A boy and a man are working together to plant a tree,,original
e25f3bfb-72c1-4f06-ad4b-9768b6b4ca32,http://images2.fanpop.com/image/photos/13100000/Royal-Pains-2x03-royal-pains-13189833-1280-720.jpg,pains,why does everyone look so intense?---Is this a picture of a part of a movie?---What are they all looking at?---What show is that from?---What movie is that from?,Multiple people all looking at the same thing---A man with his hands on his hips looking at something---A group of men are looking at something---A still from a USA tv show---Mark Feuerstein and Paulo Costanza,,original
a68ef103-7776-4f30-902a-ddad7c7e6992,http://afhimelfarb.files.wordpress.com/2010/09/mouse_trap.jpg,trap,How effective is this mouse trap?---Has this mouse trap been successful in trapping a mouse?---Does this trap work well?---What type of cheese is on the trap?---Did you catch the mouse?,A mouse trap set with a piece of cheese on it---A mousetrap with cheese on it---A mouse trap with a piece of cheese as bait---A wooden mouse trap with a piece of cheese on it---A moustrap loaded with cheese,,original
30de0bf0-074f-460b-8f02-49257c121295,http://static3.businessinsider.com/image/52f5285d69bedddc1c24c44a-1200-800/fueled%20collective.jpg,fueled,Where are all of the paintings from?---Does the person who works drink coffee?---Where is the television?---Whose office is this?---What does the room smell like?,An office with a brown couch---A home office---An office with pictures on the wall---A living room with a large brown leather couch and plaques on the wall---A living room with a brown leather sofa and many pictures hanging on the wall,,original
0e3a5e16-8861-4a7c-b303-670099e0d614,http://www.jongales.com/photos/media/photologue/photos/cache/PA280429_display.jpg,erosion,What country is this beach located at?---Where is this beach?---What beach is this?---Which beach is this?---At what rate dose that shoreline wash away?,The coastline of a beach---Waves wash up against an empty beach shore.---A jagged shore line with waves from the ocean coming in---water washing up on a beach---An empty beach at high tide,,original
9c877042-bb79-4ac5-9341-5b0877eff637,https://diybb.files.wordpress.com/2010/09/carport-free-standing.jpg?w=800,two-baser,What types of trees are on the right of the pavilion?---What will be put under this gazebo?---What is tallest height vehicle this structure will allow?---Is this where you park your car?---How many cars can you fit in this carport?,A covered picnic pavilion is in the middle of a setting of trees and flowers.---parking shed with white roof surrounded by large shrubs---An empty carport---An outdoor roofed patio area surrounded by landscaping---An empty carport,,original
30076560-cd3d-4023-803c-f20530d9d281,http://images.fineartamerica.com/images-medium-large/new-years-day-madison-avenue-robert-ullmann.jpg,avenue,Why is he the only one on the street?---What part of Manhattan is this?---What city is this person walking in?---What city is this in?---What city is he in?,A person crossing an empty street---A man walking across the street in the middle of the city---Lone man crossing city street flanked by parked cars and skyscrapers---A person is crossing the street---A shadowy figure crosses the city street,,original
071f84de-c48c-493d-abbc-999e129aa89d,https://c2.staticflickr.com/4/3420/3699909455_6fdb41115c_z.jpg,wild pitch,Who wins the game?---Was he out or safe?---Is the players safe or out?---Who won the game?---Is that your boy?,"A player slides into home plate---Baseball players react as one player slides into a base---A slide at home during a Little League game---A young man in a green uniform is sliding into home plate.---A runner slides into home plate at the batter watches, an opposing player tries to get the out, the umpire is waiting to make the call",,original
4184502c-19ff-4f37-9d86-7baf27d934ab,"http://3.bp.blogspot.com/-ODzGZ46vgoE/UPfvCauWCtI/AAAAAAAA6CQ/1W2u0h-2arI/s1600/German+medium+tank+PzKpfw+IV+Ausf.+J+of+the+German+2.Pz.Div.,+destroyed+by+soldiers+of+the+35th+U.S.+Infantry+Division,+August+2,+1944.jpg",destroyed,When was this picture taken?---What type of tank is that?---What country was the picture taken in?---What war was taking place during this photograph?---Is that tank still functional?,"Combat tank and personel carrier in old photograph---A German tank that has been destroyed by the US infantry from World War II---A tank and supply truck are driving over rubble filled streets.---An army tank moving over debris, a large hauling truck in the street, destroyed houses in the background---A military vehicle in world war two",,original
acc070e1-425b-46f2-bc9e-fe5d13a6dc4e,http://4.bp.blogspot.com/-9fa2rD9DzAI/UQgDPmiJZdI/AAAAAAAAAJU/vf_wt7j563w/s1600/long+shot.JPG,long shot,Have you ever seen this person before?---Is she modeling the coat?---What field is this girl in?---Is that her natural hair color?---How old is the woman?,A woman with blonde hair stands in a green field---A young woman in shorts and a jacket stands in an empty grass field.---A young woman standing on a grass field---A blonde woman standing in a field---A woman with blonde hair stands in front of a field,,original
50cc3337-5cf2-45f8-8cc8-2208dc98c9a6,http://4.bp.blogspot.com/-BCZPWQTUmTQ/TiLtMT6cCYI/AAAAAAAABdw/yy7fKWdNTDs/s1600/field.jpeg,field,Where is this field located?---How high will this grass grow if it's left alone?---In which country is this landscape present?---Where is this field located?---Is that regular grass?,A field of green grass---A meadow with wispy clowds---A large field with a cloudy sky overhead and hills and trees off in the distance---Tall blades of grass in large field next to some hills---Bright green grass with grey skies,,original
15b95dac-7a21-4cc9-b993-49b8bb9d69cf,http://www.carid.com/images/standard/replacement-electrical-parts/as405-2.jpg,barometric pressure,Does the tree clip hold the ring in snuggly?---What is this for?---What function does this object serve?---What is that white thing shaped like a Christmas tree?---What sort of tool is this?,"A black plastic piece with a white plastic piece slid through it, the white piece has corkscrew like protusions---A plastic piece that has some white sections and back sections---A drywall mount in a black holder---A piece of white plastic coming out of a piece of black plastic---Plastic pieces",,original
ec3a99ec-e161-445d-b9ee-e485f499667b,http://media-cache-ak0.pinimg.com/736x/a1/56/a5/a156a514884cf4f2c7d078086c5fb313.jpg,purchased,How much weight can this bag carry?---What is that bag used for?---How much does this bag cost?---What would you pay for that handbag?---Is this green bag the only color you use for produce?,A green colored tote bag set in a white setting---A turquoise purse with straps for handles---A green purse---A green tote bag---A green bag,,original
ee061c4b-5f73-4dd5-941c-f05146c30b26,http://2.bp.blogspot.com/-JjN-icDg5w8/TdqX__hOfgI/AAAAAAAAAC8/izOw9xYoROQ/s1600/Parcel_Bandung_Parcel%2BLebaran_Parcel%2BKue008.JPG,parcel,Who sent you this cool gift basket?---Who received this gift?---Where did you get that?---Who is the gift basket for?---Were these snacks in your room?,"A large basket of food---A gift basket containing food items, wrapped in plastic---A basket of cookies and snacks---A variety of snacks and food all bundled up in celephane for a gift---A gift basket with assorted snacks",,original
1bfade24-5dc2-4ba4-a3bf-9f144d719b2b,http://4.bp.blogspot.com/-e4aoqUYsnJI/UJ4xp1VlWlI/AAAAAAAAEvc/e831VUP7hAc/s1600/BikeSpecial-aprilia-shiver-750.jpg,shiver,What kind of motorcycle is that?---What kind of motorcycle is that?---How much does the motorcycle cost?---What cc is that bike?---Is that your motorcycle?,A red and black colored motorcyle that is a street bike---A close up of a red and black motorcycle---A small red and black motorcycle appears brand new.---a red motorcycle---A red and black motorcycle patiently waits for a rider,,original
8a6c3781-3f93-4ec5-8641-84abc4df7196,http://static5.depositphotos.com/1028880/392/i/950/depositphotos_3924621-Scraping-ice.jpg,scraping,How long did it take to clear the whole window off?---How cold was it?---Don't you just hate scraping ice off the windshield?---Does that not scratch the glass?---What do you improvise with when you don't have an ice scraper?,A person scraping ice off their window---A person scrapes ice off their windshield---A person scraping ice off their windshield---A person using a scraper to get ice off of a car's windshield---Somebody is scraping ice off of their windshield,,original
40165f21-d044-45f6-a2d1-38c0ad0bcb89,http://www.opticality.com/blog/wp-content/uploads/2008/07/primping.jpg,primping,Who was the bride?---Why are they lifting her dress?---How early in the day was this photo taken?---Was the bride ticklish when they put the garter on?,Women surround the bride while she wears her dress---Three women examine a bride's bridal dress.---A bride getting help with her slip from two ladies---A woman in a wedding dress with four other women around her---A group of women prepare a bride and he wedding dress,,original
25af973e-821b-4fc4-aaff-37a7ff140e04,http://www.hellopro.fr/images/produit-2/7/9/2/raccords-ventilation-271297.jpg,ventilation,What type of equipment do these attachments belong to?---What is the blue part called?---What are these accessories used for?---What are those parts to?---Do all of these parts come from the same machine?,"Plastic pieces of different shapes and sizes---A large display of grey, black, and white PVC piping and other tubes---Different types of pipe brackets that are made out of plastic---Various plumbing materials---A group of connectors for plumbing.",,original
b92e7640-05a4-4188-8690-c578eb9385d8,http://images5.fanpop.com/image/photos/29600000/Shake-it-up-ep-Kick-it-up-shake-it-up-29695550-1023-732.jpg,kick up,What move did the boy do?---What show was this from?---What Disney show is this scene from?---What manuever did the boy use to knock the other karate student down?---Is this just a practice session?,A group of people perform martial arts---A still from a Disney channel show about karate---Students in a karate class---A group of people wearing karate uniforms inside of a dojo.---Children are participating in a karate class,,original
ec213c0a-53e4-4a45-810f-bf48da0bec1d,http://cdn2.hubspot.net/hub/178782/file-619234920-jpg/Cold_weather_sailing.jpg?t=1395933955000,cold weather,How tall is the iceburg?---Where is this boat located?---Have you ever seen anything as spectacular as this?---What glacier is that?---How tall is the mast of the boat?,A small boat in the water in front of a glacier---Ice in the arctic---A red boat travels near an iceberg---A red boat on perfectly still water in front of an iceberg---A boat is cold weather sailing in front of a block of ice.,,original
24a2c077-386d-4376-aaf6-c1293ade3ef4,http://4.bp.blogspot.com/-zL4uwiVLImg/TxSLcQHk6hI/AAAAAAAAAG0/Qwnz-oB-bSA/s1600/156.jpg,cuts,How can I help you get out of this depression?---Will he need stitches?---Did the person get stitches?---Did you get stitches?---What happened to cause the wound?,A small bloody cut that is on a part of a person's body---An open bloody cut on a leg---A person has a deep cut on their lower leg---An open wound still bleeding---A horizontal bloody open cut on an arm,,original
3913cf14-d5c9-45cd-acbf-871f5456c336,http://fc02.deviantart.net/fs71/f/2011/056/d/0/squatting_man_5916988_by_stockproject1-d3aeguo.jpg,squatting,What brand of jeans is this man wearing?---What does his pose suggest to you?---Who is he?---Why is he not wearing shoes?---Is he a model?,A man squatting to pose for a picture---A man wearing a white top and jeans crouching down---A man crotches to pose for a photo---A man in jeans and a white shirt squats and looks at the camera---A man in a white shirt and gray jeans balancing on his toes while squatting with hands folded in front,,original
0fb030d1-144d-41e6-993f-faec721f33a0,http://2.bp.blogspot.com/-RMBAeRr855M/Tq5-Sj6GWiI/AAAAAAAABvQ/Tw-DFHiGY2E/s1600/prayer_hands.jpg,pray,Is this person praying?---Are those wax hands or real?---Why is she praying?---Who is holding their hands together?---What is this person praying for?,"Two hands in a praying position---All fingers are joined together, as if in prayer---Hands clasped together---Hands clasped together---A person is cusping their hands together",,original
b076409d-7768-4de0-81cd-626767f72930,http://images6.fanpop.com/image/photos/35100000/Couples-hugging-love-35160069-1800-1200.jpg,hugging,Did this couple just get engaged?---Was this an engagement announcement?---Did this couple just get married?---How many karats is the ring?---Is this couple married?,"A woman with a ring on her finger hugging and kissing a man.---White man and woman embracing in black and white close-up, man's back to camera, wedding shot---A bride and groom sharing a kiss---A man and woman embracing each other with a kiss---A man and a woman are hugging",,original
5d9819b9-8641-47ea-9d06-ae3242f70d92,http://i.huffpost.com/gen/569244/TITANIC-HUMAN-REMAINS.jpg,remains,What is buried in the ground?---Why was someone buried here?---Is that a body in the muck?---Is that underwater?---Where was this photo taken?,Some black colored debris on the ground that is partially buried by dirt---Remains of a person underwater---Human remains that have been burried at seas---The debris from something being burned---A blackened hole in the ground with aboot next to it,,original
681e5f46-45ac-46a9-81e0-ac3f356b8663,http://strangesounds.org/wp-content/uploads/2013/08/Image65.jpg,landslide,Did a landslide occur here?---Where is this mudslide?---What town is this?---Did any people die in the mudslide?---Was this caused by a mudslide?,A bird's eye view of houses with a huge steep slope in the background---Houses destroyed by a landslide---A landslide destroyed a city---A landslide into a housing tract---The results of a large mud slide on a town below.,,original
788ebf0d-c9e6-4ae2-a7a0-df7dcb1e7688,http://4.bp.blogspot.com/-x8QmJQWihDg/UOdOta7283I/AAAAAAAAGE8/5zoblZCtUrU/s1600/DSCN6810.JPG,egg laying,What were those eggs used for?---Are these duck eggs?---What types of eggs are these?---Are those eggs boiled?---Are these fresh eggs?,A basket full of eggs---a ceramic container of brown eggs---A mug filled with eggs---A small basket filled with eggs.---Five eggs in a bowl,,original
06629016-4430-482c-8ba1-8b5c78838810,http://2.bp.blogspot.com/-pgo-erB8Mtk/T6quIgr6H5I/AAAAAAAAAIA/MWYdY8Oh_-A/s1600/hummingbird.jpg,humming,Did this hummingbird feed on those flowers?---What kind of hummingbird is that?---Are hummingbirds this multi-colored in real life?---What kind of hummingbird is this?,a hummingbird in flight---hummingbird hovering near flower---A hummingbird approaches some pink flowers---A hummingbird in the air---A grey and green hummingbird flyin near some purple flowers,,original
bbc19b9e-89c5-4cff-b222-4350a384582d,http://tudorfarmhouse.files.wordpress.com/2014/02/tudor0513-24.jpg,broadening,Who put together this plate?---What type of cheese is this?---What type of food is this?---No crackers?---What kind of food is that?,"A small platter of cheeses, bread, and grapes.---tray with some different cheese slices and grapes---A tray of cheese and other food---A finely crafted cheese plate---Wedges of cheese on a woodentray, with purple fruit, and a glass jar of orange colored relish",,original
3784ff30-19b3-4312-8c63-3d2b14bd47f4,http://undergroundnewyork.files.wordpress.com/2012/11/fend-newzealand-algea-harvesting.jpg,fend,What type of climate is this man in?---What is the man holding?---What is he holding?---What is he holding up?---What can he tell from the dead lilypad?,"Man in gray jumpsuit and orange life jacket in boat in lily-filled water; the man is holding up something brown---A man testing something in a swamp---A man in a boat on a lily pad lake with a brown plant---A man with a life vest is canoeing through a small body of water covered in lily pads.---A man sitting in a boat that's floating in a lily pad covered lake, he's holding a brown object above the water",,original
f3b30669-df4e-4983-a848-45a3dfadbff5,http://www.designboom.com/weblog/images/images_2/jayme/racestreet/race01.jpg,field of operation,Is that a public park?---Where is this city?---What's the name of this park?---What pier is that?---What port is this?,A grassy park jutting out into the water---beautiful view of a river and bridge---A large city near a body of water---A view of a city skyline---A large city featuring a waterway,,original
1fbb2c32-04c2-4780-8c28-a1856727ac65,http://speakinglens.files.wordpress.com/2011/05/thornybranch.jpg,branch,Is this a real life plant or metal?---How sharp are the thorns?---What sort of plant was this?---How sharp are the barbs on this branch?---How sharp are the thorns?,"Thorned branch, bare of leaves, forming arch shape with clouded sky in back---A piece of wire has large spokes on each side---A thorny branch---A thorny branch with the sky in the background---A branch with thorns",,original
7b440816-945a-4547-befc-b203a4a716a3,http://www.airlinereporter.com/wp-content/uploads/2011/03/TAP.jpg,tap,How many people can this plane carry?---Which routes are available for this airline?---Is that the plane your friends were on?---Where was the plane going?---Where was the plane landing at>?,"An airplane is flying through the air---A plane in the sky---Portugal passenger airplane with red and green decals, flying in a blue sky---A plane flies through the blue sky---A white, red, and green plane flying in the sky",,original
749e05f2-7201-4afd-ab77-d92487d2814a,http://4.bp.blogspot.com/-_GaQMa8P9yY/T49qJKRHTXI/AAAAAAAAItQ/TQFu8zD-25A/s1600/DSCN0586.JPG,back door,"What type of building does the door lead into?---Is this a house?---I have never wanted a red door like that, have you?---What city is the house located in?---Is this the house you are thinking of buying?",A white house with a red door and a white chair on the patio---A bright red front door on a grey house---A front porch with a red front door---A red door of a house---The entrance to a white house with a red door,,original
8975a515-e18f-4b77-a623-73d7eea57a15,"http://4.bp.blogspot.com/-wH-4h7-oESc/T0z3lUXsPqI/AAAAAAAA3gY/wg3ImcQXc9s/s1600/Pushing+a+car,+1939.jpg",pushing,What type of car is this?---How did their car break?---Is that an early ford model?---Have you ever had to push a vehicle to get started?---What happened to the front tire?,Three men pushing an old car down a road---A car being pushed by three people in front of a farm---Men pushing an old car that is missing a tire---A car with a missing tire being pushed---Three people push a broken down car as another person steers,,original
ed6dcf67-5ee5-437c-921f-210197452690,http://www.carid.com/images/monroe/suspension-systems/71781.jpg,strut,What is the purpose of this tool?---What does this thing do?---What is that for?---What does this metal object go to?---Is that a car part?,A black colored piece of metal contraption placed on a white setting---a handheld drill---A black metal piece of equipment---A black auto part---Part of a suspension system.,,original
326fd4cb-2a2f-4505-86b9-d48c3380e9e6,http://foxsden.files.wordpress.com/2008/09/14092008247.jpg,cup of tea,What kind of tea is in this cup?---Is the tea still warm?---How did it taste?---What type of china is that?---Who makes that tea cup and saucer?,"A mint green teacup with a floral design is full and sitting on a table.---A teacup with a blue, red, and white design filled with tea---A matching green, red, yellow and white cup and saucer holding coffee---A cup of tea on a small plate---A matching teacup and saucer full of coffee designed in turquoise with red, white, and yellow flowers",,original
e8718bc4-459c-4633-a252-ec381e223db0,http://www.frequentbusinesstraveler.com/wp-content/uploads/2012/03/800x600_1116908536_A340_600_SOUTH_AFRICAN_AIRWAYS.jpg,flights,What destinations does South African Airlines go to?---How many miles can the plane fly before stopping?---Where is that plane going?---Where is the plane flying to?---How far can that Jet fly on a single fueling?,"An airplane with red blue and gold detail flies over land---A jetliner flies throught the sky---white colored plane with multicolored tail flying high above a green landscape---An airplane that is white with a red, green, yellow, black and blue tail flies over hills---Passenger airpline flying in a clouded blue sky",,original
9e75815e-076b-40c9-bc05-1e6827ab2f32,http://images6.fanpop.com/image/photos/35200000/Damages-glenn-close-35231607-2700-1800.jpg,damages,What kind of wood is the desk made of?---Dose she like younger men?---What movie is she playing in?---Is this Glen Close?---What does this woman do?,Glenn Close---Glenn Close dressed in a a business suit standing in an office---A woman in a home office with her hands on her hips---blond woman is buisness suit standing in office---A woman in a suit standing in an office,,original
6e907c34-a326-43f4-9440-2fa9a9e8d9d1,http://2.bp.blogspot.com/-lcQ6K2WNWNs/URkPd4PNnnI/AAAAAAAACok/niNSB88S9-Q/s1600/RaisedBeds.jpg,raised,What crops will be planted?---What are they going to grow in this garden?---What is the soil being used for?---Is this your garden?---What is going to be planted inside of these boxes?,An outdoor garden---Four planters with no growth yet---A patch of dirt with some wooden frames with dirt in them---A garden with raised beds with no plants---four raised beds for gardening prepared for planting,,original
15d85188-d1f9-4f7d-ae7a-2721f1872b7a,http://a.abcnews.com/images/Politics/163370692_1_16x9_992.jpg,running for president,What was he talking about?---Who is the speaker?---What is he making a speech about?---What was he talking about?---Why did he pick a purple tie?,A man wearing a suit stands at a podium---Jeb Bush standing at a podium on a stage---Jeb Bush standing behind a podium and in front of American flags---Jeb Bush talking at the podium in front of some flags---man in formal clots standing at a podium in front of two american flags.,,original
40f2cee7-10d3-4012-83a5-c2af75f481ac,http://bulk-share.slickpic.com/album/share/1MkMj1T44M1MDT/10197838.0/1200/p/Long_Haul_soldiers.jpg,long haul,Can you imagine trying to drive that truck and trailer?---no image---Where is the truck headed?---What's the horse power rating on that truck?---What is he hauling?,A semi-truck drives along a highway.---A red semi truck driving through the highway during the day---A red truck drives through a rural area.---A red truck on the side of the road---semi truck driving down the road painted in patriotic colors to support the military,,original
659ab3d4-b275-426f-be68-698aa1901489,http://image.made-in-china.com/2f0j00FvUEQNJcCMrG/Medical-Treatment.jpg,medical care,Did she turn out to be in bad medical shape?---Is she having her pulse taken?---What is this persons pulse rate?---What is the doctor checking for?---Is she having her pulse checked?,A person is getting their pulse taken by another person in a lab coat at a table---A doctor checking the pulse of a patient---A hand holding the wrists of another person on top of a table---A doctor checks a patient's pulse---A person resting their hand on a small pillow while another person touches it,,original
04df851d-8d9e-4708-a00b-f3ed4eece21a,http://images.fineartamerica.com/images-medium-large-5/tending-her-sheep-patricia-bolgosano.jpg,tending,What kind of animals are they herding?---Is he a good sheep herder?---Are those sheep?---Do you imagine this picture was taken in Peru?,"A shepherd with sheep---A shepard with a herd of sheep on a large brown field---A sheep herder with a flock of sheep and a dog standing in a meadow with snow-capped mountains and clouds behind---A sheep herder watching over the sheep, while a beautiful background of mountains and blue and white clouded sky are ahead---A sheep herder works near a mountain.",,original
f22b485e-69f8-494d-8062-f803059ef1ed,http://media-cache-ak0.pinimg.com/736x/83/ca/f9/83caf98c3ebf6e133ed3bdcccd118574.jpg,first step,How old is the kid?---How long has he been walking?---Can he walk on his own?---At what age do most kids start walking?---How old is this child?,An adult helping a young child to walk---A small boy with both hands held walking outdoors in the day---A parent helping a child walk---A little boy walking with help from an adult.---A child walks with the help of an adult.,,original
51ad75bc-f53c-4310-8a79-a79a9a1e9131,http://peripateticbone.files.wordpress.com/2013/03/el-popo-2.jpg,burning,What are these people celebrating?---Who made this float?---What is this structure built for?---Do you have any idea what that contraption is supposed to be?---Was this at buring man?,An octopus looking float---A parade float with an octopus with lighted torches at the tips of its tentacles---A rusty iron machine that looks similar to an octopus---People atop an odd sculpture---A statue for a ceremony that is full of lit torches at night,,original
38335ce8-6c27-4702-8770-72e4fe95102d,http://2.bp.blogspot.com/-9pCQ9LgERIg/T9MgpD4FfuI/AAAAAAAAKKY/ysxDYH2SW58/s1600/0420-0907-0614-4442_munitions_explosion_o.jpg,explosion,"What type of bomb went off?---What caused the explosion?---What kind of bomb causes that?---That had to have been quite an explosion, hadn't it?---What caused this explosion?",A large explosion that is erupting in the middle of a field---fireball from large explosion---A fiery explosion occurs in a grassy area---A bomb detonating in the desert---A bomb explodes in the distance.,,original
ba1a8f94-e00b-424f-a92c-9c28c9ac1dcf,http://4.bp.blogspot.com/-ESCkcEZ-Boc/UYukk_NximI/AAAAAAAABIw/do4o4fN59AE/s1600/on-the-road.jpg,on the road,Where is that guy headed?---Does the truck pick up the hitch hiker?---Where is he trying to go?---Doesn't he know that hitchhiking isn't safe?---Where is that guy trying to hitchhike to?,A hitchhiker stands next to a rural road as a truck approaches---A man hitchhikes on the side of a country road.---a man hitch hiking on a country road---A man is hitchhiking on a country road as a vehicle approaches.---A man on the plains hailing a ride from an old truck,,original
cf69b59f-fae7-45a2-8587-ba3cc161505f,http://i.huffpost.com/gen/1214885/thumbs/o-TONY-PARKER-ENGAGED-facebook.jpg,engaged,Do you know who these people are?---How long have they been dating?---How tall is she?---Are they famous people?---How long have these two people been together?,Celebrity man and woman in formal attire posing for event---A man and a woman pose for a picture.---A celebrity couple in formal wear stand next to each other---A celebrity couple posing in formal clothing---A man wearing a suit standing next to a woman wearing a dress,,original
98312324-f0e4-4790-98ef-3edf5a1abe87,http://i.huffpost.com/gen/1798075/images/o-NET-NEUTRALITY-ADVOCATES-facebook.jpg,neutrality,Is it even possible to break the internet?---Where did that saying originate?---Do people actually break the internet?---What is the purpose of that sign?---How would someone break the internet?,"A sign claiming not to break the internet is displayed.---A red sign reading don't break the internet---Red sign reading ""Don't Break the Internet"" with a couple people in background.---A sign that says ""don't break the internet.""---A red and white sign that say's DON'T BREAK THE INTERNET is by a garbage can with people in the background",,original
e95cc0bb-96fb-454d-8f98-765440f03434,http://www.gmmorando.it/ENG/v3_LightBox/data/images/Closing%20off%20pergola.jpg,closing off,What sort of building is this?---How much does it cost to have a house renovated like this?---Or those windows or mirrors?---What kind of glass or mirror is that?,"glass windows of a building looking out to where a pool appears to be under construction.---A house with floor length windows looking into the backyard---A building with glass walls and an empty swimming pool outside---A wall, trees and sidewalk are reflected in a mirrored building.---A room with windows looking out into a backyard with an empty pool",,original
38c61bcc-1709-41e9-aecb-be070c5596bc,http://fashionlist.files.wordpress.com/2014/02/kick-your-heels-up-1.jpg,kick up,What is her name?---Is she going out somewhere?---Is this woman getting ready to go somewhere?---Is that a real leather jacket?---Is she getting ready to go out?,A woman in a skirt posing in front of a white door---A woman poses for a photograph---A woman kicking her foot back as she poses---A young woman posing---A girl standing in front of a door with one foot lifted up,,original
c9d3a27c-475e-45a3-af4e-78d8cc45a3a6,http://image.made-in-china.com/2f0j00GvzTENegCAoS/End-Suction-Pump-Horizontal-Centrifugal-Pump-Single-Stage-End-Suction-Pump-Direct-Coupling-Pump.jpg,pump,What was this motor used for?---What is this device used for?---What is this machinery used for?---Was this some kind of sewing machine?---What does this machine do?,A small blue engine with metal parts---A blue metal air compressor---An all blue sewing machine.---A blue motor---A blue mechanical piece,,original
0a3d2492-e278-4af8-869e-996704be77c1,http://static1.businessinsider.com/image/55a01a89eab8eac145f7425b/two-men-climbed-up-a-3000-foot-rock-wall-in-yosemite-and-took-these-incredible-photos.jpg,climbed,"How long have they been climbing?---How tall is this mountain, from the base to the very top where they are climbing?---How long did it take them to get to the top?---How high is this mountain?---How long have you been climbing?",Two people climb a mountain.---Climbers on the face of a bare cliff---Two people using rock climbing gear climbing a very large stone structure---People climbing up a grey mountain---Two people climb the side of a giant rock,,original
45c58086-af50-484c-99de-bd8f84ad2f36,http://soloville.com/wp-content/uploads/2012/06/working-alone.jpg,succeeds,Is she waiting for somebody?---Is there a meeting happening in here?---What kind of laptop is she using?---What is the girl thinking about?---What is her name?,"A table in a meeting room with red chairs and a single woman sitting down---A woman sits alone at a conference table with a laptop.---A woman sitting at a conference table.---A woman sits alone at a office meeting table with red chairs---A woman sitting alone in an office, looking at a laptop",,original
c6dd5ffc-4d49-4743-843a-0356f0e6143e,http://www.rocketsports-ent.com/wp-content/uploads/2015/08/8-7-15-Doug-Melvin-jays2168.jpg,no-hit game,What are they waiting for?---What are they watching?---What are the gentleman watching?---What game are these guys watching?---What are the men watching?,A man with a white mustache sits next to another man wearing sunglasses.---Two men sitting in the stands at a sports event---A man with a moustache sitting at a ball game next to a man in sunglasses.---A couple of men sitting in the stands watching something happen in front of them---Two male onlookers siting in blue seats in a stadium.,,original
fa2819db-2b6e-4657-9b1a-f803013110ed,http://3.bp.blogspot.com/-mGgeEAW6kig/UJ0T-kHcaCI/AAAAAAAAGOM/Ti2M3b9iVqU/s1600/04.EverybodyTalks.jpg,talks,Are they good at dancing?---Are they cheerleaders?---Do you know either of the performers?---Is this a scene from the show Glee?---Is this dance scene from a movie?,"A slideshow of dancers performing on stage---A man and woman dancing together---Scenes from a dance show, with young couple performing steps of a routine---A movie scene includes a young man and woman dancing---A couple frames of pictures with people dancing in them",,original
096d1cb1-7d0a-4bab-8c73-220fe4ee5585,http://pastorchrisowens.files.wordpress.com/2014/05/lords-supper-church-stock-photos.jpg,communion,Is this a eucharist?---Does this have religious significance?---Is the cup real silver?---How old is that chalice?---Is there wine in this goblet?,"A gold chalis, a piece of breas, and a purple cloth rest on a wicker table in the desert---A medievel cup and a piece of bread placed on a table---A goblet next to a piece of bread---A chalice and a hunk of bread---A communion cup and loaf of bread",,original
3dac1130-bb80-49b3-aeb6-27aa6602bf06,http://4.bp.blogspot.com/-9U-RDUHquSo/T9S1l1Lq59I/AAAAAAAAAoo/RQUbQZou7NY/s1600/cutting+fries.jpg,cutting,What kind of rocks are those?---Are those chicken gizzards?---Did this actually taste good when you cooked it?---Why is there meat on the floor?---What type of food is this?,Little red stones on a hardwood floor---A group of pieces of pink meat scattered on a wooden surface---Chopped up meat is on a cutting board.---A group of sliced pieces of meat scattered across a wooden cutting board---Pieces of meat are on a wooden cutting board,,original
be633503-b488-44e2-9bdb-a174ac916231,http://mabrycampbell.files.wordpress.com/2012/10/rushing-water.jpg,rushing,"Is there a storm brewing?---What do you call those whipped cream clouds?---How rough is the chop?---Did that turn out to be a rain cloud?---Is that a spectacular picture of the clouds, or what?",Ripples on the ocean under a cloudy sky---A cloudy sky above the ocean---The ocean on a very cloudy windy day---Waves create foam on the beach with clouds in the background---Clouds are above a body of water,,original
8d400048-c5d9-49d0-a7b3-22fb6ef2d249,http://ichef.bbci.co.uk/news/1024/media/images/80093000/jpg/_80093683_80093682.jpg,denounced,Is this a pro German Anti Immigration rally?---Is there a riot going on in Germany?---Were they protesting something?---What are they protesting?---Are they protesting or celebrating?,"A group of people holding German flags---People assembling at a rally.---A group of men gathered in the street, some holding flags, protesting---A large group of people waving flags and marching---A German man raises his fist in a crowd.",,original
8dbfb3f9-9348-4d1a-8896-5292ebb0758c,http://www.ackroydengineering.com/images/epping-shirkingroadcelltower0334.jpg,shirking,What state is the tower located in?---Where was this taken?---Does the tower make buzzing noises?---What type of tower is this?---Is it safe to climb one of these?,"The base of a metal tower with snow on the ground---A metal tower with trees in the background---The base of an antennae, fenced in, the ground covered in snow---The base of an electricity tower---A tall radio tower standing in the middle of a metal chain link fence in front of trees",,original
487f3c30-0cf5-4ee6-83ae-069544d79bf6,https://trashfreeyear.files.wordpress.com/2012/02/planting-seedlings-from-egg-carton-cu.jpg,pealing,What are the white spots in the dirt?---What are the white things in the dirt?---What medium did you use to sprout the seeds?---Was that pulled from the bag?---What is being planted here?,A hand holds a clump of soil with seedlings emerging---A person planting seeds---A hand holding some parts of a bag that is full of dirt---A hand holding budding plants---A hand holding spouting plants with dirt,,original
9c9f7ef3-4b5d-4c48-bffc-f00e46c9fc7e,http://www.digsdigs.com/photos/fabulous-modern-flat-interior-design-1.jpg,flat,Do the rest of the rooms have a white theme too?---What interior designer designed this room?---Whose home is that?---What designed the living room?---Do you worry about keeping the white furniture clean?,"A sleek modern living room all in white---A white colored living room with couches, chairs, and a pillar.---A white living room.---Modern luxurious white living room with column, chandelier, seating and black screen---living room with all white furniture and red items on the square coffee table",,original
ff597c4b-0bbb-4604-9380-9f6a307fd1f8,http://www.gannett-cdn.com/-mm-/247d08531b9e17fb3896fdf2dd38e4bc6890d427/c=0-0-2397-1354&r=x1803&c=3200x1800/local/-/media/DetroitFreePress/2014/11/09/dfpcementshortage3.jpg,delaying,What is he building?---What was he building?---Is he working on a railroad track?---What is the construction worker building?---What are they doing?,A worker wearing white gloves handles a railroad tie---A construction worker building something---Gloved hands placing a two-by-four on the ground as a frame---A man holding a beam on the ground while wearing gloves---A worker bending down and grabbing a board,,original
4d23d870-58f3-416d-bb7e-1cd96ec128cd,http://gbcdecatur.org/files/ReachingFullPotential.jpg,reaching,Is he trying to catch something?---Is this person in crisis?---What would you caption this shot of a hand reaching skyward?---Do you love fluffy clouds?---What is he reaching for?,A hand is reaching for the clouds.---A hand reaches toward the blue sky with white clouds---A man's hand is reaching towards the clouds in the sky.---A hand open and outstretched towards a cloudy sky.---A left hand reaching for the sky,,original
80ccad7a-2fb2-4b6a-9e3e-82acfd0fd1a9,http://imagine.gsfc.nasa.gov/Images/news/swift_launch_big.jpg,launching,Where was that rocket going?---Who is launching this rocket?---How long was the rocket visible in the air?---What's the name of that rocket?---What is the mission of this rocket?,A rocket launching from a pad in the middle of the day---A rocket blasting off into the sky---A rocket launching---rocket launching with exhaust clud---A rocket launching from the ground,,original
0247b57e-31fa-4783-bc88-136ff2e0471d,http://all-that-is-interesting.com/wordpress/wp-content/uploads/2012/07/canoeing-honduras.jpg,dwindling away,What body of water is that?---How old is that kid?---How far did the boy row the canoe?---isn't he too young to be rowing this boat?---Where is the boy going?,A small boy paddles in a makeshift canoe.---Did not load---Did not load---Did not load---Did not load,,original
053f2300-c01e-4292-a6e0-58ef4d04cf31,http://www.knoxvilledailysun.com/images/imageofday/2011/june/trier-marketplace.jpg,marketplace,What's the name of this city?---Is this a city in Europe?---Where is this town?---How old is the building in the background?---Where is this attraction located?,"People walk through a busy town center.---People walk down a street in a city---Many visitors on an old town square---A crowd of people walking in the middle of a busy city---a crowded European, historic street.",,original
ce80129e-3646-4500-9877-43957f72d679,http://images.fanpop.com/images/image_uploads/Bring-it-on-bring-it-on-127604_663_1000.jpg,bring,"Is she a good cheerleader?---Whst does the ""rch"" stand for?---What do you think about the stereotypes people have about cheerleaders?---What does RCH stand for?---How old is she in this picture?",An actor portraying a cheerleader in a movie still---a girl in a cheerleader outfit standing outside with her hands on her hips---A blonde girl in a red cheer-leading outfit standing near a tree---Cheerleader standing near a tree---A blonde cheerleader in a red outfit,,original
45aa0e09-ca31-45c8-9fd9-11db994bc0a3,http://michaelhyatt.com/wp-content/uploads/2013/07/iStock_000004501953Medium-760x506.jpg,ignore,Did the actors get paid for this picture?---What is his name?---Why is the man covering his ears?---Why is someone doing that to him?---Is the bullhorn on full volume?,A person covering their ears from a loudspeaker---A man covers his ears while a bullhorn is being used close by---A man holding his hands over his ears with a bullhorn pointed at him---A man covering up his ears while a person holds a megaphone up to his head.---A hand holding a megaphone next to a man covering his ears,,original
2b815c67-eb28-4f77-9548-68408615afb7,http://bayintegratedmarketing.files.wordpress.com/2011/05/customer_service.jpg,services,Does she like her new job on the phones?---Why is that person working but smiling so much?---Is she a telemarketer?---How many calls are answered per day?---Do you think the company's tech support workers are actually in India?,A smiling blond woman wearing a headset---A woman wearing a headset smiles with two other people behind her.---A man and two women wearing headsets inside of a room---Three people working in a customer service center---Two people wearing headset headphone/microphone combos with a third person in the background,,original
49752bba-fd2e-4dd4-a2a0-4457b1840340,http://www.airfields-freeman.com/TX/GreaterSW_TX_field_02.jpg,field,What location is this field in?---What town is this are located at?---Would you call this a pasture or a field?---Was this picture taken in Kentucky?---Where is this field located?,"A field of grass with a large tree and many trees in the far distance---A tree growing alone in a field of green grass on a clear sunny day---A wide grassy field next to some bushes and trees during the day---A grassy field on a bright day---An empty, pristine meadow under a mostly clear sky",,original
620daa35-5c6b-4640-b1a0-e68c9de2440d,http://3.bp.blogspot.com/-I2IUICBheko/Txf90wWRfcI/AAAAAAAAiPQ/iRz808KHxok/s1600/times-square.jpg,times,What is the building on the right with the Virgin logo?---What city do you think this is located in?---Is this Time Square in Manhattan?---What city is this?---Is this in New York?,Traffic in times square---A large group of cars parked in traffic in Times Square.---This is the center of a very large city with tons of traffic and pedestrians---Times Square in New York City---stopped while going in the same direction in a busy city while people cross the street,,original
9c2ccd01-2d85-47bf-bbfc-b3cdc3072932,http://personalgardencoach.files.wordpress.com/2010/03/march-2010-sfgs-138.jpg,raised,How long does it take to grow these plants?---Is that a community garden?---What kind of things are you growing in the garden?---What kind of vegetables are growing in this garden?---What is being grown in this box?,A large planter with plants---plants growing in a wooden raised flower bed outside on a concrete pad---A wooden planter with several plants near a hay stack---A box garden---A small planter with flowers,,original
76ec42e7-3ae6-4a5b-9d8a-3851e2734636,http://img.bleacherreport.net/img/images/photos/002/968/904/a862e7520fd9f2b797e8593f96bb9763_crop_north.jpg?w=759&h=506&q=75,double play,Which player is winning?---Was the runner safe?---Is the runner on the home team or visiting team?---Did he end up safe?---Who wins the game?,A player about to slide into second base---A baseball game---A baseball player about to catch a ball while a runner is close to the base---A baseball player running towards a base with another player---A baseball player runs towards a base,,original
90480233-811a-41e4-b484-7ed106089705,http://2.bp.blogspot.com/-TMQ4R1AxPHo/ToSGjvti89I/AAAAAAAAGX0/7dSWMu9DMuI/s1600/a330_mrtt_air_refueling.jpg,refueling,How long did it take to refuel the plane?---What is connecting the two aircrafts?---How long does it take to fuel this plane?---Have these jets ever ran out of fuel midair?---Are these military planes?,A gray plane connected to a smaller gray plane as they fly---Two planes flying extremely close---A large jet refuling a smaller jet---A large gray plan fueling a smaller gray plane in a blue sky---An airplane getting gas through a pipe from a plane above,,original
a275c875-0937-4218-a7d9-611f3b0b856e,http://www.dailyhaha.com/_pics/picked_up_rent.jpg,picked,Is this supposed to be funny?---Are those really all single dollar bills?---What stereotype is this meme poking fun at?---Where did you find this funny picture?,Several wrapped packages of dollar bills---A wallet with dollar bills in even stacks.---Stacks of money taped together sitting beside a black bag---Stacks of cash placed next to each other on top of a bag---Six stacks of wrapped $100 bills,,original
446b27cc-de82-4248-8803-23028b024c09,http://media.npr.org/assets/img/2013/02/15/nuclear_57-046-60f5b6f991b3e30513cdf4c575e64312fa852445-s6-c30.jpg,nuclear bombing,What state is that in?---Is that the atomic bomb?---What kind of explosion is that?---What kind of bomb causes that explosion?---Why did this explode?,A fiery mushroom cloud near a mountain---A mushroom cloud from an explosion.---A mushroom cloud forms after a bomb has been dropped.---An explosion from a nuclear weapon in the desert---A giant explosion that creates a mushroom cloud in the middle of the desert,,original
8008dc68-a487-4419-a798-03e13ad01edd,http://glitternglued.files.wordpress.com/2011/03/gucci.png,blocking,Whose show is this?---How much do each of those outfits cost?---What designer's clothes are they modeling?---Is this part of a fashion show?---What designer made these clothes?,"Three models wearing teal, orange, purple, and blue walking down a cat walk---Three women wearing turquoise, orange, and purple walking the runway at a fashion show---Models walking a runway---Three models wearing a piece of purple clothing---Three models walking on the catwalk wearing green, purple and orange clothes",,original
a8bd9a5e-130e-410a-835a-d1a024fc1221,http://sguisard.astrosurf.com/Anim-astro/Paranal-ZL-MW/SGU-Paranal-Zodiacal_Light-MW-Horizon-M-cp10.jpg,zodiacal light,Where was this taken?---Was any of this photoshopped?---Does the sky look like this every night?---What kind of event is happening here?,An image of the milky way galaxy from an observatory---The night's sky---A dark night with a sliver of light shining behind a small hill---The nighttime sky that shows the stars in the solar system---The milky way galaxy in the sky,,original
f6c548d5-0251-4166-974b-b5707dcd939e,http://large.orkneycommunities.co.uk.s3.amazonaws.com/4486.jpg,blackening,Is it legal to ride in the back of a truck there?---Where was this taken?---Are they coming to the concert or going home from it?---Where is this truck headed?---What year was this photo taken?,A group of people riding on the flat bed of a red truck---A small red truck with many people sitting in the bed---Several people ride in the back of a pickup truck.---A group of men riding in the bed of a red truck---A group of people sit in the back of a red pick up truck,,original
fbf21fdb-c5c9-49c2-b189-7904646cfa7e,http://i.huffpost.com/gen/1809459/thumbs/o-POLITICAL-CAMPAIGN-facebook.jpg,political campaign,Are they republicans?---Who are those people?---Which political party do these people belong to?---Who are these people?---What campaign is the ad for?,Politicians at a podium and smiling---Three people standing at a podium and smiling---Three politicians at a podium in front of the USA flag.---Three people in front of a flag---Three people pose for a photo,,original
e9cf03e3-62d4-4c5d-a9e1-888f3313f03b,http://quintessentialruminations.files.wordpress.com/2011/04/civil-war31.jpg,civil war,Are you related to any of these people?---What war are the soldiers in?---What war was this picture from?---Where was this taken?---What war is this from?,Troops gathered around during the civil war---Soldiers sit down wearing coats---Civil war soldiers.---Civil War era soldiers huddling up---large group of civil war soldiers sitting,,original
e971dffc-f271-4fde-8f4a-627a6191cd1f,http://vibrantweddings.files.wordpress.com/2010/09/program-blkredinside-blog.jpg,program,What did you think about this presentation?---How long will the wedding last?---When is the wedding?---Is this a wedding invitation?---How much did the programs cost?,We wedding party pamphlet---A wedding invitation and schedule of events to happen---Wedding program---A white bi-fold menu with black and red text---A brochure with two pages that are filled with prints and text,,original
94f5aee2-743d-4d9d-8945-e0b5ed540881,http://cdn.patch.com/users/37540/2014/10/54418980e0fde.jpg,applauded,What caused the man to get hurt?---Why are some of the men clapping in this situation?---Why is the cop on the stretcher?---What happened to the injured man?---What happened to that person?,Emergency personnel with an empty stretcher---Police transporting somebody on a stretcher.---Police taking someone out on a stretcher---Two policemen and an EMT pushing a yellow strectcher with a blue body bag on it---A person being rolled out of the building by some police officers,,original
a4cdb4c8-be83-48f9-b8b2-4668bfbe7a2b,http://guardianlv.com/wp-content/uploads/2014/02/Giant-Human-Skeletons-Discovered-in-Wisconsin.jpg,discovered,Is that the fossil of a giant human?---How tall would that person have been?---Is the skeleton discovered real?---How did that person die?---How old is this skeleton?,"A man standing next to a large skeleton on the ground---Human skeleton on ground in foreground, with man holding something in background---A man in the desert behind the skeleton of a human---A man sketching on a pad near a buried skeleton---a man and a huge skeleton",,original
84aee01d-d4ba-42e6-b092-4d8932049382,https://docellensjourney.files.wordpress.com/2015/01/walk7637-gleaming-gbh-eye-small-2015.jpg,gleaming,What temperature can this bird survive in?---What type of bird is that?---What kind of bird is this?---What type of bird is this?---Have you ever spent time bird watching?,small bird sitting on branch in tree---A brown bird perched in a leafless tree---A large bird sitting in a barren tree---Bare brancheses with a bird resting on one of them---A heron with an s shaped neck perches with its long legs on a branch,,original
ab9184e1-18aa-4558-88df-a9847c0e52b0,http://www.eng.uci.edu/files/images/gallery/HSSOE_Yearbook_5.jpg,semester hour,In what city is this school located?---What university or college does school belong to?---How did he get the school named after him?---Who was Henry Samueli?,the Hentry Samueli School of Engineering sign---The Henry Samueli School of Engineering sign---A sign that reads THE HENRY SAMUELI SCHOOL OF ENGINEERING---A sign outside of an engineering school---A sign for a school of engineering that has been landscaped around,,original
a6236a05-0d0a-4b92-abf3-57980e8aca9a,http://finelychoppedk.files.wordpress.com/2011/01/dsc041362.jpg,begun,Is this an organic eggplant?---How are they planning to cook this eggplant?---Is the eggplant ripe?---Did you grow that yourself?---What dish will be cooked with this eggplant?,A sliced eggplant laying next to a sharp knife---An eggplant cut in half with a knife on the right side of it---An eggplant that is next to  knife on a table---An eggplant is being sliced on a newspaper.---an avocado cut in half,,original
a775bf5c-2227-4502-a630-f81860355b1c,http://2.bp.blogspot.com/_3y7EQ0GDgSo/TKivxyN0YsI/AAAAAAAAAec/Mo5Qw3nudzA/s1600/DSC01990.JPG,planting,What was being grown?---Is this a community garden?---What are they growing?---What kind of plants are they farming?---What are you planting?,A garden with young plants emerging from the soil---A fairly large private garden with plastic and cement blocks keeping out the weeds---A crop field next to a grassy lot and other equipment---A garden with rows of plants---A garden planted next to a green field.,,original
ade7b251-411b-47a4-8963-9d5490c2a75c,http://unsubject.files.wordpress.com/2012/01/delivery_quest_box.jpg,delivered,What is in that package?---What is in the box?---What is inside the box?---What was inside the package?---What's in the package?,Two people are passing a cardboard box.---A man and woman are holding a brown package.---A man and woman exchanging a taped cardboard box.---A man handing a rectangular cardboard box to a woman---A woman handing a sealed box to a man,,original
b9ab5800-523b-483f-be04-d9c7648e625f,http://watvhistory.com/wp/wp-content/uploads/2013/05/23-US-President-Calvin-Coolidge-looks-on-as-Thomas-Edison-operates-his-first-generation-movie-camera.jpg,operates,When was this picture taken?---Where they both professional photographers?---What are they taking a picture of?---What model is the camera the man is using?---What are they taking a picture of?,Two older men use a turn of the century style camera.---Two men in suits stand behind an old video camera---Two men in suits standing next to a classic camcorder---Two men standing in from of an old fashioned camera---A man with white hair stands behind a camera as a younger man watches,,original
6bbd3eae-e80d-407a-9cd7-714820be18b8,http://media-cache-ak0.pinimg.com/originals/18/98/2d/18982d8e28a2ea5785f32b50311b4146.jpg,tenting,How long are they going to be camping?---Was this tent comfortable enough for 4 people?---What campground is this tent set up at?---Did you pitch this tent by yourself?---What is the broad location of this camp site?,A tent set up on a campground---A greenish tent in the woods---A blue and green tend in the middle of the forest---A green camping tent in a grassy area next to trees---A green tent outdoors,,original
800151cf-2c3f-498b-963c-eeb45e32a64e,http://3.bp.blogspot.com/-2ihy9zAaHcI/URRPrGgiUII/AAAAAAAACBQ/7p1akQHJNfs/s1600/2+1772-75+King+George+III+Half+Penny+rvs+just+dug.jpg,finds,What kind of rocks are those?---What kind of coin is this underneath the encrustations?---How old is the artifact?---What type of material is this item?---What kind of artifact is that?,A corroded with green copper object in the soil---An oval rock with turquoise color sitting in dirt---A stone covered in green glowing paint sits in the dirt---A rock with some green coloring on it in the middle of the mud.---A green rock sits in the dirt.,,original
be7abb88-41b1-4c5f-8b1e-0e56e7156300,http://media-cache-ak0.pinimg.com/736x/c5/30/c1/c530c1f13ed9379b725a438e7dcaad82.jpg,purchased,How many pages total are in all of these books?---How much did all those books cost?---Whose books are those?---Do you know if you have read any of these books?---Would you recommend any of those books?,A stack of DVD movies and TV Shows sitting on a desk table.---A bunch of books stacked on top of each other---A large stacks of DVD in a room---A stack of books---A stack of books placed on the top of a desk.,,original
28fcce7b-1372-449f-9baa-89c8dfd9949d,http://hiphotos.baidu.com/%CA%A8%D7%D3%B0%C9%D0%C2%CE%C5%B2%BF/pic/item/06679a9ad752d43a6e068ca9.jpg,attacked,Why is there a rope on the animal?---Why is the tiger being fed?---Did the tiger kill the ox?---Why is someone lassoing that animal the tiger is trying to eat?---Why are they feeding a live animal to the tiger?,I tiger attacks another animal in the water.---A tiger and and oxen in a river---A tiger with an antelope---A tiger pulling a wildabeast by the back of its neck through the water---A tiger on top of a buffalo in a body of water,,original
0801763e-7b32-4f1b-a243-cfc58ade1feb,http://famouswonders.com/wp-content/uploads/2009/04/aerial-view-of-everest-picture-taken-by-the-author-during-buddha-airs-everest-tour.jpg,mount,Which mountain range is this?---How tall is this mountain?---What mountain is that?---What mountain range is that?---How tall is the highest peak?,Snow covered mountains on a clear blue day---A mountain range with snowy peaks with a clear blue sky---Mountain peaks with blue sky background---A mountain range.---A mountain range with snow on it next to other smaller mountains.,,original
37d07974-331b-4c3c-984d-1bdf742a1b21,http://2.bp.blogspot.com/-gRPYRP-kdUU/Tq2azQRIaPI/AAAAAAAAGR8/IjIzeFSIHtc/s1600/biscoff+spread.JPG,spread,What is Biscoff spread?---Is this peanut butter?---What is biscoff made of?---Is that peanut butter?---Is this stuff similar to peanut butter?,A jar of biscoff spread butter.---Biscotti Spread---A plastic jar with a red cap containg biscoff spread---A plastic jar with a red lid that says Biscoff Spread with a picture of the spread on a bagel on a wood table---A jar of peanut butter,,original
e1b7d720-966e-4bca-8bf7-01dbcf4ae327,http://emailupdates.history.com/Lifetime/life-movies/KW-0227.jpg,kept,What movie or TV show is this scene from?---Is this a television show?---Are the brother and sister?---Is this a scene from a movie?---What is the name of this movie?,"In a kitchen, man in suit and tie standing behind woman in blue---A man is standing behind a woman.---A man stands behind a woman as she looks down at something---A woman is looking down very unhappy while a man is standing behind her---A woman is looking down with a man standing a few feet behind her watching her.",,original
a2959e29-4e3f-4129-b64e-98b97ce8d2db,http://static.guim.co.uk/sys-images/Observer/Columnist/Columnists/2014/11/7/1415385432080/transmitting-andy-warhol--014.jpg,transmitting,Why is this product being exhibited in an art gallery?---Does Brillo still exist?---Are those Brillo pads in a museum of some kind?---How much does it cost to go to this event?---Have you ever used Brillo pads?,A display of modern art works---An art display that has some boxes on the floor and paintings in the background---Brillo pads on display in an art museum---Boxes of Brillo pads sitting on a white square in a room with colorful painting on the wall behind---An art museum exhibit with pop art,,original
9240804b-c725-4fbe-b33c-ca661d609325,http://rosslyneaglewatch.files.wordpress.com/2013/05/adoption.jpg,adopted,"Is the boy the adopted child?---Is that child actually adopted?---Who did her tattoo?---Did she design her ""Adopted"" tattoo herself?---Was that black child adopted too?",A child holding someone's arm with adopted and a tree tattoed on it---A black child holding a white person's arm that has a tattoo that says adopted---A child smiling while another person shows their tattoo---A black girl holding a white arm with the word adopted tatooed on it---a little boy holding up an arm with a tattoo showing adopted on it,,original
5a92fca5-6f18-4d2c-b5d3-60f4c353674a,http://thetimothycareyexperience.files.wordpress.com/2013/04/gunsmoke_gentleman39.jpg,gun smoke,Are they going to have a shoot out?---Can you name this Western?---Was this from a movie?---What movie is this from?---Are they about to get in a fight?,"A scene from a Western movie, two cowboys are facing off---Two men about to have a duel in front of other people---Two men confront one another in preparation for a shoot out---Two men facing each other as other people watch around them---Two men facing each other in the old west wearing guns",,original
8e60bc0a-e492-4de4-abf9-29456dad97e9,http://static.rogerebert.com/uploads/review/primary_image/reviews/breaking-away-1979/hero_EB19790101REVIEWS901010308AR.jpg,breaking away,Is this a picture from a movie scene?---How long ago was this photograph taken?---Is this a scene from a movie?---Was this photo taken in the 70s?---How old is this picture?,"man on a bicycle in front of three men sitting on the hood of a car---Scene from ""Breaking Away"" with blond man on bike and three man sitting on car hood---A man in a yellow shirt on a bicycle with three men sitting on the hood of a car---A group of men hanging out near a car and bicycle---Three men sit on a car and observe a bicyclist.",,original
4b5ff27b-47a2-4c31-be6d-3177cca670c9,http://www.archives.gov/research/military/civil-war/photos/images/civil-war-069.jpg,civil war,When was this photo taken?---What war did this photo take place during?---Are those people being held prisoner?---What event was depicted in this picture?,Soldiers sitting out on the ground during the civil war---did not load---An encampment with soldiers and white tents---A group of civil war soldiers gathered near their camp outdoors---Did not load,,original
fda53569-219f-4c81-9388-742563db00af,http://www.picturejockey.com/pblog/2013/8/images/leaf-water-big.jpg,surface tension,Did you use a zoom lense to get this close to the drops?---Was it raining?---Is that dew on the leaf?---What kind of plant is that?---What kind of plant is that?,Dew on a leaf---Green leaves of a plant with water droplets---Numerous drops of dew on the leaf of a green plant---A green leaf with drops of dew---A long thin leaf with water droplets clinging to it,,original
dce0aadd-c693-44e7-b073-085a0c8e8f05,http://images1.fanpop.com/images/photos/1700000/Becoming-Jane-becoming-jane-1798743-1024-576.jpg,becoming,What sport are they playing?---Is she good at this sport?---What time period is this from?---Is she good at cricket?---Were they learning to play cricket?,Three people play an outdoor sport in a field.---People in vintage clothing playing a ballgame on a grassy slope; a woman in a long dress is batting---two men in period clothing watching a woman in a period dress play a game---A woman is playing cricket with two men crouching behind her---A woman in an old fashioned dress playing cricket with two other men,,original
0440c15f-7b26-4bae-87c3-5aae38676ff6,http://images1.fanpop.com/images/photos/1800000/Becoming-Jane-becoming-jane-1803146-1024-576.jpg,becoming,Was this for a play or a movie?---Who are these characters?---Is this a reinactment?---Is this from a movie?---Who did the actresses hair?,Ann Hathaway dressed in an older costume with other people standing around her dressed the same way---People dressed in 1800s clothing---A woman in a blue dress standing next to a woman in a tan dress amongst other people---Two women dressed in antique dresses stand prepared.---Two women dressed for the 19th century,,original
bcda7dee-e0c2-43f6-bf98-2bba4ed1e2cb,http://beyondcanvey.files.wordpress.com/2011/10/metal-detecting.jpg,detecting,Did he find money on the beach?---Did the man find any buried treasures on the beach?---Did he find anything in the sand?---Did he find anything with the metal detector?---How succesful is treasure hunting?,A man using a metal detector along a beach---A man walking on the beach with a metal detector.---A man on the beach searching with his metal detector---A man searches a beach with a metal detector.---A man with a metal detector at the beach,,original
3cf0d893-3b63-4f6f-a42b-b2d95b51ce67,http://www.bosscases.co.uk/images/7/13632533451.jpg,cases,Is this phone waterproof?---How much do these covers cost?---What is that phone case made of?---How much does a phone cost?---Is the case good at protecting phones?,A purple smart phone case and phone---A smartphone with a case.---A smartphone in a purpe case standing next to another purple case---A cell phone next to a purple cell phone cover---A smart phone with a purple case.,,original
d033c5bf-aaaf-4986-b343-2dc2c9014d63,http://image.made-in-china.com/2f0j00LvoEDmkULAcj/Woven-Label.jpg,label,What is the significance of this patch?---What does this company make?---What label is this from?---Why would someone sew a label on their clothes?---Is this a bracelet?,A black clothing label with white and yellow stitching---An Augustport C edition patch---A piece of fabric with the word AUGUSTPORT printed on it---A tag from a piece of clothing---The front and back of a woven label,,original
63567835-a86e-409f-9cdc-d52212587c02,http://kylecrothers.com/images/articles/IMG_8591.zm.JPG,holds,Are those climbing grips?---Is that a dog toy?---Are these for rock climbing walls?---Why are there holes in whatever those are?---Are these actual bones from a dead cow?,Four red and white pieces with holes in the middle of each---Decorative red and white rocks with holes in the middle---handholds on climbing wall---Red and white climbing holds.---Four different red and white artistic shells laying in the sand,,original
95dc89ff-249b-4bb6-8b19-0f64f841d773,http://4.bp.blogspot.com/-PcGTMSTcScw/TWRKBZTk_AI/AAAAAAAAACM/TIqLrRnengI/s1600/my%2Bfirst%2Bwritten%2Bstory%2Bon%2Bmy%2Bjornal.jpg,written,Whose diary is this?---Are you writing a story?---Has this story been published?---Is there a way to increase the size of the writing?---How old was the author of this?,A spiral bound notebook with handwriting on one page---A sprial bound notebook opened to a lined page with writing---A spiral notebook filled with written text---A notebook page full of writing.---A diary with white paper and spiral binding,,original
a99656dd-afce-4190-8803-cfabcf5234fd,http://cdn03.cdn.justjared.com/wp-content/uploads/headlines/2015/06/amal-clooney-represents-chagos-islanders-in-supreme-court-case-social.jpg,represents,What kind of car is she driving?---Who is this person?---Is that her mom in the car?---What designer made this woman's black and white sleeveless coat?---Where is she headed?,A woman wearing sunglasses as she walks past a car.---A brunette woman wearing sunglasses emerging from a silver car---A woman in sunglasses runs her hand through her hair---woman wearing dark sunglasses standing outside of a white colored car---Brunette woman in sunglasses standing in front of car by building,,original
89ad619b-df3b-4c5a-aace-42d1bae736ed,http://thoughtsandfoundation.files.wordpress.com/2012/11/img_4959.jpg,wound,How did the cut happen?---What happened to that arm?---Why is this person cut?---What caused that gash?---How many stitches did that cut need?,A jagged incision on a limb covered in blood---An arm with a long thin cut on it---A large wound on an arm---A person's arm that has a bloody cut running down it---There is a large gash on a person's wrist.,,original
30e553f2-ec19-4e6a-aa59-b2eadf24cfb7,http://images4.fanpop.com/image/photos/22200000/Spike-Season-4-Promos-spike-22266543-1364-2000.jpg,spike,What is this man looking at?---How much did this actor get paid for this role?---Is he hiding from someone?---Is that Spike from Buffy?---Is his hair dyed?,A blonde man standing by a tan brick wal wearing a black tench coat---Platinum-haired male model dressed in black standing by brick wall---A tall man with blonde hair---A man with blonde hair wearing a leather jacket in front of a building---A young goth man in black next to a stone wall,,original
66eea559-d83c-4229-bc99-298821e911a2,http://4.bp.blogspot.com/-yAdkexpnKOU/UGCEZ-UFYWI/AAAAAAAAANM/7Y5EgbUWSU0/s1600/Hand+reaching+out.jpg,reaching,What does this grasping image symbolize?---Whose hand is that?---Why is the person reaching?---Is he reaching for the sun?---What is he reaching for?,A hand reaching towards a sunny sky---An opened hand reaching up towards a lightly clouded blue sky---A hand reaching towards the sky.---A left hand and wrist reaching for the sky---An opened hand reaching towards a cloudy sky,,original
c0704dc7-ec41-4aef-b050-ea00b5edcaf5,http://en.academic.ru/pictures/enwiki/67/Colonne_distillazione.jpg,fractionation,What do the large silver towers function as?---Do you have any idea what these structures are used for?---What are the pipes for?---What kind of building is this?---What are these structures used for?,"A large industrial center---A group of metal silos in an empty field---Huge, tall metal pipes with ladders on the sides---Tall silos with ladders on them---Five tall silver colored chrome towers at a distilling factory",,original
acbbfab9-74f0-4739-8331-d1bf1bfe23c0,http://reinventingrelationship.files.wordpress.com/2013/01/getting-married-2.jpg,getting,Who got married?---How long have they been dating?---Where did you get the templates for those cute signs?---Who is the couple that got married?---Who is the couple?,"A bridge and groom holding signs saying ""getting married""---A couple holding up signs announcing their marriage---A man and a woman holding signs that say GETTING and MARRIED---A bride and a groom hold two heart shaped signs---A woman in a wedding dress with a man in a black suit holding signs saying they are getting married, without their faces showing",,original
a29c4f0a-9992-4b6e-92e0-aaf92c438eec,http://naperdesign.com/wp-content/uploads/2010/03/lightning1.jpg,lightning,"How much lightning did this storm produce?---How did you get that shot?---Will lightning strike again?---That lightning is gorgeous, don't you think?---How long has this storm been going on for?",Cloud to ground lightning from grey skies---bolt of lightning stretching from the sky to the ground at night---Lightning striking---Lightining striking the ground---A lightning striking the ground during a stormy night,,original
717f6725-f313-4af3-9c1e-a2c37753a115,http://4.bp.blogspot.com/-vLDQI02sdo4/UHQcxxCE5zI/AAAAAAAACvw/b5LZGuQhbvw/s1600/DSCF2873.JPG,powder technique,How expensive is that brush?---Is that a makeup brush?---Is this a well made brush?---What kind of makeup brush is that?---How much was that makeup brush?,a make up brush with white powder on the tip sits on a piece of white fabric---A makeup brush---A make-up brush with a gold and black handle---A makeup brush with powder on the tip---A brush with a golden handle used for putting make up on,,original
52362aa4-2d6f-40e5-bbf5-fe052c0b6c8a,http://farm4.staticflickr.com/3555/3456493045_1b8fe0b15b_z.jpg,gulping,What is this guy drinking?---What is his name?---What is he drinking?---What is that guy drinking?---What event is the man partaking in?,A man wearing a white shirt and a baseball hat drinking from a cup in the daytime---A man wearing a white shirt and pink sticker drinks out of a paper cup.---A man in a hat drinking something---A man is standing outside and drinking a beverage.---A man drinking from a paper cup,,original
8589cc46-3ab5-496f-bf92-4001d35d4ba7,http://images.fanpop.com/images/image_uploads/Elle-getting-shot-heroes-526123_667_1000.jpg,getting,Was she shot or stabbed?---What is happening to the actress in this role?---What happened to her arm?---Is this from a movie or a show?---Do you think that blood is fake?,A blond woman screaming and bent over---A woman with long blonde hair standing on a beach holding her right arm like she is in pain---A women screaming in pain from an aparrent injury to her arm.---A woman clutching her arm---A woman with her arms across her torso near the beach,,original
060a666c-43be-4d1a-b4a8-823faf43a18e,http://3.bp.blogspot.com/-Xl-VTtJ3vC0/VUrl50x3S2I/AAAAAAAAABI/YqcWd15JslA/s1600/SF%2Bredevelopment.jpg,redevelopment,What year was this picture taken in?---What are the people in the group doing?---Are they going to build something in that empty lot?---What did they end up building on that site?---What was built there?,A station wagon and VW bug parked next to a vacant lot---A calm street---A street with two big empty lots where buildings were---A few people looking at an empty lot---A construction side with dirt piles surrounded by other buildings,,original
2dc3612c-8026-4ee5-823f-bf6f1500fffd,http://2.bp.blogspot.com/-kmkD6slaGIs/TqG4IuguXGI/AAAAAAAAALA/396_MEFm2eg/s1600/Buick+Rendezvous+2003+01.jpg,rendezvous,Is the car good for off roading?---What is the make of the car?---Where is the car parked?---Is that your SUV?---How much does that SUV cost?,A silver colored sports utility vehicle parked outside---A tan SUV parked in a residential area---A truck parked in a driveway---brown luxury SUV parked in driveway---A Sports Utility Vehicle.,,original
8ad35111-b862-4731-b07f-647b57fa5f28,http://3.bp.blogspot.com/_YaxXnpCqfAI/S9uzD5WuHeI/AAAAAAAACDs/ppXPRbF1pRM/s1600/Two-Headed-Snake-11.jpg,headed,Did it seem healthy?---How can a snake have two heads?---What type of snake is that?---How old is this two-headed snake?---Does that snake have two heads?,A two headed brown and white striped snake laying in some dirt---A double headed white and black snake---A two headed snake---A two headed black and white snake---A two headed snake that is black and white has a lump,,original
b13208a1-25e8-4510-b527-92ad9ffa6431,http://static5.businessinsider.com/image/52a4fa9769bedd1a5f8631a4/denver-broncos-kicker-makes-the-longest-field-goal-in-nfl-history.jpg,field goal,Who won the game?---Was the team able to make the field goal?---Did they make the field goal attempt?---Did he make the field goal?---Who ended up winning this football game?,"A sports network showing football players lined up on the field---screen shot of a live football game with the players lined up on the field for the snap---A televised football game---A player is lining up for a field goal during a football game---NFL football game in progress, with players standing in the middle of the field",,original
62caf69d-8f38-4f0d-b348-c83ab40bf28a,http://www.apherald.com/ImageStore/Images/movies/movies_events/ccl-season-3-curtain-raiser24.jpg,curtain raiser,What are the ethnicity of these people?---Are these people all a part of some sort of team?---What is the show called?---How long has that TV show been around?---What is the man saying to the girl in yellow?,Four men wearing green and yellow and two women in red dresses and one woman in a yellow dress standing in a line---Men in sports uniforms on stage with a few women---A group of men and women on a stage---A group of men and women standing next to each other on stage---Two women in dresses standing with four men in sports uniforms on a stage,,original
32f0ae7f-7e93-4af4-b617-d2e30bb4edb4,http://www.canyon-news.com/wp-content/uploads/2015/05/image43.jpg,pilot program,Have you ever driven on the left side of the road?---Where is this man driving to?---What kind of car is this man driving?---Where is this man headed?---Where were you going?,The dashboard of a car following a silver car with the driver wearing glasses driving through a park---A man drives behind a minivan---man driving car with cellphone on dash following another car---A man in a car following a grey hatchback---A man is driving his car while another car is driving ahead of him,,original
0bbce27e-9a73-4b0e-beca-aebb20781eb1,http://legaleaglesflyordie.com/wp-content/uploads/2012/01/Vietnam-War-Protest.jpg,protests,What war are they protesting?---Where did this protest take place?---What war are they protesting?---Which war are they protesting?---What were they protesting against?,anti-war protest marchers carrying sign---A group of people walking through the street with a sign---Soldier protestors march down the street holding a banner expressing their disdain for another war---Men marching in protest of a war---A large group of protesters marching,,original
bbc98c11-4481-46b0-8076-8c089256b89c,http://abigailpaceyamvcmedia.files.wordpress.com/2012/03/long-shot.jpg,long shot,What city is this?---What park is that?---Where is this sidewalk located?---Is this on a college campus?---What is the structure in the distance?,A park with trees and a few pedestrians---A walk way in the park that is surround by lights and trees---A large sidewalk surrounded by trees---A city park with people walking underneath trees.---A tree and light lined pedestrian walkway,,original
1938b13a-d381-4a6c-938e-44ef1dae6ac1,http://img2-2.timeinc.net/people/i/2015/news/150525/bates-1024.jpg,bringing,When was the child born?---How much did the baby weigh?---How long did her labor take?---Is that baby a boy or a girl?---Is that a baby boy?,A woman in a hospital bed holding a newborn with her husband and an older couple is with them---A woman holds a newborn baby in a hospital bed while three other people are smiling---A new mother holds her baby in a hospital bed with her family around her.---A blonde woman holds a baby in a hospital bed as her family surrounds her---A family and their newborn baby,,original
317e3224-8e4e-499a-8f76-3881a13d6256,http://danydefisc.files.wordpress.com/2010/05/residence-tourisme.jpg,residence,"That pool makes you want to go swimming, doesn't it?---What hotel is this?---How much does a condo cost here?---Does the pool have a deep end?---Were hotel guests allowed to swim in the water?",This is a resort building with condominiums overlooking a beautiful blue pool of water---A hotel swimming pool---A clear blue pool in the middle of hotels---A turquoise swimming pool surrounded by buildings on a sunny day---A large pool outside of a resort,,original
119ecc7f-e05f-4cb2-a23d-c1d2ef798f6a,http://2.bp.blogspot.com/-MeklOC3tAXc/UsiRX7sL51I/AAAAAAAAC8A/TzNXOh5T4Hg/s1600/Real+Techniques+Powder+Brush+2.jpg,powder technique,Is this brush effective?---What is that used for?---I love that cheek brush.---Is that the makeup brush you use?---What is the main purpose for using this make up brush?,A makeup brush with a black ad copper colored handle with black and lilac bristles---A makeup brush set on a counter---A makeup brush with a bronze middle and black handle---a fuzzy make up brush.---A makeup application brush,,original
8bd61845-df1e-4134-8bc0-a8f2f659409f,http://www.toledoblade.com/image/2012/01/11/800x_b1_cCM_z/Musical-comedy-of-murders.jpg,musical comedy,What is the title of the play?---Which play is this?---Was the lady killed?---What is the name of this play?---What play are they in?,"A woman sitting on a bench reading a book while another woman prepares to chop her with a cleaver, a man pointing a gun, and another man---Two people about to hit a blonde woman reading a book---Four characters are performing a play on stage.---A group of people gathered around each other holding weapons in their hands---Three people surround a blonde woman in a play",,original
c1548478-61f9-47c2-9009-2c8408ee8f50,http://farm3.static.flickr.com/2441/3577759611_f4bf806e69_o.jpg,sun,What time of day was this photo taken?---What time did the sun rise on the east coast?---Was this photo taken from a plane?---What time was this picture taken?---What time of day was this taken?,The sun setting in the backround behind some dark clouds---the sun bathed in a glow f yellows and oranges while being partially blocked by clouds---A setting sun---A sunset with clouds in front of it---The sun at sunset behind clouds,,original
4fc972c3-8d7a-4935-9420-d83c980795e2,http://www.abbeyarchery.com.au/mm5/graphics/CartelRoundHat1454_large.jpg,round,Did you enjoy wearing the hat---What is that thing?---How much does that hat cost?---Is that your hat?---What kind of hat is that?,A brown and tan bucket hat---A striped hat---A hat with tan and brown stripes---A brown hat---A brown and tan colored fishing hat placed on a white setting,,original
07668ec8-dc5b-4102-8fca-2a31e3d7b27c,http://2.bp.blogspot.com/--sZmR4o4t4A/T-eDY74p3fI/AAAAAAAAAfM/3E98_FFTqbg/s1600/begun_bhaja.JPG,begun,What kind of fried food is this?---Is that eggplant?---How many calories does this dish have?---Are those muffins or are those a vegetable?---What type of vegetable is on the plate?,A white plate full of cut and cooked vegetables on it---A plate of some fried food---Fried vegetable slices on a plate---A white plate with sliced toasted bread---bread with blacked edges on a white colored glass plate served to eat,,original
832bdd41-f871-4e0d-b7b4-e94ccd42659d,http://images.fineartamerica.com/images-medium-large/green-turtle-laying-eggs-alexis-rosenfeld.jpg,egg laying,What sort of eggs are those?---How many of these turtle eggs end up surviving?---How many eggs did the turtle lay?---Where were you watching a turtle lay eggs?---How long will it take for these eggs to hatch?,turtle laying eggs in sand---A turtle stands over a clutch of eggs---A turtle laying eggs---A turtle burying their eggs in the sand---A turtle sitting on to of some eggs inside of the sand,,original
07e0dc12-8fb4-45ef-9eb1-4dd30b5b67f9,http://2.bp.blogspot.com/_pDROALbrZOk/TSsxu17YJaI/AAAAAAAAALw/ktX9xBdbg0Y/s1600/eiffel-tower-paris-france.jpg,visited,How many people go to see this site every day?---How tall is the Eiffel Tower?---How tall is the Eifel Tower?---How tall is the tower?---How tall is the Eiffel tower?,"The Eiffel Tower with people around it in the middle of the day.---The Eifel Tower looks over a large open park.---The Eiffel-tower on a bright and sunny day in France---The Eiffel Tower in Paris, France---The eiffel tower and surrounding courtyard on a clear day",,original
33e20960-166f-40c5-a60a-cb674e80e4f9,http://low-life.ca/wp-content/uploads/2013/02/290661_511754798855935_752784081_o-1024x1024.jpg,wants,How old is the dj?---What songs do you think she will play?---What type of music is she playing?---Where is she DJing at?---What kind of music do you think she is playing?,woman wearing headphones with dark hair in pony tail operating sound board---A woman DJ---A DJ mixing up her music---A DJ performs---A woman playing a turntable inside of a night club,,original
d4571e04-6142-43e9-8ea8-71a60bb061e9,http://media.moddb.com/images/groups/1/3/2055/Inquisitors.jpg,expects,Are these supposed to be the three musketeers?---Who are these figures supposed to be?---What do the statues represent?---What do these figurines represent?---What brand are the figurines?,Three ceramic figurines.---Inquisitor action figures---Three figurines of men in orange robes---Three small pieces of figurines next to each other on a counter---Three statues of men dressed in orange,,original
f2a72ff2-635d-4242-85b7-d30279aba65d,http://novelnovice.files.wordpress.com/2012/10/reached-prizes.jpg,reached,What kind of message is this?---What is the purpose of this flyer?---Where did you get that?---What kind of brochure is this?---What is this company all about?,An unfolded pamphlet.---An advertisement pamphlet for books---A brochure that has pictures of women in it---A pamphlet for a person named Ally Condie---A pamphlet for Matched-Book.com,,original
8a63398f-5b14-46ff-a9be-e9292b071fb0,http://4.bp.blogspot.com/_NECdmCzESfY/TUmTDi29fzI/AAAAAAAAAQQ/A4nBT5tpusk/s1600/Two+Headed+Cat.jpg,headed,What are these cats looking at?---What kind of cat is that?---Where does each cat begin?---Does she lay on the other cat often?---Why is the cat sitting on top of the other cat?,A brown cat wearing red---Two brown cats sitting on the ground next to each other---A brown long-haired cat laying on a gray cat on a red blanket---One cat lays on top of another.---Two cats are sitting on a red blanket.,,original
869c5347-79a2-4bd0-8756-fb43e0d953d9,http://2.bp.blogspot.com/_JCvS2vxMltA/THHoI54__PI/AAAAAAAAAKM/1CPuPWCostQ/s1600/2010-8-13+Chickens+in+chicken+house-1.JPG,egg laying,What kind of chickens are those?---How many chickens are there?---Why are there so many chickens in one place?---What are these?---What kind of chickens are they?,Grass covered in brown leaves and white plastic cylinders---brown colored chickens standing in a room with hay covering the floor---Chickens in their coop.---A room with dozens of chickens---A multitude of brown chickens kept together,,original
4395f69c-d0ab-496e-b045-a9ff20531975,http://static01.nyt.com/images/2014/11/10/multimedia/obama-net-neutrality/obama-net-neutrality-videoSixteenByNine1050.jpg,neutrality,Why is the president speaking to the camera?---Is this from a television interview?---How do you think our president has been doing for us?---Is this during a speech?---Why does Obama look so tired?,President Obama sitting inside of a room inside a building---A photo of Obama---President Barack Obama beginning to speak---A man with a striped shirt and black dotted tie faces forward---Barak Obama looking tired wearing a white shirt and black tie,,original
e5cfeb8e-941f-40c2-b77d-0931523b0afd,http://www.ezkem.com/wp-content/uploads/2014/05/A001729.jpg,ion exchange,What is the thing is this picture used for?---What does this tube fit onto?---is that part of a medical device?---What part does that belong to?,short piece of clear plastic tubing with yellow things attached to either end---A small plastic part---A small wire with plastic ends---A small device that is made of plastic set on a table---A tube with yellow and clear parts on it.,,original
30bf6f28-15cb-4004-97c6-53c004345cd7,http://2.bp.blogspot.com/_5vmqQqvvTpQ/TOklxt8ixPI/AAAAAAAAABE/U15Qosu-1Wg/s1600/Quit-Smoking-2.jpg,caused,What brand is that cigarette?---How did the skeleton smoke a cigarette?---What brand does he smoke?---Was this photo for an ad campaign?---Where did the skull come from?,A skull with a burning cigarette in it's mouth---A skull smoking a cigarrete---A skull smoking a cigarette---A skull is smoking cigarette.---A skull with a cigarette in its mouth with smoke on it,,original
33366c5b-3838-4ecd-bd3a-ef2f7b278b50,http://www.ksk-academy.org/fotos/2009-02-eggberge/06-sensei-jim-demonstrating-with-jerry.jpg,demonstrating,Is this practice or a match?---Do they fight competitively?---Who is better at karate?---What move is the martial artist on the right performing?---What kind of martial arts are they doing?,"Men practicing karate.---Two men train at karate in the dojo.---Two men practice martial arts inside a brightly lit room while a third man watches---Karate students sparring---Two people practicing martial arts with black belts, being watched.",,original
95fd16a3-54dd-49af-b35a-c06d31c621f2,http://image.made-in-china.com/2f0j00lMHQiaeEhJbs/Centrifugal-Pump-Water-Pump-LHF-6B-.jpg,pump,Can you tell me what this device is used for?---What does this motor run?---Is that used to pump air for an air compressor?---What is this equipment constructed for?---What is the purpose of this device?,A blue electric motor---A blue piece of machinery---A blue colored contraption with a meter on the top---A water pump---A blue water pump,,original
0a06fba8-99a7-42ed-ae72-75395684eda8,http://2.bp.blogspot.com/-yC2iTL3bdoQ/TeQq0rVd7uI/AAAAAAAAABQ/pp880e2fCGk/s1600/On%2BThe%2BROad%2BNew%2BPicture%2B%25284%2529.jpg,on the road,What model is the truck?---What model year is that car?---What kind of car is that?---Where are they driving to?---Did the old car survive the road trip?,Two men stand next to an old vehicle in a secluded area---Two men standing next to an old truck in a deserted area---Two young men standing next to an old pickup truck in the wilderness---Two men standing next to a dusty vintage automobile---Two young men standing by a vintage black automobile on a road with mountains in back,,original
a1fbc5a0-e167-4bb8-bb9a-dc1b9c2a601a,http://4.bp.blogspot.com/-wxq8YzlGHek/Tjz5nhj5JgI/AAAAAAAAAg8/GIUyYy_e4NA/s1600/Airwave.JPG,air wave,Who owns this car?---Do you like your Honda FIT?---What would you call this car style?---How much does this cost?---Is that your car?,A silver mini van parked next to a grey building---A silver car---A silver four door sedan parked in front of a building---A Hyundai minivan that is silver in color next to an office building---A grey colored four door car that is parked next to a building,,original
1685e5a7-d65e-42f8-b3bd-d8c191fc261c,http://2.bp.blogspot.com/_dUi0Lr4_KWE/TJ9_ZNVcE2I/AAAAAAAAAA4/T_howrXCPeE/s1600/my+totaled+truck.jpg,totaled,Was anyone hurt?---What happened to the truck?---What happened to the car?---Did the driver live?---Did the other car have as much damage?,A damaged red truck on the grass next to a road where a police officer is looking at it---A cop stands next to a wrecked red pickup truck.---A red pickup truck that was in a car accident with a police officer nearby---A pickup truck following an accident---A red pickup truck is badly dented from a wreck.,,original
9a5c4d90-721a-4388-98c0-cfe89ad410fa,https://img0.etsystatic.com/015/0/5849617/il_fullxfull.451651340_pbe0.jpg,large order,Is this as planter?---What material is this made of?---Is this bowl made from just yarn?---What is the bowl made of?---What is this made from?,A multi-colored woven basket is displayed---small round basket that appears to be hand weaved sitting on a glass table.---A white and multi colored bowl set on a glass bowl---A white woven basket---A basket woven with strips of fabric,,original
4cbf3a80-80a9-41e3-bf6d-fc77ea08e741,http://zeeshcreation.files.wordpress.com/2011/08/27-giotim.jpg,stocking,What type of flower is hanging?---What type of flower is in this boquet?---Are the flower's real or fake?---Who put those flowers together?---What kind of flowers are those?,A flower arrangement with pink flowers is in a basket---A basket of purple flowers with white twirls---Fake purple flowers---A purple bunch of flowers laying on a sheet---A beautiful bouquet of purple flowers with green leaves and a wood arch,,original
4e5395a0-7670-433c-bd39-dec2c7803158,http://www.fond-ecran.net/fonds/chopper_010.jpg,chopper,Who makes this motorcycle?---What brand of motorcycle is this?---Who made this bike?---What type of motorcycle is this?---How much does a motorcycle like this cost?,A red chopper resting on a white cloth---red colored motorcycle with a fat boy tire on the back parked on a white backdrop---A red motorcycle against a marbled back drop---A parked motorcycle---A red motorcylce with a big rear wheel parked in a studio,,original
2f5b17b6-9a0a-4d46-b00d-54269802d0af,http://a.abcnews.com/images/Business/gty_open_plan_office_ll_130701_16x9_992.jpg,office,What organization does this office belong to?---Is the man closest to the camera working?---What kind of business is located in this office?---Would you like to work in an office like that?,"An office environment with people working at desks.---A man works in an open office in front of a computer---An office with many cubicles and mostly white decor---A large, busy office---A modern office with a few employees inside",,original
6e4811e8-baa9-450a-a27a-d8af1c0bbe94,http://jafrianews.files.wordpress.com/2011/11/arrests.jpg,arrests,How much weight does it take to break those handcuffs?---Why is this person in handcuffs?---What was the gentleman arrested for?---Why were they arrested?,A man's hands handcuffed at the wrists behind his back wearing a white shirt and black jacket---A man with his hands handcuffed behind his back---A person's hands and wrists that are handcuffed behind their back---A close up of a person in handcuffs---A person in a business jacket with their hands behind their back in hand cuffs,,original
72789c25-8d89-401f-b71e-2ce419e674b8,http://malayoganycblog.files.wordpress.com/2012/02/supported-fish_sc.jpg,supported,Is that uncomfortable?---Is this some type of yoga?---What exercise is this woman doing?---What is she doing?---How long does this woman exercise in an average session?,A woman dressed in red and black laying on a yoga mat with her head propped up on a blue foam block---A woman stretching with her head on a foam block---A woman stretching on the floor---A woman does a yoga pose on several blocks on a wooden floor---A woman doing yoga,,original
631ecd20-1ee7-4846-b734-c9fb675bb802,http://3.bp.blogspot.com/-dDDDTNv0yCM/Tbff-JLjDnI/AAAAAAAAAMY/SvV4Fu3Oo74/s1600/Circuit+de+Catalunya+barcelona.jpg,circuit,Is this a Formula 1 speedway?---What is this racetrack called?---What racetrack is that?---When is the next event at this track?---What race track is that?,A racetrack in the middle of a large sports venue outdoors---An overhead view of an outdoor automotive racetrack.---A racetrack view from overhead---An aerial view of a winding race track---Overhead view of a race track,,original
6d4d1457-04e9-4d69-b627-a759d81edef0,http://gfurniture2.files.wordpress.com/2012/11/reccc3.jpg,reclining,Are you selling this chair?---Does this chair recline?---What material is this recliner made from?---How much does that chair cos?---When did recliners become a living room staple?,A brown recliner chair.---A brown reclining chair---A brown reclining chair---A brown cloth reclining chair---A brown reclining chair,,original
a6eda271-0f74-43ce-9405-dcee10020e61,http://3.bp.blogspot.com/-ioqvN7XG0o4/UM5GapBcbCI/AAAAAAAAAac/yiVLnIMvqwo/s1600/Woman-Praying1-1.jpg,pray,What is she praying for?---Why do people clasp their hands when they pray?---Is this woman praying?---Is this woman wearing clear nail polish?---What is this person praying for?,A woman wearing a sweater clasps her hands together---A woman with her hands clasped in front of her as if in prayer---A woman clasping her hands together---A person's hands holding themselves with interlocking fingers as if praying.---A woman holding her hands in a praying position,,original
23d50d1f-9f0d-4d65-969c-eb226404b5d6,http://i.huffpost.com/gen/1289031/thumbs/o-BLOOD-TRANSFUSION-facebook.jpg,blood transfusion,When does blood expire?---Are these packs from a blood drive?---How do you feel about working with blood every day?---Is this from a blood drive?---Have you ever donated blood?,Bags of blood---Bags of blood.---Four packages of blood laying side by side with the bar codes showing---Bags of blood ready for use---bags of blood,,original
437cb055-654d-49cc-9053-00771fe7270c,http://media-cache-ak0.pinimg.com/736x/62/5c/e5/625ce5fc16f176828d41fa65da1c7174.jpg,refocusing,How deep is that pool?---How cold is the pool?---Why is there a rubber ducky in the pool?---What was the temperature?---Is this your pool?,A swimming pool with a pink pool float and a yellow rubber duck---inflated raft in a pool---A yellow rubber duck next to a pink floating device in a pool---A pool with a pink inflatable and a rubber duckie floating in it.---A small yellow duck floating beside a pink float in a large swimming pool,,original
6999dc20-6e77-43bd-83f3-b66ca66c51a3,http://3.bp.blogspot.com/-GjRW1BP4jkA/ThKIUeXVmNI/AAAAAAAAA-E/e0lBaLOjEDM/s1600/DSC02749.JPG,slashing,How long did it take someone to sew that?---Is that a glasses case?---What is the fabric being used for?---Who made this glasses case?---Does the sunglasses case appear to be handmade?,A bunch of multi-colored fabric near a pair of shades placed on a table---A blue cloth sunglass case with a brown button---An experimental garment---Layers of different fabrics---A close up image of sunglasses in a fabric case on a wicker table,,original
88fd5636-4c3b-4ba4-b76f-803de6d7b7e5,http://4.bp.blogspot.com/-q-jV44HQjT0/TyVxgXgEG7I/AAAAAAAABuU/28tQ606kAwY/s1600/pineapple+squares+017.JPG,dwindling away,How did the cake taste?---How is the filling made?---What kind of food is that?---Who made those desserts?---What kind of dessert do you think that is?,A lemon snack cake---A sugar covered pineapple pastry is displayed.---Two pineapple squares---A delicious looking pastry lying on a table---Lemon bars oozing yellow with powdered sugar on top,,original
2574b1fa-65a9-4891-8df2-2ec83aebe025,http://melissabrookscuffee.files.wordpress.com/2014/01/dreamstime_s_31711436.jpg,journeying,What kind of dance is she doing?---Is she trained in ballet?---Is she a good dancer?---Has she danced all her life?---Why was she dancing?,A woman jumping in the air with the sunset behind her---Leaping female dancer silhouetted against pink and yellow sunset---A girl in a dress is leaping in the air and there is a vibrant sunset highlighting her silhouette.---woman leaping into the sky before setting sun---A dancer jumps on a sunny evening.,,original
43935571-8fe8-422f-a709-2bd1f62e01c6,http://a.abcnews.com/images/US/ht_wabc_instgram_2_kb_150305_16x9_992.jpg,skidded,What happened to the plane?---Did the jet crash in the snow?---What caused the airplane to crash?---What happened to the plane?---What happened to this plane?,A group of people near a crashed commercial plane in the snow.---A crash landed delta jet with people exiting in the snow---A white Delta plane resting on a snow bank while passengers exit on an emergency slide---Passengers and emergency workers outside of a plane lying on the ice---A landed Delta airplane in the snow with a group of people standing around the back right side of the plane.,,original
4816ce95-b385-4e82-b142-cfc708819215,http://motoroids.com/wp-content/uploads/2013/01/2014-Corvette-Stingray-convertible.jpg,convertible,What year is this corvette?---What year is this Corvette?---Is this an expensive car?---What model of car is this?---Is that the most beautiful Corvette you've ever seen?,Did not load---Did not load---Convertible sports car with metalic orange paint and spoilers---Did not load---An orange sleek new corvette,,original
bc63face-18bc-457b-8e64-c19bc5e654a2,http://lenergeek.com/wp-content/uploads/2012/09/barrage_grandval.jpg,barrage,How does a dam work?---What dam is this?---What dam is that?---Do you know when the dam was built?---Which dam is that?,A large dam surrounded by a mountainous area---A concrete dam in a green landscape---A dam with several arches holds back water---A large dam full of water in a deep valley---A large dam,,original
5123c9fe-290d-4f95-ba19-d335f4a4b41d,http://www.dream-alcala.com/wp-content/uploads/2013/12/2013-12-10-18.26.04.jpg,bishopry,Who is the artist that created this sculpture?---Who is burried here?---Who is buried in the tomb?---Is this a tomb?---What does this statue represent?,A sarcophagus made of white marble with a curved man---An ancient tomb is sitting on display---A carving of some kind of tomb---A stone grave that is full of carvings of people and symbols---A classical stone engraved burial chamber,,original
67e16d0b-428d-47ad-b468-09082436ee08,http://15pictures.com/wp-content/gallery/15-pictures-roller-coasters/roller-coaster-2.jpg,roller,"Where is that roller coaster?---How fast does the roller coaster go?---What roller coaster is this?---Aside from the 2 shown, how many loops does this roller coaster have altogether?---Where is this rollercoaster at?",Did not load---Did not load---Did not load---Did not load---Did Not Load,,original
5bf86378-1735-4c56-8e47-4345961f0703,http://media-cache-ak0.pinimg.com/736x/bf/ca/75/bfca751c2eae501becfea186bc93adc7.jpg,refocusing,Who sewed the pillow?---Where is the rabbit off to?---Was this pillow hand made?---Who sewed the pillowcase?---Did you make that pillow?,A pillow with a rabbit and a white border---A decorative pillow with a bunny print---A pillow with a bunny rabit design.---A pillowcase with a rabbit embroidered on it---A pillow with a picture of a white bunny on it and green laces.,,original
ac22ea4e-46aa-4651-aaeb-d48a960aa447,http://assets.passedoutphotos.com/hashed_silo_content/silo_content/870/resized/passedout-photos-1219293894-84988.jpg,passed,How do people sleep through these pranks?---Who stuck a cigarette in this mans nostril?---How long was he passed out?---How much did this man drink?---Can the man smoke this way?,A blonde man wearing a red shirt with sunglasses on his forehead sleeping with a cigarette in his nose---A man is passed out with a cigarette stuck in one of his nostrils---A man is asleep with a cigarette in one nostril.---A man leaning back in a car seat wearing a red shirt with a cigarette in his nose.---A man passed out with a cigarette in his nose,,original
7498487d-0940-44bc-bff8-736f62907aff,http://image.made-in-china.com/2f0j00SejtQbvnwMcw/Hdi-Print-Circuit-Board.jpg,circuit,Is this a motherboard?---What is this circuit board used for?---What does this motherboard go into?---What is the function of this circuit board?---What is this circuit board for?,"A green colored computer chips with some parts and pieces of the device---A circuit board with many connections and chips---A motherboard for a computer---A circuit board, possibly a motherboard.---A computer motherboard",,original
b26ec6e0-1e2b-4fd6-8b01-b2248921e7d3,http://static1.businessinsider.com/image/51ccace069bedd932700001c-1200/fueled-office-tour-bi-dng-8980.jpg,fueled,Is that wall in a private home or store?---Where can I find a shelf like that?---What kind of things are displayed?---Is this in a store?---Is this wall decor located in a business?,A nam inspects a large number of items hanging on a wall---A wall of crates used at shelving with a man standing beside them.---A store with many boxes and trinkets on the wall---A wall decorated with crates and bottles inside them---A person looks at antiques on display.,,original
16cc2b06-a34a-4130-b018-f1e6736ef2ef,http://static5.businessinsider.com/image/4d7502cacadcbbad3f040000-1200/two-pilot-whales-are-dismembered-ashore-into-rations-that-will-go-to-everybody-involved-in-the-hunt-from-the-captain-to-the-boat-maker.jpg,dismembered,How much of the fish can be eaten?---What is the man's name in the red shirt?---What kid of fish is this?---Did he kill it?---What type of animal is this carcass?,A man looks at two dead whales on the beach---A man cutting open a sea animal---a man gutting a fish---A fisherman is carving up a small beached whale.---A man is burtchering a beached whale,,original
31a89adb-b4bc-4a66-b278-d376e76c961e,http://3.bp.blogspot.com/--lijykJsHC8/TazL146V0MI/AAAAAAAAACY/TEIfHjBDQ2w/s1600/The%2BHelp%2BMovie.jpg,help,Does the woman in the hat have any children?---Why are they holding hands?---Where are the people meeting at?---Were they friends?---Are the women getting married?,Two women of different ethnicities holding hands in front of a third woman---A scene from The Help movie---A woman greeting another woman while another woman stands nearby---Two women holding hands with another woman onlooker---A white woman in a blue dress holds a black woman in a red dress's hand,,original
cf4b48b6-28d0-4fdc-b65f-8ee0b8c16e63,http://4.bp.blogspot.com/-Qbfk18UpDnA/UC8RuyNGq2I/AAAAAAAAX30/DGtdwreEGLQ/s1600/teaching_preaching_church_teachers.jpeg,preaching,What was the topic of the speech?---Who is giving the speach.---Who was the public speaker?---Have you ever given a speech like that?---Was he a compelling speaker?,"A man in a gray suit gives a speech.---A man faces the audience as he gives a speech.---Man giving a speech---Back of male speaker wearing suit at podium, with arm outstretched---man standing at a podium in a suit giving a speech to an audience",,original
34171df0-30b4-42e3-bd9e-5b991d253d01,http://2.bp.blogspot.com/_q_AYHe6MQ3k/S6q8ccH4MQI/AAAAAAAADTc/2FP5ahjgIZI/s1600/IMG_1628.JPG,flowing,"Where is this river?---That is rather pretty, do you agree?---What type of body of water is shown here?---How cold was it?---In what kind of body of water is this ripple?",A body of flowing water with a single branch sticking out of the top---Ripples form in clear natural water.---Icy water flows and ripples around a twig---A branch sticking out of a river]---Ripples of liquid water swirling in a cirlce,,original
4b3c305c-ae35-4cb8-855b-cecdceb94f41,http://images.fanpop.com/images/image_uploads/Pushing-Daisies-pushing-daisies-462138_1280_1920.jpg,pushing,What is the name of the dude in the photo?---Is he an actor?---Is he taking part in a television commercial?---Does he have a lot of money?---Why did he choose that background?,"A man standing in front of a purple wall---A man posing for a picture---man in suit standing in front of purple wall---A black man wearing a suit standing in front of a purple patterned background,---A man in a suit standing with his hands folded",,original
b2a798ba-4327-4589-8f39-e2ff9b789e33,http://grasshappens.files.wordpress.com/2009/04/img_0869.jpg,plowing,What is the purpose of that house driven cart?---Are they Amish?---What crop are these horses working with?---Where do these horses originate?---What is being farmed here?,"Large horses dragging a farming equipment across the field outdoors---A farmer being pulled by a group of plow horses while he plows a field.---A group of horses trot along a field.---A man plowing a field with strong brown horses---A team of horses pulling a plow thru a field, with a man at the helm of the plow",,original
0f4290fb-1bfe-4dfc-a67d-c6209b1b87fc,https://maricoinnovationfoundation.files.wordpress.com/2012/04/awards-ceremony-11.jpg,award ceremony,Who is being presented with the award in this photo?---Who are those people?---What is the event for?---Are their innovations scientific in nature?---How many people attended this event?,A man at a podium watching while two men shake hands on a stage---Three men standing together in the middle of a stage---people standing on a stage with one man at a podium shaking hands---A group of people on stage talking to each other in front of an audience---People on stage at an award ceremony,,original
fbb7e393-0c62-4c0c-908e-eb5414509948,http://images.fineartamerica.com/images-medium-large-5/found-treasure-brook-burling.jpg,found,What kind of antler is this?---What species grew the antler?---Is this a Bluetick Coonhound?---What kind of dog is that?---What kind of dog is that?,A dog carrying a stick---A black and white dog carrying an antler through a field---A brown and white dog carries an antler in their mouth while walking through a field.---A dog carries an antler through a field---A black and white dog carries a large antler,,original
6bc9895b-1630-41e5-a27b-11785f91c9c5,http://christianprophecy.org.uk/tselem700px/otnt13_strengthening.jpg,strengthening,What is the name of this exercise?---What kind of exercise is he doing?---How much weight is this person lifting?---How heavy is that weight?---How many pounds is he lifting?,A man is doing bicep curls---A man with a big arm doing a bicep curl---A man lfting weights---A left arm lifting a big black weight---A man curling weights while his biceps bulge,,original
f5b0467e-68bc-41e9-bb1d-55b67229b762,http://3.bp.blogspot.com/-J6NciTE6G-A/UPByH8aLMLI/AAAAAAAAOsA/eBJduV5Affo/s1600/looks+cal%C3%A7a+skinny.jpg,looks,Who designed the bags the models are carrying?---Who styled that girl/---What made the purses?---Which purse do you like?---Is this the same person?,A woman in four different poses holding different types of purses.---Four women in skinny jeans standing around with different sized purses.---A woman shows off different outfits on a sidewalk.---Several women pose with their purse or wallets.---Four women are holding purses.,,original
c3167954-e92f-4440-af58-a26b6da05529,http://m5.paperblog.com/i/50/501791/max-factor-lip-liner-pencil-L-T4yvhG.jpeg,liner,Is that makeup?---Whose colored pencil is that?---What kind of makeup do you use with that?---Is this kind of pencil for lining your lips?---How long does this lip liner last?,A mascara device with MAXFACTOR printed on it placed on a sheet---A red and gold makeup pen---A red lip pencil lays on a white surface.---A makeup pencil on fabric---A makeup pencil,,original
4c5eedae-409e-4641-aebc-f3749d54e061,http://chemtips.files.wordpress.com/2013/01/fc-column-chromatography.jpg,column chromatography,What kind of lab equipment is this?---What does this contraption do?---What are they making?---Did you get a decent grade on the chemistry lab assignment?---What are they making?,A chromatography experiment---metal pipes in a white room with a clear rubber house attached---Two horizontal pipes with a vertical pipe in the middle with a clear hose coming out of it---A metal stand with a tube extending---A device with nozzles and tubes on it inside of a room,,original
81e6c0c7-5964-428f-a8dd-eb5954a264bb,http://image0-rubylane.s3.amazonaws.com/shops/ruthsredemptions/HASHRBS4.1L.jpg,redemptions,Would you say those little bowls are for candy or ice cream?---Will they hold two scoops of ice cream?---What are these cups made out of?---What are those for?---What are these bowls for?,A set of pastel colored ice cream dishes with a stem base.---Four pastel-colored footed bowls on white background---Four different colored ceramic pudding cups---Colorful ice cream dishes---Four cups of different colors.,,original
fdbf8720-8b04-4467-8257-e6fb3ebb8608,http://3.bp.blogspot.com/-eBS3OW2fYns/TXeec1-aI-I/AAAAAAAAA0I/s25OWaLBVik/s1600/DSC_0551-777856.JPG,programs,How long has the couple been engaged?---Did they go threw with the wedding?---Do you know the couple?---Why would they choose that shade of brown?---Who designed this wedding invitation?,Vertical wedding announcement with brown ribbon and monogram---A wedding notice---A wedding itinerary---A wedding invitation that is a long white rectangle with brown backing and a brown bow---A wedding invitation and schedule of events to happen,,original
4460eab8-e2c3-4759-a10e-33d9739981f4,http://2.bp.blogspot.com/-wia9auceriQ/Tu7H7BSk3EI/AAAAAAAAAAg/ZiwkCPciGFI/s1600/Moving+house+2.jpg,moving to a new house,What is being done to this building?---What is the cost of this modular home?---What happened to the house?---What are they doing to that building?---Why are they tearing that building down?,A house being towed---A house on a trailer---An old white bard with a rusty metal trailer---The outside of a house with a flat bed carrying it in a field---A house being picked up and moved,,original
79b7196f-6331-4e74-91ba-b4d550d24703,http://news.bbcimg.co.uk/media/images/65320000/jpg/_65320520_robpowell.jpg,snow,How many inches a year dose it snow here?---How deep was the snow?---Isn't this a most splendid picture with all the snow on the trees?---How cold is it in this forest?---How many inches of snow did this area get?,A set of snow covered pine needle trees in the winter.---A forest in winter with snow on the ground and trees---Evergreen trees covered in snow---Evergreen trees are covered in snow with the snowy ground below---A wooded area that's covered in snow.,,original
4fec1820-f385-44bd-a4e3-a8d68f9e87f6,http://www.insurancejournal.com/wp-content/uploads/2011/01/aig-recapitalization.jpg,recapitalization,Do you have any association with AIG?---Where is this hospital located?---Is this the entrance to their corporate headquarters---Is that a sign for a bank?---Which AIG facility is this?,A blue sign with AIG American General is displayed in the light brown grass on a cloudy day---A sign for a company in the middle of a grass lawn.---The sign outside of the AIG building---A sign for the AIG company is displayed in a field.---A blue and white business sign for american general,,original
71f1b5e2-ecea-4dcf-9e87-ca470914009c,http://monicaprelle.com/wp-content/uploads/2011/11/camping2.jpg,camping,Do you have to hike to get to this campsite?---Where is this campsite?---How long did you go camping?---Is this a camping trip?---Why wasn't anyone watching the fire.,a camp fire with logs around it and a tent near by in the woods.---Campsite with small tent and campfire surrounded by rocks---A campground with a tent and campfire---A fire in a campground---A campsite with a fire,,original
03673c71-1695-4e34-a21c-50710f362123,http://abeautifuldayphotography.files.wordpress.com/2008/08/wedding-vows.jpg,wedding ceremony,Who is getting married?---Who got married?---How long was the ceremony?---What religion is this wedding?---How long were they engaged before they got married?,"A bride and groom are getting married in front of a large group of people---A bride and groom standing at the front of the aisle as their guest look on---A couple getting married with a group of people watching---A Jewish wedding ceremony, with the bride and groom under a canopy and seated guests watching.---A bride and groom standing at the altar with seated guests and a rose petal scattered walkway",,original
256cf689-d48d-40db-80ca-ce57427a6ee9,http://tracyareed.files.wordpress.com/2012/10/sam_5443.jpg?w=1200,wound,How did this person hurt their forehead so badley---What caused this horrific injury?---What hit him in the head?---What caused the face wound?---What caused that injury on their head?,"A man with his forehead covered in wounds and blood---A man's forehead with a large hole in the middle of it with bruising and blood around it.---A man who has a bloody scab on his forehead.---A person with a wound in the middle of their forehead.---A person with brown hair and a bloody scrape on the forehead, green eyes, and purple under the eye",,original
4e722976-3b89-472e-a330-11aad96803e0,http://static4.businessinsider.com/image/51f6d92769bedd413a00000e/the-15-weirdest-guinness-world-records.jpg,world record,How does he get the spoons to stick to him like that?---Is this some kind of performance art with spoons?---Why is he wearing so many spoons?---Why are there spoons hanging from this guy's chest?---How are the spoons staying on him?,An Asian man wears spoons as a necklace---A man with multiple spoons surrounding his neck---A man with no shirt wears a large necklace of spoons---A man with a mantle of spoons around his chest and back---Man with spoons stuck to his chest,,original
83a2ba62-7f88-43a2-bad7-8a37a92ed87c,http://2.bp.blogspot.com/-5KpC8u_XuyU/T8L5pXXHRaI/AAAAAAAAAJE/Wo_Zk9hky5Q/s1600/car%2Bdamage%2B(1).jpg,car accident,Did the driver survive that accident?---Did anyone survive?---How did the car split in half?---Did anyone survive?---How did this car get damaged?,The back half of a vehicle torn off in an accident---The severed back half of an automobile.---The back half of a car that has been ripped apart---Half of a car that has been cut in half after an accident.---The back half of a wrecked vehicle on the side of the road,,original
f44689af-571b-4cf7-9f23-af395589696d,http://trueclassics.files.wordpress.com/2012/09/a_streetcar_named_desire.jpg,named,What movie is this from?---What movie is this picture from?---How long ago was this movie made?---What movie is this a scene from?---Why does the man look confused about?,A man standing next to a woman who is sitting in the room---An old black and white scene from a movie---Man in a short sleeve shirt leaning while talking to a woman with short hair---A man glares at a blonde woman sitting down.---A man and a woman looking at each other,,original
27a66801-da19-4481-a108-93de10f5bcde,http://mydestinationaustralia.files.wordpress.com/2012/05/bonfire.jpg,bonfire,How long has that fire been burning?---Who started this fire?---How long did the fire last?---Will anyone cook over this fire?---How do you get the best bonfire photo?,A bonfire burning in the middle of a forest during nighttime---A forest fire at dusk in a field with a few trees---A fire glowing outside---A bonfire at twilight with trees in the background.---A bonfire at dusk,,original
9993d7db-d93a-4c83-9845-15c63a678042,http://media4.onsugar.com/files/2014/03/26/164/n/1922398/6e33c8a7677cb7b0_81698794_10NWvPTH.191ratio/i/Rachel-Bilson-brought-her-mom-Janice-Last-Kiss-premiere.jpg,brought,Are they mom and daughter?---Who are they?---Is this a mother and daughter?---Where are they?---What event are the two celebrities at?,A woman with curly hair and a woman with straight hair smiling for the camera---A curly haired woman stands next to a brown haired young woman---Two attractive ladies looking and smiling at the camera---Two women pose for a picture together.---Two women with brunette hair taking a picture with each other,,original
e2293e05-b3a1-41ce-a513-896d62d4d75d,http://gracefulfitness.files.wordpress.com/2011/07/photo-1.jpg,commuting,What percentage of adults actually wear bike helmets?---Do many people bicycle to work in this city?---Does she frequently ride her bike wearing a dress?---How hard it is to ride a bike in a dress?---Who is she?,A girl in a dress and a helmet sites on a bicycle---A woman riding a bike and wearing a blue helmet---A woman wearing a dress and a blue helmet sitting on a bicycle---A woman is riding a bicycle.---A woman in a dress riding a bicycle,,original
947978f4-803c-43ed-a70d-e99d1ccc6787,http://3.bp.blogspot.com/-FtRh_WLYORA/UCe-PFTgY8I/AAAAAAAAAZ8/HL6u7z71Hvo/s1600/hd-cheetah-wallpaper-with-a-attacking-cheetah-hd-cheetah-wallpapers-backgrounds.jpg,attacking,How fast can cheetahs run?---What is the Cheetah leaping at?---How fast was this cheetah running?---Does the animal end up catching something?---What was the cheetah chasing?,"A cheetah in mid jump for something off camera.---pouncing or galloping cheetah stirring up cloud of dust---A cheetah running---A cheetah is running.---A cheetah lunging at an unseen object, stirring up the sand",,original
7356ae10-fdd9-4ddd-9b76-c58181a03f92,http://3.bp.blogspot.com/-3RUkCp-b4l4/TbE4kTNstwI/AAAAAAAAABE/amNj6_1M9Nw/s1600/Khyber+Pass.jpg,pass,What language is spoken there?---What language is the bridge in?---What town is this?---Where does this road lead to?---What country was this taken in?,Cars travel underneath an ancient gateway---large stone archway over a paved road with a flag in the middle of it---A vehicle drives under a gateway.---A roadway in a foreign land with a car driving under a brick landmark with people walking around.---A car driving near a bride in the middle of the road.,,original
88d67e78-19ca-4a5b-87a2-59a207567c81,http://4.bp.blogspot.com/_9M2MDLRIFRI/TNisswYSMCI/AAAAAAAAAqE/5rNWQ7SSoOQ/s1600/preach.jpg,preaching,What was the speech about?---What is the topic of his speech?---Was the audience appreciative?---Where did this man get his education?---What was the topic of the lecture?,A teacher giving a presentation to the class---A man uses hand gestures while giving a speech.---A man in a suite behind a podium speaking to a crowd.---A speaker in a suit holds his arm out as he speaks---A man giving a speech to a crowd using an iPad for notes.,,original
01367d61-d9e1-4243-93be-6d89aa69e694,http://ithappensinvaranasi.files.wordpress.com/2010/05/img_00101.jpg,applauded,Who is the man in the picture?---What are they celebrating?---Were they relatives of the man?---What kind of ceremony is this?---Is the man on the poster a religious figure?,A woman in white in front of a painting of a religious figure---A woman standing in front of a mural---A woman leaves beads in front a painting during a celebration.---A woman holds a necklace in front of a man's painting.---A woman standing in front of a giant poster with a man on it,,original
212a690c-406a-4b64-8f44-92a26fd1fba9,http://static3.businessinsider.com/image/544242eeeab8eabd30d1cba3/president-obama-says-his-credit-card-was-declined-at-a-new-york-city-restaurant.jpg,declined,What is Obama paying for?---What is President Obama purchasing?---Did President Obama really get his card punched for a free coffee?---What is he paying for?---What does the jar say?,President Obama smiles as he hands a credit card over.---Barack Obama at a gathering---Barack Obama smiling while reaching out to a person with other people standing around.---Barack Obama paying for an item at a counter while smiling with secret service agents and press behind him---President Obama placing money in a jar with people in the background,,original
3b981779-23a8-4bc4-b3a8-b3f12016d2ab,http://s3.weddbook.com/t4/2/0/7/2070826/quite-elaborate-stunning-wedding-cake-cupcake-ideas-pinterest.jpg,elaborate,That is not a cake is it?---Is there anything inside those boxes?---Is that a cake or a present?---What event is this cake celebrating?---What cake was that for,A three layer cake decorated painted with larege flowers.---Round boxes wrapped in blue with gold and white flower printed paper stacked like a cake with a white and gold bow on top---A three tier navy blue cake with gold and white flower design---A three tiered navy and gold cake is in a dimly lit room---A large cake with decorations on it inside next to some tables.,,original
35f84bf3-40af-4cf5-a40a-0d2f2ddf787e,http://image.pbs.org/video-assets/pbs/antiques-roadshow/147532/images/mezzanine_834.jpg,road show,Was this picture take at an Antiques Roadshow?---Why is the elderly woman laughing?---Is that your Grandmother on Antiques Road Show?---Do you have any idea what she might be cheering about?---Is the older woman wearing dentures?,A woman in pink laughs as a woman in red raises her arms above her head---A woman in red cheering in front of an older lady who is laughing---a woman with her hands in the air in front of an older woman who is laughing---A woman raises her arms in victory as she talks to an older woman---An elderly woman is sitting down and smiling while the woman across from her is raising her arms in a cheering pose,,original
6beb9e17-fdb2-422f-b857-184bfbff7043,http://parksandresorts.wdpromedia.com/media/resorts/1/images/en/activities/auntys-beach-house/aulani-aunties-beach-house-science-project-g.jpg,activities,What are the kids playing with?---What are the kids making?---What are the main ingredients of the slime?---What is the recipe for this goo?---What all is in the green slime?,A woman overlooking four goggled kids playing with green goop---A young woman helping four children with a science experiment. The children are wearing safety goggles.---A mother helping her children with a science project---A mother with a flower in her hair supervises children doing a science experiment---Four children playing with goo while a woman stands over them,,original
bc9252f1-5930-4fd3-9c12-b5da6b1e0871,http://4.bp.blogspot.com/-BE-brnf_ivU/UDm6IwgoRJI/AAAAAAAAFEE/w2spbOibu8M/s1600/Purple+dyeing.jpg,dyeing,Do you know how to tie dy?---Who made the design?---Are those custom tie dyed shirts?---How long do these shirts take to dry?---Did you tie dye those yourself?,Folded up tie-dyed clothing---There are several tie-dyed shirts folded on plastic---A bunch of multi-colored fabric placed next to each other in a row---Pieces of blue and pink fabric are folded and lined up on a flat service.---Folded fabric dyed with purple and blue,,original
1aae7311-62c0-4d1f-a6d2-d344f94f2b34,http://farm3.staticflickr.com/2025/2582881922_f288e927e6_z.jpg,playoff game,What position does this young boy play?---What team does this young boy play for?---Is this little league?---What kind of team does the boy play on?---Does this little boy enjoy baseball?,A young boy in red plays baseball---A young boy wearing a red and grey uniform standing on a baseball field---A young boy wearing a red hat and jersey playing baseball in the daytime.---A young boy standing on a baseball field getting ready to catch a baseball---A boy in a grey and red baseball uniform with a glove standing on a baseball diamond,,original
2a9f86ab-3544-41d7-bd30-848dee536fa4,http://2.bp.blogspot.com/-fMIt3KWHBHw/TZoWTTay7GI/AAAAAAAAAAw/ZNgqq_AbW6w/s1600/DSC06041.JPG,column chromatography,What is in the tube?---What chemicals are in the test tube?---What is in that test tube?---What sort of science experiment is this?---What kind of liquid is in that tube?,A scientific instrument containing liquid---A test tube with green substance in the bottom and white at the top---A beaker filled with a white and brown liquid---A glass tube with a green liquid in it---Liquid and foam mixture in a test tube,,original
df97ae01-67bd-4bfe-b526-79c8be8d2180,http://i.ytimg.com/vi/jUC-eRSiSH8/maxresdefault.jpg,earned run,Are they playing on turf?---Was this at practice or an actual game?---Was this player the winning pitcher in this game?---Who is this baseball player?---Who won the game?,A baseball player getting ready to pitch the baseball during a game---A baseball player on a green field about to throw a baseball---A baseball player---A man in a baseball uniform with a glove---A baseball player getting the baseball out of his black glove,,original
44e97ed7-4d98-4d03-8684-761df470187d,http://images1.fanpop.com/images/image_uploads/Apples-fruit-1201901_1024_768.jpg,fruit,What variety of apples are these?---What types of apples are these?---Which apple is your favorite?---How many types of apples are there?---What types of apples are these?,A large collection of fruit consisting of red and green apples---A pile of apples with red and green colors---Red and green apples are stacked together in a display case.---A bunch of red and green apples.---Red and green apples are grouped together.,,original
71a12e5d-e68d-407b-92e3-898afdd33e48,http://ponyboymagazine.com/wp-content/uploads/2013/12/CLASHED-SPREAD6FF.jpg,clashed,What size is that jacket?---Is that someone famous?---What magazine was this in?---Who is the model?---Is he a runway model too?,A male model with slick hair in a leather jacket---A male model sporting a leather vest and lying on the ground---A male model posing in leather---A model in a leather jacket---A young male model in a sleeveless leather vest,,original
8987049b-b243-44d2-8db7-898e3b4ddc30,http://armyphoto.files.wordpress.com/2008/11/081119_ps_yakima02.jpg,artillery fire,What are they shooting at?---Is this war taking place in the desert?---What type of artillery are they firing?---Are they in the middle east?---Is this a real battle or a training excerise?,Military soldiers stand near a machine firing rockets.---A group of army soldiers dressed in camouflage firing a large gun---Soldiers firing off a missile---A group of soldiers firing a cannon in the middle of the desert.---A group of soldiers on the battlefield,,original
aa589ca4-fcc9-4863-bc46-1f3f32a3a133,http://images.wisegeek.com/blood-transfusion.jpg,blood transfusion,Why did they need a blood transfusion?---What is that person getting treatment for?---Is this person very sick?---Why is the person getting a blood transfusion?---Are they giving or receiving blood?,Someone getting blood drawn at the hospital---A person rececives medical care with several ivs in their arm---A person's arm with intravenous wires in it.---An arm with some tubes running across it on a medical table---An arm with two tubes coming from a bandaged elbow and two gloved hands,,original
2a8fc711-6eee-4d8a-8e16-85baba33e8db,http://fc02.deviantart.net/fs71/i/2011/235/6/1/stock__sunray_tree_light_by_needanewname-d47knpo.jpg,sunray,What type of tree is that?---What time of year is it in this picture?---Is the sun going down or coming up?---Doesn't the sun shining through make this picture spectacular?---How long has that tree been standing?,A tree in early autumn while the sun is rising with sun rays shining through.---A tree in the sunlight---The sunlight is seen in a field with a tree.---A tree in the middle of a forest with the sun light beaming behind it---A single tree in a grassy area with the sun shining brightly behind it,,original
c0cd9a55-dee6-430d-9d02-d21412416264,http://static1.businessinsider.com/image/55756b3becad04d52f9e9d34/answers-sought-in-ny-shawshank-redemption-style-prison-escape.jpg,sought,What are they standing inside of?---Is something broken?---What do you suppose he's looking at?---What are they inspecting?---Is he doing an inspection?,A man inspecting industrial pipes---mann staring at pipes and control system---A man inspecting a series of pipes along the wall---A manlooking at some pipes in a narrow hallway---A man wearing nice clothing appearing to check out the quality of pipes,,original
3ae46e1f-5f5e-4cb2-ad2f-52114121ab8e,http://www.deskpicture.com/DPs/Technology/CircuitBoard.jpg,circuit,What type of device does this circuit board go in?---Is this a close-up of a small computer chip or is it a full motherboard zoomed in?---Is this motherboard from a computer?---What kind of computer can this microchip run?---Is that a part of your computer?,A computer motherboard with all the working parts.---A green circuit board with black chips and connections---a computer board---A close up of an integrated circuit and chips.---A circuit board with a green base and black circuits with letters and numbers,,original
34e81fe7-6f24-49aa-a597-6d91a45219ec,"http://3.bp.blogspot.com/-8oScxp5qiBY/UXZyEnaW2cI/AAAAAAAAEWI/zWdcPiOOuTY/s1600/hawk,+swainson's+odessa+tx+apr+21+2013+dpf-5052.jpg",soared,Do you think that bird is an eagle?---What kind of bird is that?---What kind of bird is that?---What type of bird is that?---How high can the bird fly?,A bird soaring through the sky.---A lone eagle soaring in the clear blue sky---A bird flying throught the sky with his wings outstretched---A hawk in the sky---A bird flying,,original
9d5a597e-8359-4be3-97d9-af7b4901b3f6,http://3.bp.blogspot.com/-hk908Yq5Id8/UHKVnghTzsI/AAAAAAAAOlM/IwEHvf7eGr0/s1600/brahmos_launch.jpg,launched,"Did the boat sink?---Wow, what do you say about that?---What is that weapon?---Was this missle launched during war?---Where was the missile heading?",Rocket launched from a ship---A military cruiser in the ocean shooting up a large missle---A missle is launched from an aircraft carrier.---A missile being fired from a military ship that is sitting in the water---A battleship in the ocean firing off a missile in the air with a smoke trail following.,,original
e3e41981-c24e-49a2-b501-23fc36743642,http://n1.sdlcdn.com/imgs/a/i/d/TAG-Demanded-Cooling-Pad-2000-SDL267597918-1-3d9f0.jpg,demanded,What type of cover is this?---Is this some weird type of speaker?---Is this some kind of new-fangled tablet?---What is this used for?---Does the fans keep the laptop cool?,laptop computer---A laptop cooling pad---A small blue colored tablet propped up on a setting---A cooling pad for a laptop computer---A laptop cooling fan,,original
aa86eab9-9e0e-4eeb-9005-f41a9738242d,http://onwardstate.com/wp-content/uploads/2015/04/IMG_2297.jpg,discussed,Does this person work at Penn State?---What is going on in the window behind her?---Who is the speaker?---What type of speech is this person making?---Did people really listen?,A woman wearing a sports jacket standing inside of a room---A woman giving a speech to a group of people---A woman standing in front of a microphone---A woman speaking in front of a group of people---A woman standing in front of a microphone,,original
d3b10ac3-a766-4953-bf28-6ab876edef83,http://droppiegroningen.nl/wp-content/uploads/2012/05/drogisten-drop.jpg,drop,Are these things some type of candy?---Are these a type of food?---What do you call that snake symbol on the coin?---What are these little things made of?,A close up shot of different shaped chocolates---A group of grey colored objects scattered on top of each other---A collection of stones that have designs carved into them.---Black candy or cookies---A pile of iron trinkets with symbols etched on them,,original
1bc59075-69f2-47b0-8435-a495202b65d9,http://3.bp.blogspot.com/_-klK4jAiEfw/TGwW1pi2-4I/AAAAAAAAAT8/O7IR-oWIKdU/s1600/Vineyards+2010+091.JPG,grapevine,How fresh are these grapes?---Are these grapes hand picked or done by a machine?---How long does it take grapes to grow?---Are these grapes ripe?---What kind of grapes are these?,A bunch of red and white grapes hanging from the tree branch---Green and purple grapes hang with greens on a vine---A bunch of grapes on a vine---Bunches of grapes on the vine---Grapes hang from a branch,,original
399d96b1-4daf-4e3d-be69-e39862b0bda7,http://static.guim.co.uk/sys-images/Guardian/Pix/pictures/2010/11/11/1289494354269/Antiwar-demonstrators-tri-001.jpg,protests,What are they protesting?---Is it safe for him to be putting flowers in those guns?---Why are there so many armed people?---In which decade was this photo taken?---What country is that is?,A man places a flower in the barrel of a rifle as soldiers and protestors surround them---A man putting a flower in a rifle---Soldiers gather around several man point their bayonet guns at them---Soldiers point their rifles towards civilians---A man inspects the end of a soldier's gun,,original
15d5dca0-5e4f-4d5f-95a4-b1827a6bfb96,http://cdn02.cdn.justjared.com/wp-content/uploads/2012/11/dicaprio-arrested/leonardo-dicaprio-arrested-on-wolf-of-wall-street-set-14.jpg,arrested,Is the man on the ground being arrested?---What was he arrested for?---What crime did this guy commit?---What was the man accused of?---Why was he arrested?,Two FBI agents subdue a man in a suit---A man being arrested by two FBI agents---Two FBI agents holding down a man in a black suit while they hand cuff him---Two police restraining a man on the ground---A man in a suit being placed under arrest,,original
9264e490-8ee2-49b4-831d-154139b5c7d1,http://a4.espncdn.com/photo/2015/0104/nfl_playoffs_rd1_01.jpg,playoff game,Did the player end up catching the ball?---What football stadium is this?---Who won this game?---was that the winning catch in the game?---What football game was this?,"A Steelers player catching a pass in the endzone while a Ravens player defends him, their teammates are watching---A football player making a catch---A Pittsburgh Steeler Wide Receiver is catching the ball in the end zone against the Baltimore Ravens---A major league football player catching a touchdown pass---A football game where a Pittsburgh Steeler is up in the air catching the football",,original
c624514b-a7ec-4866-ac0e-975e83e8d43d,http://4.bp.blogspot.com/_LGLOF9B8f_A/TR5v2Khh_eI/AAAAAAAAAB0/Eer0tZ92dRo/s1600/companion_planting_melojak.com2.jpg,planting,What are these holes for?---Do you think these are goffer holes?---What is being planted in the garden?---What are those holes for?---Why are there so many dirt piles?,Several holes dug into the ground with green weeds and grass surrounding them---Outdoor gardening---Several plots with fresh soil---Seven gopher holes---A patch of firt that has some holes dug into it with leaves,,original
c722a4d1-21eb-4f0d-aaa2-42a39d27cb04,http://www.cars-directory.net/pics/honda/airwave/2005/honda_airwave_a1194944253b1411657_orig.jpg,air wave,What country is the car from?---Is that your car?---Is this an electric car?---Are Honda's in the same general price range in Japan as they are in the States?---What model car is that?,A white car parked on a lot with dark tinted windows and a white sticker in the back window---A white car is parked in a parking lot---The back of a white car---The back of a white honda---The rear of a small white Honda hatchback,,original
47a447f7-7d71-4b59-a1ef-96e30b83b95e,http://static3.businessinsider.com/image/53e148f4eab8ea38036879ca/the-new-york-times-editorial-board-actually-responded-to-snoop-doggs-question-about-weed.jpg,responded,Is Snoop Dogg smoking that chronic?---What is he smoking?---What is the person in the image smoking?---Does he smoke a lot of marijuana?---How much does snoop smoke daily?,A picture of a man smoking---A man blowing smoke out of his mouth---Rapper Snoop Dogg is smoking something---A man lets out a puff of smoke while he holds a cigarette---Snoop Dogg smoking a joint,,original
b021c714-5fe5-4ed1-9d67-4beb5df5b969,http://images1.fanpop.com/images/image_uploads/Lost-season-1-lost-1116237_1920_896.jpg,lost,"Is this show any good?---Is this a group of friends?---Is this your family?---Was this for the show Lost?---Where did they film ""Lost"" anyway?",Entire cast of popular television series posing on beach on tropical island---A group of people standing and sitting on a beach---A group of people in neutral clothes pose on a beach---A group of actors from the tv show Lost posing on the sand---Cast of Lost posing on a beach,,original
3be3e2c7-fe0f-4c68-b797-b9ac6673cdd4,http://andrekblast.files.wordpress.com/2011/03/mapex.jpg,drum,How much does this cost?---How much dose that drum set cost?---Did you buy yourself a set of drums?---Is this a high quality drum set?---How much does a drum set like that cost?,"A very extensive set up drum set with a bass drum and several snare drums---A black set of drums with three cymbals---A black and copper colored, Mapex drum kit.---A black drum set---A drum set has black and gold colors, with cymbals",,original
5f2bf4dc-e2a4-4052-bc63-0b2f8c25973f,http://www.klaes-w.de/fotos/niederrhein/krickenbecker_seen_hinsbecker_bruch_7880.jpg,seen,What is the temperature of this pond?---What actually causes a reflection on a lake?---Is this a place to go swimming?---How big is the lake?,view of lake between two trees---A lake that is surrounded by grassy hills and trees---A large lake in a dimly lit area---A couple trees with few leaves looking over a lake at sunset---A very calm lake,,original
4b63225a-605b-463e-a586-1403b1215346,http://assets.sbnation.com/assets/2253935/IMG_3952.JPG,baseball game,What stadium is this?---Who won the game?---What baseball stadium is this?---Why are there so little fans?---Why are the stands so empty?,A baseball diamond---A baseball diamond and stadium during a game---A bird's eye view of a baseball stadium---A major league baseball stadium---A mostly empty baseball stadium with a game occurring,,original
a8f7d64f-5cfd-4d54-bdc4-08d4ca226557,http://3.bp.blogspot.com/_Y8DPBvNY3fQ/TNWFxqYQzxI/AAAAAAAAAEA/iSZHCnHmwvQ/s1600/golfer+putting.jpg,putting,Did this guy just get an eagle?---What score did they get?---Was the golfer able to make par?---Is that golf hole full of water?---What was the final score?,A golfer putts a golf ball into the hole on the course---A golfer is putting a ball---man putting golf ball into hole---A golfer sinking a putt---Ground level shot of a gold ball and a man holding a putter,,original
488f0fd6-bd5b-41a3-b2d9-088b1e751f7b,http://year2topazclass.files.wordpress.com/2013/01/snow.jpg,snow,How cold is it there?---What month was this picture taken in?---How many inches of snow fell?---Is the road safe enough to drive on?---How deep is the snow?,"A snow covered road lined by snow covered trees---Snow covers trees and the road underneath---A snowy road that has trees and bushes on the sides---A wooded road, covered in snow---a road covered in thick white snow with snow covered trees on either side",,original
16cbaee7-aa8f-4b3d-a89b-2c52f0c430ad,http://greekmilitary.net/airdefence1/velos_01.jpg,air defense,What war do you think they're fighting in?---Was this a display for the public?---What tpe of military equipment is that?---Why are they standing on the road?---Is this for a movie being filmed?,"A military trailer with a satelite dish and other equipment by the side of the road with a soldier standing near---A group of military equipment sitting along side a road with a soldier guarding it---A military arrangement of trucks, personnel, and equipment---A few soldiers standing next to some vehicles and rocket launchers---A soldier guards a number of army vehicles",,original
e8c3899b-b176-41c4-b52e-3dcffab59506,http://2.bp.blogspot.com/-SED2kfiWgow/TjQkP6DmWrI/AAAAAAAABfA/AhLOWVMB-P0/s1600/Sam.JPG,tea party,Who is the lady in the white hat?---What was the get together about?---What are the people celebrating?---Where did she get those delightful burgundy velvet arm-socks?---What are the women celebrating?,A group of people are preparing to drink and eat at the table---Five women having lunch---A group of women are sitting around a table with food drinking tea.---A middle aged lady tea party---Five women setting around a table having a tea party,,original
2b3369c6-5878-4afb-b1c2-f03565a600f9,http://whisperingabout.files.wordpress.com/2012/02/coffee-girls-talking.jpg,talking,What are they drinking?---Aren't they a cute bunch of women?---Is there any liquid in those mugs?---Are they drinking coffee?---What are these women drinking?,Three women sitting together laughing drinking out of green coffee mugs---Three women of different ethnicities sitting on a sofa talking and drinking from green cups---Three women smile and hold green coffee mugs---Three women talking over coffee---Three women are drinking coffee,,original
0a60ac01-c4be-4b71-acd0-8d8ddc5fb91c,http://anoushkaloves.com/wp-content/uploads/2014/02/Benefit-Primping-With-The-Stars-5.jpg,primping,Is that a store display?---Did a child touch the makeup on the table?---Do these cosmetics target very young ladies?---Are these cosmetics?---How do the diamonds match the make up?,"Several tubes of makeup, mascara, and nail polish with a sample of each smeared on a white surface with clear crystals nearby---A number of beauty products sit scattered on a white surface---A bunch of make up items scattered on a white table with smudges of makeup on said table---Makeup products scattered across a table---Assorted makeup",,original
67573caf-3edb-48b6-b579-596ed214ed43,http://2.bp.blogspot.com/-r9K2HZagj1A/UUKJma3OewI/AAAAAAAAZAY/JFE4F5zHvys/s1600/The+The+Democratic+People%2527s+Republic+of+Korea+%2528DPRK+Artillery+Live+Fire+Exercise+%25287%2529.jpg,artillery fire,Is this an actual photo from a battle?---What are they firing missiles at?---What army is firing the weapons?---Who is fighting against who?---How many missiles do these weapons launch every minute?,Cannons in a field firing off rockets---Military armaments firing---A couple of missiles being launched from their launchers in the desert---Military rockets fire from a launching point in a field---High powered military weapons are being fired,,original
f2a2ae1f-057a-4233-a496-d0a22a5cb979,http://blog.cptc.edu/wp-content/uploads/2014/03/cptc-pinning-ceremony.jpg,pinning,What are they singing?---What song is the choir singing?---Does the lady in the front left sing professionally?---What choir is this?,choir singing at candle light service---A choir holding music and candles while they sing---A group of people sing as they hold candles---A group of women singing songs while holding small candles---A candlelight vigil,,original
296c5242-83a2-4fae-bbc6-fe41c6a51133,http://3.bp.blogspot.com/_IH0LzICV71w/TJizKJ3ACDI/AAAAAAAAAWs/4nypMiO4oxU/s1600/Chopper+WCC+Dominator.jpg,chopper,How long did it take for the bike to be built?---What percentage of bikes have flame details?---Is this bike custom built?---Is that considered to be a chopper?---Whose bike is that?,A motorcycle that is red with orange flames---A red and black motorcycle---A custom motorcycle with a flame paint job---A red motorcycle with a flame motif---An orange motorcycle,,original
ca05b7e4-7b15-457a-a613-44c420c5e7f2,http://sjwhipp.files.wordpress.com/2013/02/train.jpg,whole-word method,How much was the bus fare?---Where is this train headed?---Which train is that?---Where is this subway headed?---Where is this located?,A well lit train on a dmly lit night---A subway train that is silver in color inside the tunnel---A train with an American flag---A railway car---The outside of a trai nat night,,original
fcd5f743-64a8-46bc-9087-ce34bb2d7417,http://3.bp.blogspot.com/-s23b1LPGCSM/TXqC_TsxMwI/AAAAAAAABKQ/X3gino-rWAU/s1600/BringingUpBaby.jpg,bringing,What movie is this scene from?---What did he do to get locked up in jail?---What movie is this from?---What movie was this from?---Why is the man in jail?,"A conversation through jail cell bars---A pretty woman smokes as she leans on a jail cell with a man in it---A black and white photo, jail bars are separating a man and a woman with a cigarette in her hand---Black and white photo of famous actors in scene from movie---A man in a jail cell looking through the bars at a woman smoking a cigarette",,original
1bcc6c95-a50f-4497-83e6-1aaa9fea18d0,http://www.donparrish.com/ArirangWeb/BackbendCloseup.jpg,backbend,Why are those gymnasts holding racquets?---What kind of demonstration is this?---What event were they cheerleading for?---Why did you go to this event?---Where are they?,Dancers in a complicated maneuver---A group of gymnasts in a white perform a routine---Cheerleaders are performing a routine---A bunch of cheerleaders dancing---A group of cheerleaders performing an act  in a field,,original
1e5db963-72c3-45cd-b789-66be0ddd3aa1,http://toworkorplay.com/wp-content/uploads/2014/04/BeerGardens_Faltering.jpg,faltering,Is this in someones backyard?---Did you design this garden?---How long did it take to make this garden?---What kind of plant is the spikey one?---Where is this scene located?,"A large garden---A variety of colorful plants hang in a room---A porch that has wooden frames as well as plants and trees---Colorful garden of flowers and foliage in a small deck type space, with wooden fencing---An outdoor garden",,original
26728a8b-c267-4616-aee4-7f6d412e9541,http://www.eso.org/public/archives/images/screen/zodiacal_beletsky_potw.jpg,zodiacal light,Where was this photo taken?---How was the photographer able to get such a great shot of the horizon and the sky?---What causes the glow in the sky in this picture?---Have you ever seen such a beautiful sunset?---What is happening in the sky?,Sunset with eerie white glow on horizon---The night stars are shining down on the Earth---A starry night sky from up in the mountains---The twilight view of skylights at night---The last bits of a sunset,,original
09aac02d-1dfc-4442-9cf1-a4ff73ea2504,http://media3.onsugar.com/files/2014/03/25/211/n/1922398/90ed5726bef09f96_80052185_100Z3Pgi.191ratio/i/Taylor-Swift-appeared-TRL-February-2008.jpg,appeared,Is that Taylor Swift?---Why is this picture of Taylor Swift cut off?---Do you like her eyeshadow?---How old is Taylor Swift?---Is that Taylor Swift?,The top half of Taylor Swift's face---A picture of a woman with blond hair showing only her nose and eyes---Taylor swift shown from the nose up---Taylor Swift from the nose up---The top view of Taylor Swift,,original
ea7702ad-2466-452e-bfc0-694d5e9a3502,http://images.fineartamerica.com/images-medium-large-5/unfolding-rona-black.jpg,unfolding,Can this type of flower be used to cook with?---What kind of plant is that?---What kidn of plant is that?---How long does it take a sunflower to open from this stage?---What type of plant is this?,A green and orange plant---Small daisy like flower ready to open up to the world---A flower with petals not on display---The unfolding of a black rona---A yellowish-orange daisy about to bloom,,original
b5c6679e-ffd7-4426-9a81-7ff1f2b14ee2,http://breastcanceryogablog.files.wordpress.com/2013/11/supported-bridge.jpg,supported,How long have you been doing yoga?---What is her tattoo of?---Is she trying to ease back pain?---What type of exercise is this woman doing?---Do you think getting that foot tattoo was painful?,A woman laying on top of a cushion and doing yoa---woman in black leotard lying on floor with exercise cushion under back---A woman laying on a pillow on her back---A woman using an squishy ball to stretch and do ab workouts---A woman laying on the ground stretching,,original
ffef3b17-2624-4fa8-862c-45278e50dd18,http://www.musicalsurprise.com/wp-content/uploads/2011/03/piano-lesson1.jpg,piano lesson,How long has the girl been playing piano?---Does the girl take piano lessons?---How long has the girl been playing piano?---What song is this little girl playing?---What sort of music can she play?,A little girl playing piano---A young Asian girl playing on the piano---A young child sits at a piano in front of piano music---A child is playing the piano---A girl in a pink shirt playing the piano,,original
3c317e29-d49d-4714-b142-1006b0aa886f,http://p9.storage.canalblog.com/99/66/515015/30726235.jpg,excavation,What were they digging for?---What will be made here?---What are they digging for?---What do you think is going on here?---What is the purpose of this construction site?,Heavy machinery is being used at a construction site---A bulldozer moves dirt next to a large square hole---A backhoe digging near a square area already sectioned out in the dirt---An excavation---A bulldozer next to a giant ditch that is full of frames and dirt,,original
8df934bc-30b1-4a27-96bf-06bd179aa343,http://contracostapowersports.com/wp-content/uploads/2011/04/DSC00172.jpg,used,How long does a motorcycle like this last?---How fast can this motorcycle go?---How expensive is that bike?---How much does this motorcycle cost?---Wouldn't you love to own this motorcycle?,A red motorcycle on the pavement---A red motorcycle---A red motorcycle---A motorcycle parked in a parking lot---A red and black motorcycle,,original
0043f1ba-1028-4d37-9a7e-4f2204978749,http://2.bp.blogspot.com/-mAguVT0RSr0/Tymj44F_oCI/AAAAAAAABlw/D6VyDml_gQ0/s1600/feast.jpg,feast,What holiday is that feast for?---Did one person cook all this food?---Who prepared the dinner?---What is this dinner for?---Is this a Thanksgiving feast?,A turkey dinner---There is an assortment of dishes and deserts---A couple of different dishes with food in them on a table---A table full of prepared food---A Thanksgiving meal displayed on a dinner table,,original
7244d25a-9d67-42b7-8773-31f3bfd845b2,http://marthawilliamson.com/wp-content/uploads/2013/09/Signed-Sealed-Delivered-Olver3.jpg,delivered,Is this guy considered a model yuppie?---What is he holding?---What kind of car is he driving?---Does he greet you every morning like this?---What year is that car?,A man in a grey suit leaning against a convertable---A man in a gray suit raising his coffee in a toast as he leans on a navy blue convertible sports car---A man holding a coffe out standing in front of a convertable jaguar---A man leaning against a blue car---A man in a gray suit is leaning against a black convertible,,original
bdef1017-4cd8-4f29-8bcb-c9077f41b523,http://images1.fanpop.com/images/photos/2200000/spike-promo-wallpapers-spike-2268395-1024-768.jpg,spike,What does this guy do for a living?---How old is the guy in the picture?---Do you know him personally?---What is the name of his character?---What character is that?,A bleach blonde vampire---A man with a blonde hair and brown sports coat---A man makes a sultry face as he wears a suit and wrings his wrists---A blond man---A blonde man in a maroon velvet jacket with an intense stare holding his hands,,original
6edf048f-2062-4eb3-8fdb-f1314079113d,http://foodsnobblog.files.wordpress.com/2009/01/le-meurice-les-pains-baguette-pain-complet-pain-au-sarrasin-pain-au-levain-et-pain-aux-cereales.jpg,pains,Where is this bread being served?---When did the tradition of unlimited bread start?---What kind of bread is this?---What type of dish is this?---What different types of bread are those?,Fresh baked bread loaves---A table that has many loaves of bread on it---Different types of bread loaves in containers---A restaurant table that is full of fresh bread---Assorted crusty breads,,original
0abb6351-a688-4a70-b680-b97e28bb5a7e,http://automotivepartsuppliers.com/wp-content/uploads/2011/12/Replacing-Side-Mirror.jpg,replacing,Did that work well?---How did the mirror break?---Is this product any good?---Did you replace your broken mirror?---Did the replacement mirror fit?,A hand holds a new mirror next to a broken one---Replacement side-view mirror---A mirror replacement part---A replacement for a side mirror---a hand holding a  square glass material,,original
c3b0443e-030d-4875-940e-85557cf4f4da,https://swittersb.files.wordpress.com/2015/04/unfolding-clematis-flower-swittersb.jpg,unfolding,Did a photographer take this photo?---What kind of flower is it?---What kind of lens was used to take this?---What kind of flower is that?---What kind of flower is this?,An up close pink flower.---A multi-toned pink flower with with at least six petals with a maroon center---A magenta colored clematis flower---closeup of pink and white flower---A flower that has purple and white petals on it,,original
e7bc5add-1f51-4ca0-95c7-e1bbc387cbe1,http://3.bp.blogspot.com/-AgaiFvYXcz4/UKdwUku3o8I/AAAAAAAAAKc/eIjOFmyOqEw/s1600/100_0148.JPG,microphoning,What kind of guitar is he playing?---Who is that playing guitar?---Did he record his music on a computer?---How long have you been playing?---How long has the man been playing guitar?,A man is playing a guitar---A man playing a brown guitar---A man tuning his guitar---A man in a black shirt is sitting in a chair and strumming an electric guitar.---A man in a chair in front of a computer playing a guitar,,original
37b79822-7401-4350-b175-15820d9a5d42,http://stefexhibitionblog.files.wordpress.com/2013/09/truck-feed-game-1.jpg,exhibition game,"What ""challenger"" challenge is this a picture of?---What is the ""Challenger"" challenge?---What does this challenge involve?---What is that for?---Is this a convention booth?","Miniature trucks on a table---A ""Truck Feed"" display with several individuals in the background---A table full of items in the middle of a large display room---Table set up indoors for some kind of vehicle or robotic challenge---A model of a field with a display depicting a list of participants for a particular challenge.",,original
4a79ec60-731e-4e2b-9026-efecb91ba1a1,http://media-cache-ak0.pinimg.com/736x/5f/01/d4/5f01d493a07392195e2b6d16bb7c086a.jpg,crutch,Whose table is that?---What kind of table is that?---What is that table used for?---Is this stretcher part of a mobile operation?---Did you make that table?,A massage table---A dark tabletop with a metal frame and legs---An empty table made out of a frame of some sort and a piece of dark board is in a cement room.---A table in an empty room---A table with a black top and white frames placed in a room,,original
03475f56-ef4e-4440-89d6-aaac7818a09e,http://4.bp.blogspot.com/-LqkOWxZxrYc/T8j3l9hK08I/AAAAAAAAFmY/v8_Hbohr49I/s1600/begun3.jpg,begun,What meal is this?---Is this a healthy dish?---At what restaurant did you find that?---How do you make this?---Is this a vegetarian dish?,A white bowl containing food---A bowl with orange food in it---A white bowl that has some shredded meat with spices---A plate of food has brown colors and spices---A bowl of cooked meat,,original
295d2e50-20e9-421c-8563-1052c5f78fc5,http://farm5.staticflickr.com/4154/5050799809_eeefa9d742_z.jpg,shaft of light,Who is that singing?---Why are they performing in the dark?---What type of music does the band play?---Who are they playing for?---What is the name of the band?,A band is performing in a dark room---Rays of sunlight shining through a window where a band is playing---A band performing in a dark room---A man and the other people in his band playing some instruments in a room---A band is performing in a dimly lit room,,original
97a0503f-7b74-4605-b077-22837c7a40ea,http://fwallpapers.com/files/images/bicycle-race-crash.png,bike race,What caused the rider to crash and fall?---Did he get run over after this?---Do you know the person who fell?---Did any other cyclists crash too?---What made that guy fall down so hard?,A group of cyclists racing with one of them falling in front of the pack---bicycle race where one cyclist has fallen in path of others---A bike race with a biker who fell in the forefront---A bicyclist that has fallen in front of a pack of bicyclists---A bicyclist in a race taking a face plant on the asphalt while other cyclists try to avoid a collision,,original
e00c6c9e-8212-4a9d-9a96-25602c66c34a,http://majidwrite.files.wordpress.com/2013/02/preaching-3.jpg,preaching,What kind of speech is this?---What was he speaking about?---What is the subject of the speech?---What was he speaking about?---What is he ranting about?,A balding man makes a pointing gesture during a speech---A man in a suit holding his finger in the air---A man in a suit standing by a podium---A man is standing at a podium and giving a speech---Man giving impassioned pseech,,original
66c09e93-2586-44c3-85bc-63e72f330423,http://www.benlevy.com/auto/meet/mazda20080329/dscf0073.jpg,lowered,What model years are these two cars?---How old is that car?---Did you go to the Mazda on the Beach event?---Are Mazdas a respectable car brand?---Dose that Mazda has any extra things done to the motor?,A gray four-door sedan parked next to a silver one---Two silver cars parked next to each other---Two parked silver cars---Silver cars---two silver cars parked in lot,,original
10a427e8-5b73-4724-b0bc-44985b6698ff,https://automechanicschool.files.wordpress.com/2011/10/8.jpg,auto mechanics,What is the name of this body shop?---What is he fixing?---What was broken on the car?---What is wrong with the car?---What problem is the mechanic fixing on the car?,A mechanic looking up under a car---A mechanic working on a car up on a rack---A mechanic evaluates a car on a lift---A man working underneath a vehicle on a lift inside a garage---A mechanic is performing work on a car,,original
b60044ff-d602-46e8-a339-adfe508184c7,http://www.notimeforflashcards.com/wp-content/uploads/2012/02/toddler-activities-cooking.jpg,activities,What is the child preparing?---What is the little girl making?---What is the daughter mixing?---What does she have in the pot?---What is she making?,a little girl mixing something inside a large metal bowl---A toddler has fun trying to make something to eat.---Toddler in red top stirring a pot with toy food nearby---A young child stirs with a spoon in a bowl---A child is pretending to cookk,,original
8b3f11c4-4e3c-4481-8927-75fc664c2643,http://chanceofrain.com/wp-content/uploads/2010/11/UAeqzO-996x1024.jpg,water project,What nation is this facility located at?---What is the altitude of this land area?---What is the purpose of this structure?---What is the purpose of those pipes?---What kind of engineering structure is this?,A distant view of a mine---A dam overflow chute---Scenic view of valley with water storage and piping facility---A road sits in the valley of tall mountains---A track that is placed in the middle of a grass filled mountain range,,original
b2f12734-d0dc-465f-bf7d-2c0bdd1f6738,http://static4.businessinsider.com/image/5523d6216bb3f72227fc827e/rand-paul-i-am-running-for-president.jpg,running for president,"What state does he represent?---I don't like his curly hair, do you?---What is he lecturing about?---What is this man speaking about?---What was he speaking about?",Rand Paul gesturing with his hand as he speaks---A man has his hand raised and is holding up his pointer finger---An upset person pointing upwards---Rand Paul speaking---Rand Paul is giving a speech,,original
66bb3c74-1eb8-4e83-a67a-becf75fb8f8a,http://rehabmed.files.wordpress.com/2008/06/28juni2008.jpg,wound,What caused that?---How much does that giant open wound hurt?---What is wrong with this person?---Is this a tumor?---What causes this sort of injury?,An open wound---A red and pus filled wound on a part of a person's body---A giant soar on a butt---An open wound---A skin infection,,original
a6c93d4d-204d-4ce0-b151-3e13a7554adf,http://2.bp.blogspot.com/-6Qp4fJaUx5o/UIDhxHBNyiI/AAAAAAAAHcs/fBbwJaYFoeQ/s1600/Cats+Hugging+Pic.jpg,hugging,How old are those cats?---What kind of cats are those?---Are these cats siblings?---Are these kittens siblings?---What kind of cat is the black one?,A yellow cat laying with a calico cat---Two cats laying together on a cat bed---A black cat and a brown cat embrace each other on the cushion---Two cats cuddling together---Two cats are playing,,original
b35ceb86-5226-4d34-a68c-60d1182cb3dc,http://2.bp.blogspot.com/_4nrE0sM6P98/TQP3t6AestI/AAAAAAAAAT0/cxFxZWgRbOk/s1600/1.+Ducray+Elution.JPG,elution,How effective is the shampoo?---Does this shampoo really work?---Is this a special type of shampoo?---Is Elution good for getting rid of dandruff?---What kind of special shampoo is this?,A bottle of Ducray with instruction pamphlets propped next to it---A bottle of a solution and it's manual next to it---A bottle of ducray with the directions---Ducray elution---A bottle of medicinal shampoo,,original
01e1f678-61e6-4474-8de5-cb140aedd440,http://2.bp.blogspot.com/-RXkewKWqcfw/TZnbiXQ4kyI/AAAAAAAAB5Y/Ueu5WC_Bnkk/s1600/2011+04+04+024.JPG,slashing,How many hours did it take to make this quilt?---Did you see the stitches by hand?---Is this for quilting?---What kind of craft is this?---Is this the material being repaired?,A small scissor on a green quilted pad---Scissors set on a cut up quilt---A fabric art piece with scissors on top---A pair of scisscors is placed on top of a lime colored sheet---Scissors are being used to cut stitching out of a pillow,,original
2e62a8b6-f911-4b11-8481-f38d52f37423,http://4.bp.blogspot.com/-J9XlEL-_T3c/T2n0H4vbX1I/AAAAAAAACWQ/ysEvpeBmY_w/s1600/slotmachine.jpg,gambling,How much was the jackpot?---How muh money will this win?---Did this slot machine have a handle to pull?---How often do these machines have to pay out?---How much did this pay out?,Three sevens on a slot machine---A dollar slot machine showing three red sevens on the center line---A slot machine with all 7s---A gambling machine shows three images in a row---A slot machine that hit on three 7's,,original
973d1468-eb06-4b5a-a645-36de947c5678,http://2.bp.blogspot.com/-p_JNSnwYwaY/UK2NjEjCyQI/AAAAAAAAXOE/8H8hJSwe3Rs/s1600/announcing%20baby%20boy.jpg,announcing,Do you have any idea why a family would put all their shoes out on the grass?---How old are the kids?---How old is everyone that the shoes belong to?---Is this a family photo of each member's shoes?,"""Family"" of shoe pairs lined up in grass from adult to baby size---Several pairs of shoes sorted by size---Five sets of shoes ranging from largest on the left to smallest on the right---A familys shoes---A row of shoes that are lined up next to each other on the grass",,original
5de9cc20-1625-4d9c-a690-87285d246f7b,https://iclimbedthat.files.wordpress.com/2013/01/img_5509.jpg,climbed,What mountain range is that?---What mountains are in the background?---Where is this?---Did you spend the night camping in the mountains?---Where are those mountains?,A car on a dirt road between two mountains---A dirt road leading into mountains---Did not load---dirt road through mountainous terrain---A trail runs through brown hills,,original
4e646be3-b3d8-45d9-ad4e-167e859cf1e2,http://farm4.staticflickr.com/3615/3660195627_069efcf868_z.jpg,gulping,What do you feed that kind of bird?---How old is this parrot?---Is that a parrot or a parakeet?---Is it sae to let a parrot eat human food?---What kind of food does the bird eat?,parrot eating food---A green parrot sitting on a plate eating vegetables---A green and gray parrot eating food off of a white plate in a cage---A green parrot eats food from a dish---A green bird eating from a plate,,original
23cf21a4-3416-4806-b46d-456ad10d7dcf,http://i.ytimg.com/vi/fjWLNNGa09Y/maxresdefault.jpg,cavalcade,What kind of motorcycle is that?---Do two people actually ride this together?---How much gasoline can the scooter's tank hold?---What kind of motorcycle is that?---Wouldn't it be great to go on a long motorcycle ride?,A golden motorcycle---A gold and green colored motorcycle with black leather seats parked next to a car---A parked motorcycle has gold colors and black seats---A motorcycle that is gold---A gold Suzuki motorcycle with black seats,,original
7dc5d9e0-a7a7-4179-a2e0-fd91387620e1,http://3.bp.blogspot.com/-eokTWY9-7ks/UKy3z-sJ2qI/AAAAAAAAGFw/Fgtba2IvAyM/s1600/sorry_we_are_closed.jpg,closed,What store is this sign for?---What time did they close?---What type of business is this sign being used for?---What are the hours they are open?---What store is closed?,"A small yellow sign hanging in a window---A sign that says ""Sorry we a re closed""---A closed sign hanging on a glass door---A yellow sign that reads sorry we are closed hanging on a glass door---A closed sign",,original
2deef6e7-c629-4bad-a0da-dadf1a6f8ae0,https://nvblogmag.files.wordpress.com/2014/04/wpid-zinedine-zidane.jpeg,considered,Is he an athlete?---Why is he so happy?---What is this man's name?---Is the soccer player really well-known in his chosen sport?---Is he a professional athlete?,A man in a white t-shirt---A famous soccer player with white shirt smiling in front of a banner---A grizzled man posing for a photo---A short haired athlete looks on at press conference---A man smiles as he stands in front of a soccer banner,,original
7d8652f6-f58a-423b-8c4d-76f4d75195eb,http://marjoleinsocablog.files.wordpress.com/2013/02/slashing-4.jpg,slashing,What is someone making from that fabric?---What is this material from?---Are you planning to make a quilt with those?---What kind of sewing technique is this?---What are those for?,"Two pieces of linen, one is orange and one is blue---a rectangle  and a square shape  of cloth---An orange and blue piece of fabric---Two pieces of quilting fabric, one in white, the other peach---Two pieces of fabric with slits cut in them laying on a green table",,original
20190fb2-87a6-4739-8ed2-27ce59b3cb52,http://www.hawtcelebs.com/wp-content/uploads/2014/01/maria-sharapova-at-practice-session-in-melbourne-111_1.jpg,practice session,Is that Anna Kournikova?---Do you know who this tennis player is?---What kind of tennis racquet does this person use?---Who is this tennis player?---What is her name?,A young lady swinging a tennis racket---A blonde female tennis player holds her racket aloft---A tennis player---A tennis player gets ready to swing---A blonde woman with a tennis racket on a blue colored court,,original
2005cf79-15f8-4d6c-853d-638ce61cd6ee,http://www.gannett-cdn.com/-mm-/e575c8883d1e7e429ee7ef0123656e320fe0e37f/c=3-0-1461-824&r=x633&c=1200x630/local/-/media/2015/05/05/KTHV/KTHV/635664320095871577-holt.jpg,accounted,How old was he in this picture?---Was he sent off to war?---When is this picture from?---What branch of military is this man in?---How old is he here?,A soldier poses for a photo in a pointed hat---An old portrait of a soldier---An army photo of a man---A picture of a man in uniform with awards on his jacket---A man in military uniform,,original
3d8fc132-9349-4f27-a8a6-60b162497086,http://talksilkpainting.files.wordpress.com/2012/01/jan-2012-041.jpg,dyeing,What is being tie dyed?---Is that how you make tiedye shirts?---What kind of material was being dyed?---Are those tie dye tee-shirts?---How does this container smell like?,An aluminum pie plate with blue flower petals in it---A aluminum foil pan with shirts being dyed in it---A tin container full of plastic---Tie-dying shirts in a metal tin---A foil pan with a blue cloth,,original
d51d1bb7-0b33-4947-8268-6d13e1174430,http://catalog.mtsu.edu/mime/media/15/3199/SSAC_cropped_3.jpg,whole-word method,Is this a hotel or an office?---What is the purpose of this building?---What kind of business is this?---How many employees does this company employ?---Is this part of an office building?,"A lobby in a building that is full of counters and couches---A sports arena reception area---A lobby, with seating and a check-in, check-out kiosk---A group of windows that says true blue---A staircase leading up to an upper floor",,original
53a42e64-42ba-4f7d-abcc-52181e316ec3,http://www.hawtcelebs.com/wp-content/uploads/2014/01/maria-sharapova-at-practice-session-in-melbourne-111_9.jpg,practice session,What is the name of this athlete?---Is she a famous person?---Is this woman a tennis player?---Why does this woman look a little bit angry?---Did she loose the game?,A woman with long hair---A blonde woman---A woman with a look of focus on her face sports blonde hair---A woman in front of a blue background looking dour---A female tennis player looks perplexed,,original
64d56340-e172-49eb-911c-46367187127a,http://images.wisegeek.com/golfing-on-golf-course.jpg,golfing,What kind of club is that?---What type of golf club is that?---Is he a professional golfer?---Who's hand is that?---Is this photo an advertisement for golfing?,A golfer placing a ball on the tee---A golfer wearing a white glove places a ball on a red tee---A golfer is placing his ball on the tee---A golfer placing a golf ball on a tee---A gloved hand placing a golf ball on a pin in the grass,,original
5e81e620-e987-41d0-9bbe-5fed7b34f7ca,http://www.carid.com/images/standard/replacement-electrical-parts/as169.jpg,barometric pressure,What does this apparatus do?---What is this tool?---What does this object do?---What type of camera is that?---What's it for?,A housing piece---A black plastic part---A small black colored piece of equipment part on a white setting---A plastic part---A black piece of plastic,,original
ac8e6db5-f6ca-4f15-930f-5819d06f8027,http://www.greenandgoldrugby.com/wp-content/uploads/2013/08/379_DSC_9066_2013_08_17_4854.jpg,place-kicking,How far can the player kick the ball?---What team does the kicker play on?---What is the name of this rugby player?---Who is the guy about to kick the ball?---Did he score a goal with this kick?,A rugby player about to kick a football down the field---A rugby player about to kick the ball---A man is about to kickoff the ball in a rugby match.---A rugby player about to crush the ball---Rugby player in black mid-kick in front of packed stands,,original
01b0b472-595e-43fa-a40b-505639be2f3b,http://3.bp.blogspot.com/-OW_al_kVfzc/UWcIT0hG_NI/AAAAAAAADr4/eNpNb5zFdzo/s1600/Douglas-Fairbanks-and-Charlie-Chaplin-silent-movies-24997794-1280-1056.jpg,silent movie,Who is the lady in the hat?---What movie set is this from?---What movie set is this?---What film is Charlie Chaplin shooting?---What year was this picture taken?,A group of people next to Charlie Chapman---Silent movie actors standing around a camera---charlie chaplin and three other people standing behind movie camera---Charlie Chaplin doing work behind the camera---Actors on the set of a movie,,original
2f72c57c-0d85-48c1-a70e-5a8107c7a38c,https://farm1.staticflickr.com/538/19247207944_8906c00d07_o_d.jpg,conditioned reflex,Is this device manufactured in the United States?---What does this apparatus do?---What is the purpose of this device?---What kind of machine is this?---What is this piece of equipment used for?,An old machine---A metal machine---A small steel machine with plastic dials.---A piece of equipment with five black knobs---Electronic control board displayed on table,,original
4e917e18-bd1d-47f6-be14-1ce3a3aa3ffb,https://c2.staticflickr.com/8/7015/6838596907_510448c816_z.jpg,quickening,Was this on the night of the full moon?---Did you have a telescope to take this?---Is that a completely full moon?---Do you think the moon could be hollow?---What makes the moon that color?,A full moon on a clear night---Close up shot of the moon---A full moon on a clear night---A round and yellow moon in the middle of the night sky---A yellow moon with a black background,,original
af9c9fc5-19bb-4dbe-8045-3e4f903994be,http://image.made-in-china.com/2f0j00uesQRSTEVIkH/Water-Pump-Pump-MQB-60-.jpg,pump,What kind of machine is that?---What kind of machinery part is that?---What is the machine used for?---What is this machine used for?---What is this a part of?,A made in China water pump---A blue water pump---A metal blue piece of industrial equipment---A machine part---A blue pump for machinery,,original
70eda26a-89f0-4de8-ab28-89045ceb467a,http://farm5.staticflickr.com/4142/4858863995_8bac95dcd6_z.jpg,egg laying,What region is the lizard native to?---What kind of lizard is that?---How many eggs did she lay?---What kind of lizard is that?---How many eggs did this lizard lay?,A reptile is laying eggs---A reptile covers eggs buried in a hole.---A brown lizards next to some eggs inside of its nest---A lizard guarding its eggs---An alligator protecting its eggs,,original
e543bc73-c1db-4023-9b73-89f8a7eab26d,http://ww2.hdnux.com/photos/21/66/05/4677981/7/rawImage.jpg,filed,Is that Tim Duncan's wife?---What i sher name?---Does that man play basketball for San Antonio or is he just a fan?---What is the name of this woman kissing this basketball player?---Who is the woman that Tim Duncan is leaning into?,A man and a blonde woman speak in a stadium---A man leaning in to kiss a woman---A black man in a white t-shirt leans in for a kiss with a white woman wearing a black jacket.---A man in a white shirt leaning towards a blonde woman as though they are going to kiss---Tim Duncan talks to his wife before a basketball game,,original
c45e69a4-4f66-4208-bfcc-82072ce6c474,http://i.huffpost.com/gen/1932601/images/o-GAME-OF-THRONES-COMICCON-facebook.jpg,con game,What event is the TV cast posing at?---How long did this event last for?---What cast is this?---Which show are these people in on HBO?---Who is the woman in the front with the black dress on?,Several good looking people standing in front of a HBO pole---A group of people standing next to each other in front of a banner---The Game of Thrones cast stands in front of an HBO sign.---A group of people are posing for a photograph in front of an HBO advertisement---A group of ten people in front of an HBO banner,,original
14c64a91-2ba6-4c9d-b4af-63979de441ba,http://ruralrouteramblings.files.wordpress.com/2011/05/wheat_field.jpg,field,Are there any trees nearby?---Did it start raining right after this picture?---Where is this grass hill located?---How big is this grass area?---Why is this field totally empty?,A field with short green grass and gray clouds above---A wide open green field is under a cloudy blue sky.---A grassy hill with clouds above during the daytime---A meadow with plenty of clouds rolling in---A green empty field on a cloudy day,,original
1a7f28a2-8431-44cc-b62c-9fd1dd389830,http://2.bp.blogspot.com/-IxMWkgF4V5A/TzARet_VSbI/AAAAAAAAAfs/HdOP-opYRh8/s1600/etihad-airways.jpg,flights,From what country does this plane originate?---How many flights does this plane take in a day?---Have you ever flown this airline?---Where is the plane heading?,A large air craft flying in the sky with the word ETIHAD on the side---An Etihad airplane flying over some clouds---An airliner flying high above billowy white clouds---An ETIHAD plane flying through the sky---A white passenger plane with gold writing flying in blue sky on top of clouds,,original
3169ea95-d5cc-4e21-942f-c08f2565facf,http://premiumcoding.com/wp-content/uploads/2012/01/Burning-wood-in-fireplace.jpg,burning,How long does it take for that log to burn?---Are embers hotter than the flame itself?---How long did that wood burn before it burned out?---What type of wood is used to burn this fire?,A fire in a fireplace---Burning logs in a fire place---A fire burning inside of a wooden fireplace---A wood fire burning in a fireplace---A roaring fire,,original
2bcd5981-e5f0-4ca8-8ca6-a0260306a4b2,http://farm1.staticflickr.com/158/426739080_358a243922_z.jpg,shaft of light,How did you get that shot?---What type of dwelling is the light spilling into?---Were is the light coming from?---What even is this a picture of?---Where is that light shining in from?,light streaming through a rectangular opening---Light beaming through a small hole in a dark room---Rays of sunlight passing though a hold in to a dark room---A beam of light shines through an opening---A beam of light coming through a section from a wall,,original
3a04675b-d4e0-4b40-93b6-87b75bb5d23e,http://themodernjedi.files.wordpress.com/2012/04/first-step.jpg,first step,What is in the bag this man is carrying?---What is he carrying in the bag?---What would you call that pant style?---Does he always wear boots with a suit?---What's in the bag?,A headless shot of a man in boots and a suit---A person walks down a lighted path---A male model walks on a catwalk with a large bag.---A person walking and holding a bag---A man in a suit carrying a bag walks down a runway,,original
4e77db74-831a-4391-9d9b-c7fbdedae016,http://scotthaddow.files.wordpress.com/2012/08/mandible_01.jpg,redeposition,What type of bone is this?---What kind of bone is this?---What kind of bone is this?---What does that jaw belong to?---Is that human or an animal jaw bone?,A jaw bone---A crusted u-shaped bone appears on a blue background.---The jaw bone of a human being placed on a blue sheet---A jaw bone---What looks to be the hip bones of a mammal,,original
7cd40ed8-2a17-469b-a473-c8c169f926fd,http://static.wixstatic.com/media/caa1415466abfa5f8b87b8e6406935cb.jpg_srz_1920_1280_85_22_0.50_1.20_0.00_jpg_srz,storm cloud,What kind of clouds are those?---What do you see in those clouds?---What kind of clouds are those?---Would some individuals see faces in this arrangement of clouds?---Was there a bad storm?,A dark overcast sky---Clouds with light shining through the top---Light glows though gray storm clouds---Dark clouds are in the sky---A patch of stormy clouds forming during the night time sky,,original
a6d00d98-b03d-4ed1-90d9-633a14ac7479,http://www.home-designing.com/wp-content/uploads/2009/12/art-and-craft-studio-3.jpg,craft,Who decorated the room?---Who lives in this room?---Is there also a sewing machine in this room?---Do you love the design of this room?---What kind of crafts can you make there?,A clean bedroom and desk---A desk in a neat room with many objects laying about---A clean bedroom filled with personal items---Bookshelves and a desk in a bedroom---A room with a desk and other items inside of it,,original
56cb7808-e31b-40f3-a977-f0d8569cb750,http://fc03.deviantart.net/fs70/i/2011/147/c/b/storm_cloud_stock_by_dh_textures-d3hdlhm.jpg,storm cloud,Did the weather turn bad?---Did a tornado take place soon after this picture was taken?---How bad of a storm do you think these clouds will cause?---Is this a thunderstorm?---Does this cloud formation signify rainy weather?,Dark gray and white storm clouds---A dark cloudy sky---A dark cloudy sky with billowing clouds---Very dark clouds covering the sky---Gray clouds in the sky,,original
8d778077-051a-4718-8a7e-a99b896430b0,http://2.bp.blogspot.com/-wq-kZC_yWuU/VWpZ8hDeNTI/AAAAAAAACQk/ejHHBkQfaQA/s1600/Swimsuit.jpg,exercised,Is she worried that the straps might break?---What size are her breasts?---What size is this bathing suit?---Why is the woman posing?---Is she wearing a dress?,A heavy set woman taking a selfie in a pink shirt---A woman in a pin shirt is posing for a photograph---A heavy set woman in a revealing pink top---A big woman wearing a purple top with stripes on it---A woman in a pink swimsuit,,original
2e17a1ee-b848-49b9-94b5-28527d1a687f,http://sublime-beauty.net/wp-content/uploads/2013/03/iStock_000016553198Medium-woman-exercising.jpg,exercising,Are they doing yoga?---How long is the class?---Don't you wish you were in an exercise class right now?---What type of exercise is being shown here?---Is this from a advanced class or beginner class?,People practicing yoga---A man and woman exercise on the floor---A man and woman exercising on the floor inside of a gym---A man and a woman in a yoga class---A man and a woman laying on exercise mats stretching,,original
393af150-9627-4454-bf74-b83d2f77741e,http://www.archives.gov/press/press-kits/picturing-the-century-photos/images/migratory-mother-texas.jpg,picturing,Was this for a magazine ad?---Is she a professional model?---How long ago was this picture taken?---Why is she wearing that on her head?---Why does she look so sad?,"A woman wears a head covering---Black and white photo of woman standing next to wall---A woman with a head piece and back top standing next to a wall---A woman stands by a door frame, a towel on her head---A woman with head covering standing by a wall",,original
f6ff78ac-e0d0-44de-8e63-3c3ec667f370,http://images.wisegeek.com/measuring-blood-glucose.jpg,considered,What is that device measuring?---Does the patient have diabetes?---Who hand is bleeding?---Wouldn't you hate to have to check your sugar level all the time?---How old is the child that has to have its blood tested?,A child getting their finger pricked for a blood sugar test---A person being assisted by another person in checking their blood sugar with a monitor---One hand holding a blood sugar meter after pricking the bleeding finger of a hand being held by another hand---A person using a blood checking device with a drop of his blood---A person testing a childs blood,,original
20b55d66-2bd8-4ef9-be1e-3c448bda955a,http://4.bp.blogspot.com/-qVTIr495Q9A/T3ZN-01wv_I/AAAAAAAAAJc/6TF4gS2YSes/s1600/powderbrushhead.jpg,powder technique,How long would this make up brush last?---What kind of brush is that?---What kind of make up brush is this?---What kind of hair is the brush made from?---Is this a good makeup brush?,"The brush end of a make-up brush, with small section of gold handle available---A closeup of the bristles of a makeup brush---A makeup brush head---A make up brush tinted white on the edges---A silky makeup brush with a bronze body",,original
a275fcc0-b14d-4790-b4c6-be384efd6f83,http://bangshift.com/wp-content/uploads/2015/01/cavalcade-of-customs-cincinnati-043.jpg,cavalcade,How long did the hot rod take to build?---Does this vehicle actually run?---What kind of car is that?---What type of modifications were given?---Are those cars in a museum?,A car with the body propped above the frame and engine---A rusted yellow car frame is lifted off it's wheels---A truck with the body lifted off the frame---Large garage containing hot rod cars; central one has raised body with patches of yellow paint---A car with the frame propped way up,,original
7a8e6931-4b3e-464f-8c21-b0cec995b41e,http://www.premieriberian.com/uploads/articles/article345/monarch%20aircraft%20ma002_a4.jpg,flights,Where is that plane going?---How fast can this plane fly?---What type of engine does this plane use?---Where were you when you took this?---Does this plane have a good safety rating?,A commercial plane flyin through the air during the day---A white plane with dark blue and yellow trim---An airplane flying above the clouds---An airplane above the clouds---A plane flying above the clouds,,original
252bb67d-7897-438b-af00-95c0653178da,http://www.indiamike.com/files/images/00/65/09/skidded-vehicle-on-kalyan--murbad-road.jpg,skidded,What is under the tarp on this truck?---How did they end up across the road?---Why did the truck veer off the road?---What happened to the truck?---Did anyone get hurt?,A red truck that is tilted into a ditch next to the road---a truckwith  load  is nearly fell into a mud---A hauling truck with the front end stuck in a sink hole---A truck covered with a tarp---A truck drove off the side of the road,,original
0cb0d36f-09fb-4704-97fa-afb59ea27c15,http://2.bp.blogspot.com/-g7V2amlKld4/TxTdvlNDzPI/AAAAAAAACCA/Ir72DzGW-R0/s1600/1%253A16+us+outside+house.jpg,building a house,Is this their first home?---Is this the first home they have built together?---Is that your home?---Is that his daughter?---Did they buy the house?,"A man and a woman stand in front of a house, surrounded by trees---A man and a woman standing in front of a wooden house---A man and woman, arm in arm, down a dirt driveway from a wooden house with trees behind---A couple standing in front of a house---A man with his arm around a woman stands in front of a large wooden home",,original
b8fa2af9-32ff-44d2-bc27-e592a1d80f95,http://images2.fanpop.com/image/photos/13700000/Chaplin-The-Circus-silent-movies-13775780-1779-2151.jpg#silent%20movies,silent movie,Is this a painting?---What is his name?---Is that Charlie Chaplain?---What movie is this from?---Is that Charlie Chaplin?,A black and white picture of a man with a mustache and a top hat---Charlie Chaplin wearing a black derby hat with his eyebrows raised---Charley Chaplin---A close up of Charlie Chapling---An actor poses for a picture,,original
8025c750-aadd-4acc-ae01-180266ce3481,http://www.tumtum.com/climbing/trips/Sierra00_images_full/Sierra00_132_PoolSoakingIn.jpg,soaking,Is that a hot spring?---is this man completely nude?---How cold is the water?---Is that water safe to swim in?---Where is this man swimming at?,A man relaxes in a natural hot spring naked.---A man is relaxing in the water on a nice day---A man lounging in a creek---A man laying in the water of a river lined with rocks with his chest and legs bare---A man partially submerged in some water,,original
3f4c81ca-71e9-43c9-b0f2-7e42c6cfd514,http://images5.fanpop.com/image/photos/31100000/apples-fruit-31188668-1707-2560.jpg,fruit,What is the green fruit called?---How many grams of carbohydrates are in one of these apples?---Did you eat any?---What kind of apples are those?---How fresh are the apples?,"Rows of red and green apples---Several types of apples---Yellow, green, and red apples in rows---A variety of different flavored and colored apples---A variety of different types of apples place in a row",,original
7398b023-5f71-4d5c-b3ad-07d66862afc9,http://3.bp.blogspot.com/-7UduSLpMXyU/T33Y2m-cxDI/AAAAAAAAEew/80OhdTPQWio/s1600/jello_easterEggLayer_DSC_9971.jpg,egg laying,Are those cupcake baking trays?---Are these for cooking eggs?---What are you supposed to put in that?---What are these used for?---What kind of things can be made in these cups?,Plastic molds---A jello mold for jello eggs---Two white plastic trays on top of a kitchen counter top---Round plastic storage unit displayed on table---Two plastic egg holders,,original
b435f726-6657-41e5-9459-47b6d300defb,http://shizuokagourmet.files.wordpress.com/2013/11/dismembered-2.jpg,dismembered,What kind of stone is this made from?---Who is the artist?---What artist made this sculpture?---What does this artwork depict?---What does this statue mean?,An art display that has some rock formations on it---A sculpture of legs are on display in an art gallery---A statue is on display of a broken body.---A broken sculpture in a museum---A sculpture of a dismembered body,,original
be40c3f7-b66d-417b-893c-a5f0582d0321,http://4.bp.blogspot.com/_EOKgy7JBYPA/TUGAJOs6oeI/AAAAAAAAEMM/Sqhddqhxdd8/s1600/papel_de_parede_de_surf-36362.jpg,surf,How long has she been surfing?---Do you surf regularly?---How can they make surfboards less attractive to sharks?---Is she a professional surfer?---Do you think that the surfer is in danger of sharks?,A girl on a surf board getting ready to come up out of the water---The underside view of a woman on a surfboard---A woman on a surf board from underneath---Looking up at a person on a surfboard---A woman laying on a surfboard in the blue ocean,,original
4b50e8aa-2fee-4112-b25f-4f17deb1656f,http://onestep4ward.com/wp-content/uploads/2012/07/marjan-beach-split.jpg,split,Where is this beach located?---What beach is this?---On what coast is this beach?---What beach is this?,People are sitting on the beach on a sunny day---A white sand beach with beachgoers---A white sandy beach with people walking and sunbathing with trees on the shore and light blue water---A beach and the ocean that only has a few people lounging about---A sunny beach with a few people lying in the sand,,original
91382bc5-9e24-4c90-a48c-4a0d865f8d60,http://res.mindbodygreen.com/img/gal/Urdvha.JPG,backbend,Dose she do ballet?---What is the name of that yoga position?---Have you ever been able to do that?---What yoga stretch is this woman doing?---How far can she bend?,A woman doing yoga---A woman in colorful pants does a backbend---A young woman in colorful leggings does a yoga pose.---A woman doing a yoga pose on a mat inside a room---A person is practicing yoga,,original
8dbd043b-62e5-4b21-ba9d-c5f2fce96f3a,http://s1.paultan.org/image/2014/11/2015-Mazda-CX-3-012-e1416373385193.jpg,unveiled,What kind of car is that?---How gallons of gasoline can this car carry?---What model year is this CUV?---What do they call that paint color?---Do you consider this car to be reliable?,A red colored small utility car parked on a lot---A red Mazda CX-3 drives down the road---A red car is driving along the road---A red SUV turning left on a road---A red Mazda hatchback parked on the side of a road,,original
f4047135-2666-4161-b4ca-6cff15d8d124,http://i1.ytimg.com/vi/uED55XuT1kw/maxresdefault.jpg,yelping,What would you call that camo pattern?---Do you think the hunter is feeling sick?---Is he calling to the ducks?---What was he hunting?---Does he end up hunting a lot of animals?,An older man in camoflauge with his hand on his face---An old man wearing a hat and camoflauge gear in the forest---A man in camo making an animal call---A hunter in a wooded area---A man in camouflage clothing,,original
5123a5d2-e5ba-4240-9047-3e38dc0992bb,http://4.bp.blogspot.com/-eMLHjXt2aVY/TqrduwgIz6I/AAAAAAAAAMg/WOQ6T6cHLOo/s1600/Don__t_ignore_me_by_wait_and_see.jpg,ignore,Is this some sort of art preformance?---What phrase would you add to her post-it note wall?---Did she write all of those notes herself?---What message is this trying to convey?---Why is she depressed?,A sad woman rests her head on her arm---A woman posing in front of a wall that's covered with words---A woman holds her head while standing in front of a wall filled with note cards---A woman looks distraught in front of signs on a wall---Woman looking down with her hand on her head and papers on the wall behind her,,original
96bd04f4-771e-49ba-b666-ec2a6d8c0f92,http://3.bp.blogspot.com/_veDbg4Zs4Sg/StDCiRo3y3I/AAAAAAAAAM4/-sObGewfwyw/s1600/Lightning_3.jpg,lightning,How long did the storm last?---Was there alot of lightening strikes in this storm?---Did the lightning strike any buildings?---What city is the lightening striking?---Is that not the most gorgeous picture of lightning?,"Lighting striking down from the dark cloudy sky into the city skyline---Two bolts of lightning striking over a city skyline, with a purplish sky---A lightning storm above a city---Two bolts of lightning strike at the same time---A pair of lightning strikes over a city",,original
8acd13a7-5ba1-42d7-abdc-44eae0984c87,http://th01.deviantart.net/fs31/PRE/i/2008/195/1/d/Peeling_Paint_by_Altaria13_Stock.jpg,pealing,Did the wood crack from age or from weather?---Is that bark peeling away from a tree trunk?---What kind of plaster is that?---When was the last time it was painted?---What kind of tree this bark came from?,Paint peeling---Bark peeling from a tree---White paint peeling---A white and brown colored wall with the paint chipping off from it---Paint is peeling off a surface,,original
914462ad-3a96-4d02-a6a2-e7b13e652581,http://3.bp.blogspot.com/_3H1dWtzmZYU/TNxbBngYRdI/AAAAAAAAC8o/j3zcHMv9HKk/s1600/high-fidelity.jpg,high fidelity,What are these men talking about?---Is this a scene from a movie?---What are the characters in this film talking about?---Did you guys come up with any good ideas at the meeting?---What Jack Black movie is this from?,A still from the movie High Fidelity---Three people sit at a counter and talk---Three men sitting near each other inside of a store---Three people have a conversation in a record store---Three men sit round and on a bar discussing something,,original
5b9011af-40c9-4a19-b541-2c416dc6e1b9,http://reviewsfromtheabyss.files.wordpress.com/2011/08/2009_taken_005.jpg,taken,What movie is this part from?---Why does this girl look terrified?---Why does she look so scared?---Is this from Taken?---Why is she so scared?,A frightened woman hiding while on the phone---A scared looking girl on the phone---A woman lying on the ground with a cell phone to her ear.---A woman laying down looks worried and is using a cell phone.---A woman is talking on her phone,,original
80f04d3b-c222-4e88-9953-5e8b05fa07ac,http://a.espncdn.com/photo/2015/0104/nfl_playoffs_rd1_03.jpg,playoff game,"What game was this play occuring in?---How many yards did the running back gain on this particular play?---Who won the game?---I don't really like the Steelers, do you?",Two football players playing football---The Pittsburgh Steelers quarterback hands the ball off to the running back---The quarterback is handing the ball to the running back during a football game---A quarterback handing off the football---A football quarterback handing over the ball to his running back,,original
091e2b89-fc47-4724-ba3f-614c319f882b,http://mekamui.files.wordpress.com/2013/04/landslide.jpg,landslide,"What kind of disaster caused this?---What type of disaster is this?---That is absolutely amazing, do you agree?---Is this a picture of a mine?---What caused this landslide?",A zoome out shot of a canyon---A large canyon has many layers or erosion---Distorted photo of a landslide---A large stepped quarried out area---A large landslide,,original
288189d2-bcfa-4160-b3b7-99bfc81f2bfe,http://a.espncdn.com/photo/2014/0621/mlb_g_segura11_1296x729.jpg,wild pitch,Was he safe or out?---Was this guy out?---Was that baseball player safe?---Was the player safe in this play?---What two teams are competing in this baseball game?,"A base runner slides into home as the pitcher dives to tag him, catcher standing beside the base runner, umpire looking on to make the call---A baseball player sliding into home plate with other baseball players around him---A baseball player sliding into home---A runner slides into home plate---A baseball player attempts to slide home while the umpire looks on",,original
61531a17-cc19-406e-ad98-d1b0ca787522,http://cfile1.uf.tistory.com/image/197E8F374FA8B17E13CD17,marketplace,What is the primary purpose of this establishment?---What kind of market is this?---Where is this ultra-modern shopping center located?---is that a famous farmer's market?---What kind of store is that?,"A birds eye view of a retail store with many windows---A birds eye view of amarket---A large indoor shopping center with a high ceiling---A view of desks and people working at them---A long, warehouse style, supermarket with produce section featured prominently",,original
70521505-4cfc-4f87-b963-9c0cf979892a,http://static.musiciansfriend.com/derivates/19/001/440/977/DV020_Jpg_Jumbo_666618.025_wine_red.jpg,drum,How much does this set cost?---How much does the drumset cost?---Is that equiptment brand new?---How much does this drum set cost?---How much do the drums cost?,A Ludwig drum set---A set of cherry wine colored Ludwig drums---A red colored drum set with some metal framings on it---A drum set---A Ludwig drum set,,original
7f2ee1e6-e79b-4741-9576-e52d4bf0a0ff,http://static2.businessinsider.com/image/54eb36216da8114f0321716a/microsoft-bing-correctly-predicted-almost-every-oscar-winner.jpg,predicted,Who is the speaker?---What did he get the award for?---What is the man speaking about?---What was this award for?---Why did he deserve to win that award?,A man stands on a stage accepting an award with others behind him---A man accepting an award in front of others---A man in a tuxedo holds an award as he gives a speech---A man making a speech after receiving an award---A group of people are on stage accepting an award at a presentation.,,original
84e88784-1d67-4ae2-80b5-a074c6e8d7a8,http://media-cache-ak0.pinimg.com/736x/c1/84/07/c184074464ef05ef444ee199aa180c74.jpg,parimutuel,What do you call this sport?---What race are this horse and jockey competing in?---Was this a race?---What type of race is this person participating in?---Where is this race taking place?,A horse pulls a jockey in a cart on a race track---A man rides in a buggy that is being pulled by a horse---A horse pulls someone sitting on a two wheeled device---A racer riding a chariot behind a horse---A steeple chase jockey rolls by on the track.,,original
ab99da85-91d6-49df-a317-197156ffeada,http://image0-rubylane.s3.amazonaws.com/shops/ruthsredemptions/HLCPJDFR.5L.jpg?49,redemptions,Don't you find that water pitcher quite interesting?---Is there something in this pitcher?---Where did you find a pitcher in that color?---Is this some kind of water jug?---Who made this design?,A small orange tape spool cover.---An orange plastic container set on a white counter top---A water kettle---An orange pale---A red orange water pitcher,,original
fe9f6cb6-c145-457b-a977-dc3ec3196828,http://media.hamptonroads.com/cache/files/imagecache/large_site_image_760x760/files/images/1654651000.jpg,tool-and-die work,Is he the engineer?---What is this guy's job title?---What is he standing in front of?---Why is the man smiling?---What is his name?,A young man in an orange shirt stands next to a piece of equipment---Did not load.---A blonde man in an orange shirt posing in front of machinery---A man in an orange shirt smiling---A man with glasses and wearing an orange shirt near a machine,,original
bf648716-0104-4ce5-8cbb-a6b3e3161685,http://i.huffpost.com/gen/1047096/thumbs/o-WILL-PORTMAN-CRITICIZED-facebook.jpg,criticized,Are they father and son?---Do they belong to a rowing team?---Are they competitive boaters?---Do those guys canoe?---What do they use the paddles for?,Two men pose for a picture while holding paddles---Two men holding some paddles near a large sign---Two men wearing hats pose with ores.---Two young men hold paddles---Two men in ball caps holding crossed black oars in front of large lettered sign,,original
83818715-ebfe-4935-acda-eeaf490200bf,http://www.gannett-cdn.com/-mm-/bd6a3c01b11f6f8af6c0b4978342f656c1fb7047/c=0-17-1023-595&r=x633&c=1200x630/local/-/media/2015/04/22/USATODAY/USATODAY/635652717085683221-AX216-41F3-9.JPG,antitrust case,Was her story convincing?---What is this woman's political orientation?---Did she just win an award?---Who is she?---Who is she?,woman with short gray hair speaking in front of microphpne---A woman speaking in front of a microphone---A woman speaks into a microphone---A woman speaking into a microphone---A woman with short grey hair talking in front of a mic,,original
739b02a5-48c2-4d0a-ad43-13ef5241d458,http://2.bp.blogspot.com/-MJSvl5jexvo/TkUXrSPy-UI/AAAAAAAAB0M/E03zqt0Q6j8/s1600/MorningWalk-Benefits.jpg,walk,Do those people think they're working out?---How many miles do these woman walk a day?---Are the women power walking?---How far are they going to walk?---How often do they go jogging?,Three women speedwalking in a park during the day---Three women walking together---A group of older women walking for exercise---Women powerwalking---Women out for a walk,,original
f288e1f0-a39e-41d9-ab28-ba48f636f415,http://philipschwarzphotography.files.wordpress.com/2011/05/ostrich-fern-unfolding-11-5-_2673.jpg,unfolding,Is that a bug or a plant?---Dose that plant eat fly's?---What is this unique looking plant?---Do you know if that is a fern opening up?---What kind of plant is this?,A green plant---A green insect resting on a plant---An ostrich fern---A green leaf rolled up---A plant unfolding and looking healthy on a clear day.,,original
40f14c6a-239e-4d53-98bc-f88ce6a0bd12,http://kasalandscaping.com/Residential_Landscaping.JPG,landscaping,How much water does it take to maintain this yard?---What type of flowers are those?---Was the grass recently mowed?---Who planted the flowers?---Is that your house?,An arrangements of trees and flowers outside of a home.---A yard full of green trees and plants---A garden landscape outside of a house---A yard with several types of plants---The front of a house's yard that has palm trees and flowers,,original
0efcf296-aaa0-4e89-b74f-415b6d29d7c0,http://www.pulsarwallpapers.com/data/media/822/Candle_Fire_Flame-Other.jpg,candle flame,How hot dose that flame burn?---How long has the candle been burning?---Why is the wick bent?---Is this a match or a piece of twine?---How fast does the wick burn out?,A burning match---A match on fire---A closeup of a candle wick burning in a dark room---yellow and blue  light from burning something---A fire burning from a wick inside of a very dark room,,original
4a85451b-9bfa-458d-8cc2-647c5eb8b363,https://static-secure.guim.co.uk/sys-images/Guardian/Pix/pictures/2014/4/29/1398775649956/Wage-slips-014.jpg,wages,How much did you take home?---Is this your tax return?---What is the specific type of document shown here?---Do you feel this is enough income to live comfortably?---Whose data sheet is that?,A wage slip paper---A piece of paper with a couple of numbers and text on it---A close up of a paycheck with all of the various deductions listed---A pay stub with lots of information---The pay stub summary from employee numbered 0500602,,original
acb1b819-80e6-4b9c-b09f-a82160974064,http://blotpaper.files.wordpress.com/2011/02/auto-roadshow-2-success-truck.jpg,road show,Are they preparing for an event?---Does the truck extend out?---What is the stage for?---What is being loaded onto the truck?---What building is this?,A semi truck parked in front of a glass building---A truck with steps leading into it---A semitruck with a large container behind it that is parked in front of a building---A truck outside a large building---A large semi truck parked in front of a building,,original
4ae99350-7a38-4a00-9756-3ede16eff15c,http://2.bp.blogspot.com/_lq1pXiGBdP8/TOxDp84HFVI/AAAAAAAAAIk/psDM6Df9lyE/s1600/negotiating.jpg,negotiating,Who are they?---What are they arguing about?---Why are they mad at eachother?---What are they arguing about?---Why are these people so mad at each other?,"Two business people arguing---A man and a woman with both their hands on a table---A man and an woman are shouting each other.---A man and a woman, both wearing black, glare at eachother from opposite sides of a table---A man and a woman in black stare at each other across a table",,original
0e3f186c-26c9-4854-ac15-19a304686517,http://www.nrcan.gc.ca/sites/www.nrcan.gc.ca/files/images/earth-sciences/cecil_lake.jpg,landslide,How long will it take them to move the dirt and fix that road?---Did this landslide happen recently?---Is that a most spectacular picture of a landslide?---What caused that landslide?---Was anyone hurt during this mudslide?,A road destroyed by a landslide---A road that was destroyed by a landslide.---A mountainside road is caved in.---A road split in half on a cliff side---A section of a road has collapsed,,original
b948af18-1a89-4b8e-bbdf-0f209c38f4a7,https://dipikas92.files.wordpress.com/2014/02/milestone.jpg,milestone,What country is this sign in?---What country is this in?---What does this sign represent?---What does this sign say?---What is this marker indicating?,"The tombstone for Abalavao Fianara.---A marker with some writing on the side of the road---A sign is posted along the side of a road, next to a field---A concrete sign that is on the side of a road with a grassy field---A stone marker with numbers letters and a red top on the side of a road",,original
a444b0a4-6f79-45cf-9f31-6328b526640f,http://media-cache-ec0.pinimg.com/736x/01/54/e5/0154e5b22f67a3a4e5d323b91735f883.jpg,sine qua non,Do these beverages come as part of a set?---How old is the wine?---Are all those bottles wine?---How much does this set of bottle cost?---How does it taste?,Four different bottles of wine sitting in front of a wooden wine case---A group of four wines.---Four bottles of wine are sitting in front of a wooden box---Four bottles of wine in front of a box---Four bottles of wine lined up with a box next to them,,original
a95824bb-46b9-4fd0-b33c-45e964f0a082,http://4.bp.blogspot.com/_C-zXzp9Odak/TG1ui-iRhVI/AAAAAAAADME/00ZzJUbP6r4/s1600/shipping+container+Costa+Rica.jpg,shipping,"How many containers can the ship carry?---What is being delivered on this ship""---What is the ship carrying?---Will a large wave knock over the cargo?---How many shipments a year does this ship make?",A cargo ship stacked high with containers---A huge cargo ships loaded with containers is on the water with a long bridge in the background.---A cargo ship stacked with cargo travels on the water---A large ship transporting containers---The tail of a ship full of cargo containers,,original
b8cdb5f9-37e4-4f15-a001-2098289ec149,http://cdn.sheknows.com/articles/2014/06/woman-squatting.jpg,squatting,Why is this woman smiling?---Why is she so happy?---What is she being photographed for?---What do you think she's smiling about?---Is she in a commercial?,A woman in a white tanktop smiling---A woman with brown hair smiles while wearing a white tank top---A woman in a white tank top smiles---A smiling woman---A woman in a white top smiling,,original
359f0ba0-0059-4f0a-a674-f08a7e8244a0,http://www.bmwblog.com/wp-content/uploads/2013-bmw-5-series-facelift-34.jpg,series,How well does this car run?---How expensive is that car?---How fast can this car go?---What model BMW is that?---Do you know where that license plate is from?,"A luxury car driving on a road---A silver car is driving along the road, with trees and mountains in the background---A silver BMW sedan drives along the road.---A silver colored luxury car driving on the road near some trees---A BMW driving down a forest road",,original
82ec73ba-1aec-445d-a52c-ebd47efc2e9d,http://lifesavour.files.wordpress.com/2011/07/img_0121.jpg?w=908,two-baser,Do people actually take advantage of the chairs?---Is this deck over a marsh?---What city is this area located at?---What city is that in?---We're there any other places to walk and sit?,Two red chairs surrounded by tall grass---Two red lounge chairs on a dock outside buildings---Two red chairs along a dock---Two red chairs in a wooden walkway in the middle of a grassy field---two red Adirondack chairs on a sidewalk,,original
1e76ac63-e210-4444-816a-a36931881e53,http://swissflowersgifts.files.wordpress.com/2011/02/triangle-arrangement_anthurium.jpg,arrangements,Is this a Mother's Day boquet?---What type of flower is this?---Who received these flowers?---Does this floral arrangement look real to you?---What kind of flowers are those?,A green plant with red leaves---Red and white floral arrangement on display---A bouquet of fake flowers---A bouquet of flowers---A flower arrangement that includes pink and white flowers,,original
80ddfb64-2813-4058-83d8-fcf59f6cec15,http://3.bp.blogspot.com/_TZS-TBjLKdA/TFJSakBY4aI/AAAAAAAAEgY/3e8uRkM3Pn4/s1600/All-American+Boys+Chorus2.JPG,chorus,Who is the choir director?---What group is singing?---What choir is that?---How long have they been singing together?---What is this choir singing?,A choir group in red jackets is directed by a conductor---A choir wearing red jackets---A choir in red jackets---A boys chamber choir singing on stage in red suit coats.---A choir is performing,,original
04ae0502-8054-4dad-a8d0-d2b9198623cb,http://farm4.staticflickr.com/3464/3972618926_f33ca54e68_z.jpg,rebuilding,What are they rebuilding?---What are they building a framework for?---What are they building?---What caused the fire?---Did the house burn in a fire?,Beams come into place during a building operation---A pile of material in front of a construction site---Frame of a house---Did not load---Several people working on a house frame,,original
8c39a962-331d-4c3b-9e6c-2716ddc5ba20,http://3.bp.blogspot.com/-V1LLnfe3uGg/Tg4YGDdFVwI/AAAAAAAARcM/SskDScX-5Rg/s1600/Orange+Translucent+bearded+dragon+Laying+eggs.JPG,laying,What kind of animal is that?---What kind of reptile is that?---What kind of animal is that?---What kind of animal is that?---What kind of animal is that?,"A reptile is laying eggs in the dirt---A large, possibly pregnant, lizard lays in a dirt hole---A close up shot of a lizard with everything but the head---A tan colored lizared lying in a patch of dirt and mud---A really fat lizard",,original
f75a2f1c-516c-4013-94cd-68060c2b5bed,http://3.bp.blogspot.com/-uQETfcHoDOE/UMtPYUgibxI/AAAAAAAADnw/po1Kqh7DlDs/s1600/Johnnie+Walker+Black+Label.jpg,label,Is this a popular whiskey brand?---Is this high quality whiskey?---Is this expensive?---How much does a bottle of this alcohol cost?---How much does this bottle of liquor cost?,A bottle of liquor with a sign on it that says Black Label---A bottle of whiskey---A bottle of alcohol---A bottle of liquor with brown liquid inside---A bottle of Johnny Walker brand scotch whiskey,,original
50c6b8b3-148c-4272-baf7-7a0c44f85c33,https://tinylessonsblog.files.wordpress.com/2013/07/approaching-storm-on-the-beach-ed.jpg,approaching,Is this the coast of an exotic island?---Was this a hurricane?---Where is this beach?---What beach is that?---Isn't that impending storm exciting?,A large group of very dark grey clouds is hovering over a beautiful beach.---Clouds hang above a beach---A beach and the ocean under dark clouds---An ocean is green and blue colored near a white beach---A dark ominous overcast sky over a clear green ocean,,original
ecad4da1-70f6-436a-acce-1ea7d8a97775,http://2.bp.blogspot.com/-PmCQw5_1ivw/T0s33WhNVsI/AAAAAAAAAnY/deiRqYY_Xuw/s1600/Blessed+Sacrament.jpg,holy sacrament,What was this trophy for?---Is that an award for something?---What is the significance of the golden replica?---What kind of decoration is this?---What is this piece of artifact made out of?,A gold trophy---A gold trophy---A golden statue on a table---A mirror with gold rays and a gold base---A gold sun-shaped design on a gold base,,original
d8e62b38-df18-4e75-bf08-d0e5a8e1c808,http://fc06.deviantart.net/fs70/f/2014/030/1/b/jintai__humanity_has_declined_by_whiskeypeak-d63edlt.jpg,declined,What are those yellow flowers??---What is her name?---Is she wearing a wig?---What type of hairstyle does the woman have?---Is she wearing a wig?,A woman with pink hair stands surrounded by yellow plants---A pink haired girl posing among flowers---A woman surrounded by foliage---A woman standing in the middle of yellow flowers with pink hair---A woman with long pink hair standing among yellow flowers,,original
6f8d8ca2-0a42-49c8-b2d9-338859933a68,http://2.bp.blogspot.com/_5XS11b4bK8Q/S79XLd_TnRI/AAAAAAAAAak/FSPiWIaf78w/s1600/family+dollar+receipt2.JPG,receipt,Does this make you think of Mturking?---How did they get all of these items for free?---How do people save so much with coupons?---What store is this receipt from?---What store is the receipt from?,"A receipt that is full of numbers and other types of text---grocery checkout receipt with ""total savings $60.00""---A receipt showing total savings---A receipt with a $3.60 total and savings of $60.---A receipt  for a total of $3.60 and a savings of $60",,original
1f094676-b5cc-4c11-b391-1af040918959,http://1350kman.com/wp-content/uploads/2012/03/stock-grass-fire.jpg,grassfire,Is this fire contained?---How long did this forest fire burn for?---Where is this fire burning?---what started the fire?---Did they manage to put out that fire?,Men walking near a wildfire---A wildlife burns as firefighters walk away from it---Five firefighters next to a fire---A couple people walking in a path with some parts of the hill on the fire---Men walking alongside a fire,,original
084de3c6-df68-41d8-b7b6-51de497102dc,http://static5.businessinsider.com/image/51e2c42969bedd8b05000003/hollywood-is-shocked-over-tragic-death-of-glee-actor-cory-monteith.jpg,died,Is he surprised?---What is the name of this actor?---Is this a famous actor?---Is that a famous man?---Is he one of your favorite celebrities?,An actor poses for a photograph---An attractive man slightly smiling---A handsome man smiles for a photo---A white male actor smiles---A man with dark hair and wearing a suit standing in front of a banner,,original
7789bb2b-6f4c-41d0-a56e-a7b67da3e21c,http://static4.businessinsider.com/image/51647552ecad049e45000007/lumber-prices-have-plunged-in-the-last-two-months.jpg,plunged,How high did he climb?---Why is this man climbing a tree?---Is he in a tree cutting competition?---Why has he climbed the pole?---Where was this taken?,A worker climbs high on a utility pole near pine trees---A tree cutter climbing a cut off tree trunk---A man climbing on a tree---A man at the top of a tall tree in the forest---A man with equipment climbing a tree,,original
917b8786-dede-4d62-a585-e7346f8519ee,https://dimo.com/wp-content/uploads/inflight_refueling.jpg,refueling,Have you ridden in a helicopter?---Why are there ropes hanging from the plane?---What are the ropes used for?---Was the refueling successful?---How long does it take for them to refuel?,A large plane with a refueling helicopter behind it---A helicopter flies behind a large plane---Two military aircraft travel in a line on a sunny day---A hellicopter is trailing behind an airplane---A military plane and helicopter flying through the air,,original
76a4751c-9e3e-4c55-adfa-accb2dce6792,http://media.npr.org/assets/img/2012/08/20/slow-f7c667bbe3c1b9c54cf5061ade96c6799cef281b-s6-c30.jpg,slow,How slow does the turtle travel?---How fast does the turtle crawl?---Do you love turtles?---How long does it take a tortoise to cross the road?---Where is the turtle going?,A tortoise moving along a concrete path with plants along the side---A tortoise on a concrete path---A turtle walks alone on a brown path---large turtle walking down a concrete path surrounded by grass on either side---Large tortoise on paved path lined with foliage,,original
25a5e206-9449-4f72-b32f-2c77c96d4d2b,http://nenaghsilentfilmfestival.files.wordpress.com/2013/09/beauty-tramp-charlie-chaplin-12691665-1600-1242.jpg,silent movie,What movie is this image from?---Do you know the woman that Charlie Chaplin is talking to?---Is she happy after she receives the rose?---Is that Charlie Chaplin?---Is this a movie scene?,A man bows his head towards a kneeling woman---Charlie Chaplin gives a flower to a woman crouched on the street.---A woman kneeling in front of a man---Charlie Chaplin offering a flower to a woman---A man and woman are happily talking next to some flowers with the woman knelt down.,,original
b1dc4f62-05f6-433d-a70a-a7131905b0b9,http://eyesfordesigns.files.wordpress.com/2011/09/master-bedroom-2a.jpg,two-baser,Who is the decorator?---Who painted that picture?---Whose room is that?---Is the mattress comfortable?---How did you decide on amethyst purple as the color for this room?,Purple bedroom---A bedroom with racy art on the wall---A bedroom with a painting on the wall---A bedroom with a bench at the end of the bed---Abedroom with a painting hanging on the wall,,original
4c4a126e-fb4b-4472-b4d6-6019cdb2594a,http://a.espncdn.com/photo/2015/0104/nfl_playoffs_rd1_07.jpg,playoff game,Does the touchdown count?---Who won the football game?---Who won the football game?---Did he score the touchdown?---Are they fighting or is it a normal tackle?,A football player diving into the end zone---Football players from opposing teams make contact during a play---A running back from the Arizona Cardinals trying to score a touchdown against the Carolina Panthers.---A football player attempts to cross the goal line as others around him try to block or make a tackle---A Cardinal player reaches the footall towards the endzone as his teammates and Panthers players collide behind him,,original
765b320d-5ae8-4fda-b4ad-ed911e6e099b,http://media.merchantcircle.com/20855017/Rockenfield%20water%20feature_full.jpeg,feature,Where is this park located?---Are their fish in the pond?---Where is this located?---Is this part of a private property?---How long did it take to make that garden?,"Rocks surround a small body of water---A pond that is next to some rocks and a lawn full of grass---A landscaped pond and yard---Park-like setting with rock pond, flowers, grass and bench---A pond surrounded by rocks and flowers",,original
abb3cbbb-b1d0-4815-92fb-5f220db6584e,http://farm4.staticflickr.com/3522/4033252210_bfcde69d4d_z.jpg,paso doble,What style of dance is this?---Which dance troupe do they belong to?---What event are these dancers dancing at?---What song are the dancing to?---What kind of dancing is this?,A man and woman on stage dancing---A man dips a woman while dancing---A dancer being dipped by her partner---A man dips his female dance partner.---a couple dancing,,original
bf332577-7acd-4f92-bfae-b90947343068,http://urbanvelo.org/wordpress/wp-content/uploads/2013/02/breaking_away_nahbs_2013_0161.jpg,breaking away,What brand is this bike?---What type of bicycle is this?---Whose bicycle is that?---Is this bike fast?---Is that bike seat comfortable enough for a long ride?,A red and yellow bicycle---A red bike with yellow handles---A red and yellow bicycle---A racing bicycle---A thin red racing bicycle,,original
5f7a4d0f-93a6-4aab-83b8-1106fb4ca860,http://images5.fanpop.com/image/photos/28400000/ComicCon-2011-Game-Of-Thrones-lena-headey-28453266-1200-800.jpg,con game,What event were these actors a part of?---What is this the cast of?---Are they a cast of a play?---What are those peoples names?---Are they a cast of a production?,"Members of the game of thrones cast---A group of people is posing for a photo---A group of actors lined up on stage---The cast of Game of Thrones appear on a stage---Line of nine people standing, a couple with hands raised; one is a dwarf",,original
752b9ea7-71e8-463e-a413-08572a934617,http://thetravellady.files.wordpress.com/2013/05/bug.jpg,bugs,What kind of bug is that?---What dose that bug eat?---What kind of bug is that?---What kind of bug is this?---What kind of bug is that?,An insect with a long neck sits on a green leaf---A small red bug is standing on a blade of grass.---brown bug with a very long tong sitting on green leaf eating a black ant---A close up of a brown insect on a leaf---A type of beetle with aa long neck sits on a leaf,,original
4ba31fe7-04cb-481c-8478-a15da72c5c04,http://wtop.com/wp-content/uploads/2015/07/PETE-2.jpg,accounted,What town is this are located in?---Was the entire house destroyed inside the house?---Where are the fire trucks?---Why are there ladders going into the windows?---Did they have a fire?,The driveway towards a house that has been on fire---Industrial-grade hoses and ladders are running up to a house---A black driveway leading to a house---A nicely landscapped yard leading to a house---A very large white and grey house with several ladders coming from the widnows,,original
1480da17-8f27-4949-9213-b611b823afc2,http://urbanwane.files.wordpress.com/2011/05/abandoned1.jpg,abandoned,Does someone still live here?---Whose home was that?---What happened to the porch?---Is the house condemned?---How old is this house?,An old wooden house that is crumbling at it's base---An old wooden house---a dilapidated old house---An old wooden house---A small ragged house.,,original
6e2d8bd5-631a-4930-807a-2f0c870585f5,http://4.bp.blogspot.com/-iMXXxisBZl8/UY2EqrCFe5I/AAAAAAAAEOU/ent7Lz4JRyI/s1600/How+to+deal+with+gambling+addiction.jpg,gambling,Do you gamble?---What game did you play?---Was this money won or lost by gambling?---Did someone win the $80?---Is this a stock photo?,"A deck of playing cards, two dice, and four $20 bills---Dice, twenty dollar bills, and playing cards---Four twenty dollar bills with a pair of dice and deck of cards on them---A pair of dice and a deck of cars on eighty bucks---Two dices on top of some cash and next to some playing cards",,original
55245e77-5efb-418a-b6cf-ff9ea217fee0,http://thedebateinitiative.files.wordpress.com/2013/03/feminism.jpg,public debate,Was everyone given a bottle of water before speaking?---What were they talking about?---Do they have opposing views?---What was this conference about?---Who is the lady with the scarf on?,A Muslim woman in a Burka and a white woman are speaking on a panel into microphones.---Two women speak into microphones---Two women talk into microphones while sitting at a table---Two women speaking into microphones---Two women both talking in to a microphone,,original
09327460-5de5-4d0f-b8bb-099975241f80,http://4.bp.blogspot.com/-f_too8TaC_w/UDYzcr7Pu6I/AAAAAAAAEdA/xGM_yHYCUMs/s1600/humming+birds+pics+(11).jpg,humming,What species of hummingbird is this?---How fast is that hummingbird?---What does this hummingbird eat?---What kind of bird is that?---What type of hummingbird is that?,A hummingbird is in flight---A humming bird flying---A white and brown hummingbird that is flying by a tree---hummingbird hovering---A brown hummingbird hovering in the air,,original
52138bb6-02d7-44b3-9bc5-e2cd2d6b03fb,http://planetbluesphere.files.wordpress.com/2013/02/kasauli-approached.jpg,approached,How long has the fog been rolling in?---Is the haze in the air fog or smoke?---Is it always this foggy?---Why is there so much fog?---Are there many tourists in town?,A foggy sky over a busy street with buses---A foggy street scene with several busses---A group of people standing outside on a misty day---Fog at a tourist site---A group of people and vehicles stationed outside on a rainy day,,original
8669681d-163e-44a6-8ecf-c9305163c82d,http://babaassociates.files.wordpress.com/2009/12/flat-3-sitting-room.jpg,flat,How do you feel about the pattern on the curtains?---Should the curtains ever match the couch?---Who lives here?---How old is the house that room in the photo is locate in?---How old were the people who picked out the furniture?,"A small living room with a sofa, an armchair, and a table---An empty living room with a flowered couch---A liviinf room with various decoration ideas---A living room with a couch, table, chair, and tv---The interior of a living room with a TV, couch, and table with chairs.",,original
88636c7c-1b9b-4a0e-8adc-d2b33c9eb262,http://4.bp.blogspot.com/_TlQTKubyZqI/SxQmul33oWI/AAAAAAAAAv8/sJ2jfobUQFM/s1600/sinking+boat+2.jpg,sinking,What kind of boat is that?---What caused the boat to sink?---How do you salvage a boat full of water?---Why did the boat sink?---What caused the boat to sink?,A small engine powered boat is sinking under water---a boat sinking in the ocean---A small motor boat partially sunken in the ocean---A sinking boat---motorboat sinking in water,,original
5b54d20f-e15d-438e-b83b-9c1e3af7e33c,http://bulk-share.slickpic.com/album/share/YxMxOU5I5MOcDD/7026255.0/1200/p/Long_Haul_4.jpg,long haul,What kind of semi are those?---Did you drive one of these big rigs?---What truck stop was this taken at?---Why is the other truck larger?---How much would one of those trucks cost?,Two semi trucks---Two large trucks---Two semi trucks are parked in a lot---A blue and black semi parked next to each other---Two semi rigs ready to haul,,original
b2a5a015-5507-4fca-92ec-a2ff9414b4a7,http://3.bp.blogspot.com/-emC_Pi1lHME/T3ZI6CJwGTI/AAAAAAAAAJU/zCGgdc-X1xQ/s1600/DSC02522.jpg,powder technique,What type of makeup brush is this?---What are the bristles of that brush made of?---What is this brush used for?---Is this brush used for makeup?---What is that brush used for?,A makeup brush---A makeup brush---A makeup brush---A bronze and black makeup brush---A make up brush that women use with a golden handle,,original
9c69cce2-f0c9-4694-a3fb-84b2a3e55572,http://4.bp.blogspot.com/-DsRB6cv41n8/T1-R6-RzuVI/AAAAAAAAEY8/zWx-chJIgS0/s1600/James+Corner+Field+Operations+.+Diller+Scofidio+%252B+Renfro+.+High+Line+at+the+Rail+Yards+.+New+York+%252810%2529.jpg,field of operation,What type of flowers are those?---What kind of view are those people looking at?---What kind of flowers are those?---Did the walk way go around into a complete circle?---Who built the walkway?,People walk on a pathway next to white flowers---People walking in a walkway that is next to a field of flowers---A group of people stand on a platform near wild plants---A painting of a field along a road---A group of people walking on a path next to a field of flowers,,original
b7d216b7-db5e-4f5c-a65b-d845e3481b59,http://woodgears.ca/shelves/shelf-b.jpg,build,Did you build that?---What will be stored here?---Did you just put those in?---What do you think will be stored on the shelves?---What are you going to store on those shelves?,"three empty shelves---Empty, white shelves stand against a white wall---A basic wooden shelving system---A set of three shelves---A wall with a three separate shelves built on to it",,original
c0d13888-cfb0-43d2-9898-f65ad627a2b0,http://insideoutstudioa1.files.wordpress.com/2013/01/snow_2.jpg,snow,Who wrote this message in the snow?---How long has it been snowing?---How many inches of snow fell during this snow storm?---How deep was the snow?---Who wrote in the snow?,The word snow is carved out in the snow---A snow bank where someone used their finger to write the word show---The word snow is etched into a wall of snow.---The word SNOW written into the front of a snow cap---The word snow written into snow,,original
8e6c0bbf-a559-4001-903e-e3340a44ff55,http://mag.monchval.com/wp-content/uploads/2013/01/This-Means-War.jpg,means,What is this movie about?---Have you seen this movie?---Which of the tree made the most for appearing in this film?---What actors are playing in that film?---Did this movie get good box office?,A poster of a movie---A poster for a film that is titled THIS MEANS WAR---Two men point guns at each other as a woman in red stands behind---The poster for a movie called this means war---A poster for This Means War,,original
79390e08-1e43-4ba1-804d-211043a292a7,http://i.huffpost.com/gen/1427011/thumbs/o-PAY-CASH-facebook.jpg,paying,What is that person being paid for?---What is the transaction for?---Why is he giving her money?---What is this a payment for?---Why is this monetary exchange occuring?,A hand passing a stack of money to another hand---someone handing cash to another person---A closeup of a hand giving another hand money---man handing woman money showing only their hands---A person handing over a stack of cash to another person,,original
0e6f5298-c881-4d3d-a509-bfdf03eb1d11,http://engineturning.files.wordpress.com/2011/10/wpid11-engine-turning-14.jpg,turning,What does that machine do?---What does this machine do?---What can this machine be used for?---What is that machine making?---What does this wheel do?,A steel engine turning.---Engine tuning hardware---A part of a large piece of factory equipment with a wheel rotator---An industrial driller preparing to bore into a metal piece---A metal wheel,,original
7d2c2c00-ff64-4bf0-91e3-8d4f0528548b,http://hotelpuertoviejocr.com/wp-content/uploads/2011/06/surfing-puerto-viejocr1.jpg,surf,What ocean is this?---Is this place good for surfing?---What would surfers call this wave?---What beach was this at?---Do you surf?,A tidal wave---A crystal blue wave crashing---The barrel of a wave---A wave in the ocean that would be good for surfing---A large dark blue wave curling over the water in the ocean,,original
0d31bd0d-8134-4d1a-9d34-ce11c7a1287d,http://4.bp.blogspot.com/-X5uYKMpxb74/Tzss8cFznmI/AAAAAAAAAiI/Syp4isEymb0/s1600/replacing+garage+door+trim.jpg,replacing,Was this home newly remodeled?---What kind of paint brand was used for this wood?---Is there any damage to the door?---How long is that siding rated to last?---What material is the siding made of?,"The corner at the base of a door---A white doorway and door, along a brown wall and black floor---This is a white door jam and frame and a white partial door---A white door and door frame on a black floor---The corner of a door frame and entryway",,original
4c8976cd-50a4-423a-97ce-aee22e2a3e29,http://fc03.deviantart.net/fs70/i/2012/142/f/4/shirking_by_42tba-d50o90v.jpg,shirking,Who drew this art on the side of the wall?---Was the penguin drawn on the side of a house?---Did you paint this penguin?---What is the penguin smoking?---Is the penguin supposed to be smoking a cigarette?,A penguin is painted on a blue building wall---A painting of a penguin smoking a joint on a blue background---A graffiti picture of a penguin smoking a joint---Grafitti of a penguin smoking a cigarette---The drawing of a penguin that is smoking a cigarette on a blue wall,,original
2eebfa10-710a-4ab8-ab39-1d878a352a4e,http://blog.agentxray.com/wp-content/uploads/2009/07/dew.jpg,dew,Isn't this company afraid mtn dew will sue them?---What type of beverage is this?---What foreign brand does this product represent?---What language is that in?---What brand is this soda?,Bottles of green soda---Cans of soda have green packaging and a green bottle---A bunch of 2 liter bottles containing green soda.---Four green two-liter bottles of soda that look like Mt. Dew in a foreign language---Store shelf of familiar soda bottle for sale,,original
6367bdcb-affd-42dc-9b08-6be3844be7c8,http://3.bp.blogspot.com/-1zPRv-GOzd0/TcRAcYUsy-I/AAAAAAAAACE/ZtnjqrBz73E/s1600/bmw-tuning-at-2009-sema-show-img_1.jpg,tuning,What model is this car?---Is this a race car?---What kind of car is that?---What kind of car is this?---Are those decals or paint?,A black and white BMW---A white and black sports car parked on asphalt---A white car has a black hood and black trim as it sits in a lot---A white and black BMW---A white and black sports car is parked on a paved lot,,original
026db7ab-e153-4ea7-bcb4-297d8a2a0dba,http://mengelkoch.asia/HTMLS/Kambodscha/SiemReap/data/images/weg_nach_siem_reap.jpg,reap,Does the girl watch over the cattle?---Isn't the child afraid of the bull?---Is that the girl's bicycle?---Is that the girls bike?---Is that the little girls bike?,A child walking by a cow---A young girl standing in a field with a bicycle and an ox.---A girl walking an ox down a path---A girl walking along with a cow---A girl walks with an animal along a dirt path,,original
57b8fd8e-81b1-4b06-ac11-d071c0f47f21,http://cosmicconvergence.org/wp-content/uploads/2012/05/Stock-Lightning-stock-17004503-1280-800.jpg,lightning,"Did that lightning destroy anything?---What night was this lightning storm?---Wow, were any people or buildings were the contact point for the main lightning branch?---How were you able to photograph the moment of a lightning strike?---Did that hit anything?",A purple bolt of lightning brightens the sky---A large purple burst of lightning---Lightning going off in an otherwise dark sky---Bright lighting striking in the night---Cloud to ground lightning that looks hot pink as it highlights the treetops,,original
9dfb66b0-c21b-46ba-9989-e088dc757d3e,http://images4.fanpop.com/image/photos/21700000/CUSTOM-CHOPPER-motorcycles-21731175-1024-768.jpg,chopper,Does anyone really thing flame decals look cool?---How much does this motorcycle cost?---Do you have a motorcycle license?---Is this a custom motorcycle?---What kind of motorcycle is that?,A motorcycle with a flame decoration---A motorcycle with flame painting and a black seat---A motorcycle that has some flame designs on the side with leather seats.---A black motorcycle with orange and red flames---A black motorcycle has paint in the shape of flames,,original
3b7bcf22-65e3-4ef0-b6d7-711c4a3e5f16,http://2.bp.blogspot.com/-lhvF5s42qo8/UvmQ2WDx7hI/AAAAAAAACo8/70_Jh9hbLoo/s1600/movie_pic_001_084_elle_fanning_we_bought_a_zoo.png,bought,Why is she so happy?---Is this from a movie or tv show?---Why is she smiling?---Why is she grinning?---What is she smiling at?,A girl with blonde hair has a big smile.---A girl with dark blonde hair smiles---A woman is smiliing---A woman with long blonde hair smiles---A blonde kid smiling while staning inside a room,,original
b96b55c5-6411-4b0c-ac0d-cf422af44954,http://static3.businessinsider.com/image/536205e969beddd73b667748/report-att-has-approached-directv-about-possible-acquisition.jpg,approached,When was this blimp flown?---What was on display on the blimp?---What is this blimp flying?---What's inside that blimp?---How does a blimp steer?,A blue blimp that has the word DIRECTV printed on the side of it---A blimp with the DIRECTV logo on the side---A DirecTV blimp---The big blue direct TV blimp soaring in the sky---direct tv blimp,,original
20c56684-5f05-449e-a524-b38265e46598,http://images4.fanpop.com/image/photos/22200000/Spike-Season-6-Promos-spike-22268535-2069-2560.jpg,spike,"How many films has this actor starred in?---Who is the man with the curly, blonde hair?---Who is this man?---Is he an actor?---Is this man a magician?","A man with blonde hair and a black shirt---A man with light blonde, almost white, hair is staring intently at something in the distance.---A man with blonde hair and a black shirt posing in a building---A man in black with bleached hair---A man is posing for a photograph",,original
964f698f-d5a8-4ddc-92be-fc52ca50a649,http://lifeasahuman.com/files/2011/08/shake-hands-concepts-3.jpg,shaking,How long have the two people shaking hands known each other?---What are they shaking on?---Are these two hands of females?---What type of deal did these peole make?---Why are they shaking hands?,A handshake---Two hands shaking each other---a single black and a single white person shaking hands---A hand shake between two people---A closeup of a handshake,,original
c4cb9297-0002-46c6-920c-c2c375cd2cf0,http://apod.nasa.gov/apod/image/0906/lrolaunch_nasa_big.jpg,launching,What type of rocket is this?---Did you see the launch?---In what year was this rocket used in space?---Is this a rocket ship blasting off?---What was the outcome of this launch?,A rocket launching from a launch pad with smoke and fire trailing it---A rocket launches from its launch site---A rocket blasting off into space---A rocket taking off from the ground---A rocket launching,,original
ad385086-64dd-42aa-b0a1-2dcc5e16ffff,http://malayoganycblog.files.wordpress.com/2013/01/supportedfish_christina.jpg,supported,How long has she been lying like that?---Is this a weird yoga pose?---What kind of exercise is she doing?---Is she doing yoga or being kidnapped?---What kind of exercise is she doing?,A woman in black pants and white shirt on a yoga mat with her head on a foam block and her feet bound with a towel---A woman laying on a yoga mat with yoga blocks under her head and back---A woman doing block yoga---A woman in a relaxing yoga pose---woman laying on foam blocks on top of a blue colored yoga mat inside a room,,original
86b8ba96-9ec6-4ada-ad22-6e48deeaf4d4,http://amturing.acm.org/images/hamming-7.jpg,hamming,What kind of math or science are these men working on?---Are these men teachers?---Are these people famous?---Did these professors attend the same college?---What are these men discussing?,"There is a blackboard behind three men talking together at a table---A group of professors sitting around a table talking and smiling.---Three men in suits chatting one another, a chalkboard in the background covered in notes---Three men talking and laughing---Three men dressed in suits sitting around a table in front of a chalk board",,original
19858741-f93a-496a-90fc-21a63ddc4adf,http://2.bp.blogspot.com/-OQy-T5_Vqxw/T82sURJqJNI/AAAAAAAABC0/BG7bLzCyqvg/s1600/fair_wheel.jpg,fair,Where was this fair?---How much did the food at the fair cost?---What city is this fair being held in?---What is the cost of a ticket to this carnival?---What are the ingredients of a funnel cake?,"The ferris wheel stands tall above food stands at a fair---A carnival with a ferris wheel in the background---A ferris wheel at an amusement park---A festival with food stalls and a Ferris wheel---A carnival and a fair with funnel cakes, ticket, and a huge ferris wheel",,original
2e3568f4-47ae-417d-8e7a-ba1672986e5f,http://3.bp.blogspot.com/-WHJ7i1JmpDc/Tn9mEBMgQkI/AAAAAAAAAR8/Wdd3GeYeW8E/s1600/Black-backed+Jackal+%2528Canis+mesomelas%2529.JPG,backed,What does this animal primarily hunt?---What kind of animal is this dog-like creature?---How old is this canine?---Is this creature called a dingo?---Is that animal related to the coyote?,A jackal stands in a dry grassy area---A small scrawny dog in a brown field---A small wild dog is standing in a dry field.---A small jackal---A skinny fox,,original
e558a3db-346e-4450-a237-39263570326b,http://sottoosservazione.files.wordpress.com/2012/11/images502.jpg,named,Was this photo taken on a movie set?---What brand of cigarette is she smoking?---What movie are they acting in?---Are they in a play together?---Are these famous actors?,Two actors having a cigarette---A blonde woman in a dress smokes as a man sits next to her and talks---A man and a woman sitting next to each other smoking a cigarette---An actor and actress sitting down the woman is smoking---A black and white picture of a man and a lady sitting down talking,,original
8d35a642-19b2-4cb3-9c94-fd940bf15e6d,http://2.bp.blogspot.com/_XkEHXk-dJyg/TKnX1NY_yQI/AAAAAAAAAWQ/VIPlDx55o-0/s1600/pulled+pork+022blog.jpg,pulled,What type of meat is this?---What is the name given to this specific sandwich?q---What kind of shredded meat is that?---Is that pork or beef?---What type of bread is that?,A pulled pork sandwich---A bread bun stuffed with shredded pork---A burger with pulled meat---A pulled pork sandwich---A pulled pork sandwich on bun,,original
9433e586-41bb-4265-8b94-2b136b93949b,http://datastore05.rediff.com/h1500-w1500/thumb/4F6259655A5464655B656B586A636B716D72/62ugu46qdup5blpn.D.0.Padmini-Kolhapure-with-husband-Producer-Tutu-Sharma-at-film-MAI-Premiere-at-Cinemax-in-Mumbai.jpg,producer,Is that a coat rack in the background?---Were they out on a date?---What is the relevance of the couple in the picture?---Are these TV presenters?---Who are those people?,A man in a black shirt stands with a woman in traditional Indian garb---An Indian couple---A man and a woman pose for a photograph next to a flight of stairs---A woman in an Indian dress standing next to a man in black---A man in black stands next to a woman in a sari,,original
304138ef-70cc-4cb8-8ea1-14b293de7153,http://3.bp.blogspot.com/_cW_pN7wygQs/TMxf9c8kQ4I/AAAAAAAAEIg/fB_8H-De9Hk/s1600/DSC09494.JPG,begun,What kind of food is that?---Are those fried zucchini or eggplants?---Is that fried eggplant?---Did this eggplant taste good?---How was this food cooked?,Fried zuchini or eggplant---Slices of fried eggplant on a green leaf-shaped plate---Some sliced pieces of eggplant on a green colored plate---Small green platter with deep fried vegie for consumption---Slices of fried eggplant on a green plate,,original
909031ac-af63-412e-90c2-9b9f70e72893,http://static5.businessinsider.com/image/50f7630169beddf25b00000c/why-defense-stocks-soared-through-the-sequester.jpg,soared,Is this a new plan from the US army?---Is this jet capable of dropping bombs?---Does the pilot perform tricks?---Why does the jet's fuel trail look wet here?---What military base is this?,"Military jet taking off at sharp angle from tarmac, with building in background---A fighter jet taking off---Military jet taking off from airfield---A jet is taking off for flight---A military jet takes off quickly from an airport runway",,original
d61fd510-165c-4d11-bb74-aa5de6982c65,http://4.bp.blogspot.com/_yu_YI0MLl9E/TCst-kPgNKI/AAAAAAAADR8/rYqRg1HKg8w/s1600/moving-house.jpg,moving to a new house,Who was moving?---What moving service was used here?---Where are they moving to?---Are those people moving in or out?---Are they moving into the house?,A moving truck with some cardboard boxes---Furniture movers empty a truck filled with furniture---A moving truck being unloaded by two workers---Two men carrying items out of a truck that is full of household items---People are loading a moving truck,,original
0e93fd64-23c0-4051-8f7e-4927c346c529,http://ebmato.files.wordpress.com/2008/11/ej-programs135.jpg,program,What event was that program for?---Do they think many people will show up?---What event was that for?---Who's getting married?---Who designed the cards?,A pair of brochures laid out together on a green couch---Two pieces of paper with words on it---White brochures on a green cloth---A program for an event on a cushion---Two tickets,,original
b884acd1-dfe0-4eb4-8b76-8a30659e6f76,http://3.bp.blogspot.com/-BT_LT5S9OGI/TodMkKXzIUI/AAAAAAAABcU/-jwCmIcbLD8/s1600/sf_traffic_0930.jpg,commuting,Is there traffic like this often?---Is traffic usually that bad?---What caused the traffic jam?---What caused the traffic jam?---Is this during rush hour?,A large group of traffic full of vehicles.---Traffic jam---A very congested highway that is bumper to bumper---A highly congested highway filled with cars from bumper to bumper---A highway full of cars,,original
1bfe6fb9-f519-4b25-bab0-b4882c2eb935,http://all-that-is-interesting.com/wordpress/wp-content/uploads/2013/09/wedding-tradition-blackening.jpg,blackening,Why is she poring stuff on those men?---What kind of hazing ritual is this?---What is being poured on these two people?---Why is she pouring that on them?---Was she doing this on a dare?,A woman pouring a brown gooey substance over the heads of two people---A woman pouring gross stuff on others---Two people sitting in the back of a truck having muck poured on their head---people sitting while a woman pours black tar on their heads from a bucket---Woman pouring paint from bucket onto two friends,,original
051a80e7-7671-477a-97cb-6d140a7227a4,http://powet.tv/powetblog/wp-content/uploads/2006/08/barricade.jpg,barricade,What kind of car is that police car?---What city has police cars that are that fancy?---Is this car one that the police kept from asset forfeitures?---How fast dose that car go?---What kind of car is this police vehicle?,a hot rod police car---A black and white police car on a flat bed---A police car being transported on the back of a truck---A police car being towed---A black and white police car,,original
848e7d0f-227b-40c2-b1aa-4d098fbd0e89,http://st.depositphotos.com/1822041/1996/i/950/depositphotos_19961149-Extended-Family.jpg,extended,Is this all one family?---Who brought the watermelon?---Are they all brothers and sisters?---What country is this in?---What country is this?,A group of people are posing for a picture at a meal---A group of people pose next to a table full of food---A group of young people smile behind a plate of food---food items are kept on a table and children are  around it---A group of people at a table under a thatched roof,,original
80325fae-2310-48a9-a8b4-76ba882399ad,http://2.bp.blogspot.com/--w82llw8yOY/T3ZOIGFQTKI/AAAAAAAAAJk/lOu8YN5GP4o/s1600/realtechniquespowderbrush2.JPG,powder technique,Does this brush offer advantages over others?---Is this a brush for makeup?---Is this a new brush?---How expensive is that brush?---What is the brush used for?,A makeup brush---A makeup brush and its case---A make up applicator brush.---A makeup brush---A makeup brush with a black ad copper colored handle with black bristles,,original
30d54c66-2c39-4f5c-a1df-0f61d8c5e6f6,http://faithathomeministries.org/wp-content/uploads/2012/04/1132989_14746775.jpg,campfire,Where was this taken?---Who are the people attending this bonfire?---What is the occasion that is causing these people to gather around this fire?---What are they gathered for?---Why are these people gathered around this fire?,A group of people surrounding a large bonfire in the middle of the forest---A group of people are sitting around a large outdoor bonfire---A group of adults gathered around a big bonfire at nightl---people around large campfire---A group of people huddled around a bonfire,,original
acb14e45-bb55-4a7d-9519-5bf4635b1fcb,http://4.bp.blogspot.com/-bF1L9jLXGkc/UTDQSiFNPwI/AAAAAAAAAcY/Xd2O6ZkZVfk/s1600/Spring.jpg,spring,What kind of birds are those?---What kind of bird is that?---What species of birds are those?---What type of birds are these?---What kind of birds are they?,Two blue birds perched on pink flowers---Two pretty blue birds sitting on a limb with bright pink flowers on it---Two blue birds sitting on a punk flowered tree---Two blue birds face each other on a flowered perch---Two blue birds sit on a tree branch that's covered in pink flowers,,original
36e0ee1b-3ffe-42ca-ab35-70f2bd57c2d8,http://bryancmontgomery.files.wordpress.com/2010/10/2009worldseries.jpg,world series,How crazy did the fans get after the victory?---Who were they playing against?---Did these guys just win an important game?---Who did they win against?---Are these men celebrating winning a championship game?,A group of baseball players jumping around celebrating with the crowd watching---A professional baseball team celebrating a victory---A group of baseball players celebrating a game after a win.---A group of baseball players celebrate in uniform---A group of baseball players and coaches is celebrating on the field after a win.,,original
454d4e99-fdf4-472f-9d81-30546b160c0d,http://images.wisegeek.com/receipt.jpg,receipt,What language is this receipt in?---What does zu zahlen mean?---What is that a receipt of?---What language is the receipt in?---What kind of food did they serve?,"A coiled receipt---A receipt for 21,13---A receipt that has numbers on it as well as text---A paper receipt---A receipt for 21,13",,original
2758dd4f-b79a-447d-916b-ba1935516f45,http://2.bp.blogspot.com/-pdYTEO1IoPA/Ty7OikOHblI/AAAAAAAABS8/wyuBqwe4VNE/s1600/helpinghand.jpg,helping hand,Why is one hand reaching out to the other?---Are they trying to touch fingers?---Do you think this is a beautiful picture?---How far apart are they?---Who's hands are those?,Two hands point towards each other with the sun between them---Two hands reach for each other---Two hands reaching for each other under a bright sky---Two hands reaching for each other---Two hands reach for eachother,,original
7674c476-3ce4-414b-a071-70e535c700eb,http://news.bbc.co.uk/media/images/46448000/jpg/_46448070_ponting_stumped766.jpg,stumping,What country does the player in the purple uniform represent?---What game are they playing?---How long dose it take to lean the rules of that sport?---What game are these guys playing?---Are they playing cricket?,"These are two players participating on a field in a team sport---Two men, one in a red uniform and one in a yellow uniform, are playing cricket---A cricket player trying to hit a ball while another player tries to chase him---A man swings and misses during a game of cricket---Athletes are competing in a sport",,original
ca896842-513b-4de0-acdf-038cd04e4584,http://deuelfamily.files.wordpress.com/2012/10/pealing-apple1.jpg,pealing,Is it really safe to let a child use that?---What are you going to do with these apples?---How many apples is this kid going to peel?---Was the apple tasty?---IS the apple peeler easy for children to use?,A person is peeling an apple---A person peeling a green apple with a black peeler---Someone peeling apples---A child is peeling an apple---A person using a peeler on a green apple on a table,,original
911d712c-ed82-4cb1-91f1-66bb06b1c3a6,http://4.bp.blogspot.com/-J8uvr7YiZLw/UzHSJQaK4PI/AAAAAAAEH18/4Fv-aAtKd0Q/s1600/prom_proposals_14.jpg,proposals,Why did he ask her to the prom using a banner?---How long had they known each other?---What high school do these people attend?---How long have these two people known each other?---Who are they?,A woman giving a man a hug while other people watch---A couple of young men holding a sign inviting a girl to go to the prom---An athletic girl hugs a boy next to a sign that mentions the prom---A girl hugging a man who is holding a prom sign---A young girl hugging a young man after he asked her to prom,,original
3a30a32e-a156-45f4-8c93-b4e562ef431c,https://04varvara.files.wordpress.com/2014/06/00-russian-feast-06-06-14.jpg?w=800&h=600,feast,What is all of that food for?---How many people will be eating this feast?---Why is there so much food?---How any people came for that feast?---Why is all the food laid out?,"A huge buffet of food laid out on a dining room table---A giant table full of food---A large table has food covering all available space---A table filled with many plates of food, looks like a feast---A table loaded down with all different types of food ready to be served",,original
5508c2b3-46fc-41e1-9005-381c0d5b0cf4,http://static.guim.co.uk/sys-images/Guardian/Pix/pictures/2014/5/27/1401207634122/1fdbd1f4-aeaf-4c2c-88c4-e00a646ace43-2060x1236.jpeg,soared,What do those pills do?---What illness do these pills treat?---What kind of medicine is the Lilly pill?---What is this drug for?---What kind of pills are these?,A green colored pill---Lilly green and yellow pills---A group of pills---Green and white pills in their packaging---green and white drug capsule from Eli Lilly,,original
60db56d8-1182-45f2-add5-1961eda1c3a0,http://www.home-designing.com/wp-content/uploads/2009/02/classic_room_by_5tarfish.jpg,interior design,What is the primary purpose of this room?---What kind of room is this?---Who designed the living room?---Is this your living room?---Is this room located in a mansion?,"A large room with a white ceiling and couches and chairs---A formal room has curtains and several formal places to sit---An elegant dining room---A large, richly decorated living room---A fancily appointed room",,original
3f3c646a-d695-4df9-b9c3-53ea90af7945,http://gaetanpelletier.files.wordpress.com/2012/03/erosion.jpg,erosion,Why are there cracks in the land?---What caused those cracks?---What causes that?---What causes those holes?---Did an earthquake happen?,Big cracks in the side of a hill---Some caverns from the side of a hill that is full of dirt and grass---A hilly mountainside with several gashed in rock saves.---A cliff side with large fissures---A hill with dead grass and jagged cuts where the earth has separated,,original
9fcdeb22-c260-4af5-aedb-ab1d6a5f58f8,https://lwplibrary.files.wordpress.com/2015/01/jam-session-jan27-05.jpg,jam session,What song are they playing?---What kind of music are they playing?---Who are they performing for?---What song are they playing?---What sing was he singing?,A band giving a live performance---A band performing with two guitarists and one singer---Some people are playing guitar.---Students learning how to play instruments---Two musicians playing guitars,,original
ed4d0288-b737-4713-a95a-90cfbe64a651,http://3.bp.blogspot.com/-cg8WTIs2Cdo/UB7T89npjII/AAAAAAAAEHs/1vD6jv-HPrg/s1600/diaadia.jpg,looks,Is that someone famous?---Is this woman a famous model?---Why are they being photographed?---Who is she?---Is this the same woman in all three pictures?,Three pictures of a woman in different outfits---A woman with long brown hair posing for three photos---Three pictures of the same woman dressed in different casual outfits---Three images of the same woman---Tri split photo of young woman in various outfits,,original
22b207ad-5ff9-45f0-954f-726a737b239d,http://static.wixstatic.com/media/6a5bf0_bdb28f81042420045524f26045d57765.jpg_srz_1619_786_85_22_0.50_1.20_0.00_jpg_srz,sporting event,What is the name of this golfing event?---Who won?---Are any famous golf players in this event?---Did someone just make a hole in one?---Was the audience quiet?,A large crowd watching golfers golf---A large audience of onlookers at a golf tournament---A crowd of people around a green---Large crowd of spectators at golfing event watching action at hole---A large group of people watch players on a golf course,,original
48c64e55-a8b6-4976-b3c6-a0059541e902,http://3.bp.blogspot.com/_8TxfHM0Bo0I/TDf_xexo9XI/AAAAAAAAAAw/k1ht3G6ONSk/s1600/RICE+PLANT.jpg,crop,Was there a feild of grain?---Is this field a part of a large farm?---How close to harvest is the wheat?---What kind of plant is that?---What kind of crop is that/,some blades of grass with some wheat straws among it---Green plants with seeds growing out of them---Rice plants---Green bushes have brown stalks growing from them---Wheat grass,,original
24210a50-407b-4ffa-ad6a-89145aa21cea,http://www.magazine-auto.fr/wp/wp-content/uploads/2013/07/Paris-Peripherique-1024x709.jpg,auto limitation,"What interstate is that?---Why is the traffic so bad?---How long do you think it would take to drive a mile in this traffic?---What caused the traffic jam?---Is that rush hour in the morning, or the afternoon?",A highway with heavy traffic---lots of different vehicles going different directions on the highway where all lanes are stopped---Traffic jam---a congested interstate with many vehicles in gridlock---Freeway with very heavy traffic during rush hour,,original
43b3c651-5f43-4142-b56c-137019d3fedb,http://www.evolo.us/wp-content/uploads/2012/10/prechteck_floralgate_00.jpg,landmark,Who designed this awesome structure?---Was this made as an art piece?---What kind of building is that?---What landmark is this?---What city is this sculpture in?,A large outdoor sculpture---An artistic sculpture stands high as people look on---A large sculpture---People are posing for pictures in front of a Korean piece of artwork.---A statue of wood,,original
1783c76a-0155-49b4-9f19-75c19502cdbf,http://images6.fanpop.com/image/photos/33000000/Death-Becomes-Her-death-becomes-her-33021045-2549-1897.jpg,becomes,What movie is this from?---What movie is this from?---Did you ever watch this movie with Bruce Willis and it?---How many minutes is this film?---How old was Bruce Willis in this movie?,"A man in a suit with bowtie is sitting holding hands with a woman.---A man in a tuxedo and a woman in a dress from a film---A woman wearing a high collared cape looks at a man's hands---A woman is read the palm of a man---A man dressed in a black suit and a woman dressed in an ornate dress, the woman is pricking the man's finger",,original
9ec28d45-c9ba-4295-bd2c-339ab7fc7ad4,http://bretcontreras.com/wp-content/uploads/bench-press2-1024x682.jpg,bench press,How much can he bench press?---How long has this man been lifting weights?---How much can the man lift?---How much weight is he benching?---How much can this man bench press?,A man bench pressing a lot of weight while a person spots him---A man performs a chest press as another man spots---A black and white picture of a man lifting weights---A man in black and white does a bench press---A guy working out with a spotter,,original
2a09b8ba-2a6f-4ab2-b9e0-8533ff721f0b,http://www.gmmorando.it/ENG/v3_LightBox/data/images/Close%20off%20veranda.jpg,closing off,How can you tell real rattan from fake?---Is this a patio?---Is this a house or a hotel?---How often do you use that area?---Is this at a hotel or resort?,The living room of an expensive mansion that has a glass wall---A comfortable outdoor patio---An open space has places to sit and a fireplace---A patio with a chair and a couch---A living room with glass walls that open directly into the yard,,original
80f0d1ea-bd60-4d0d-a359-a1d7199ead92,http://psychclassics.yorku.ca/Pavlov/fig4-5.gif,conditioned reflex,When were these photos taken?---How old are those pictures?---What is he sitting at?---How old is this photograph?---What was that machine used for?,"A man sitting at a desk working with a strange contraption---Various frames that has picture of tables and shelves with a man sitting by one of them---A person is doing experiments on a dog---Two images of Pavlovian conditioning---A dog standing on a table, a man sitting at a desk looking at the machinery in front of him",,original
c50f672e-fe2f-415f-bd9e-9f6ac489e739,http://3.bp.blogspot.com/-M6VOBqGxDHk/TpOEHZV8RGI/AAAAAAAAAJM/JS_ULckWcVw/s1600/DSCF3194.jpg,laying,Is that a chicken farm?---Do the roosters ever fight each other?---What is the sex of the chicken in front?---How many chickens do you have?---Are these free range chickens?,Chickens sitting in a pen---Chickens of varying colors stand in a group in a pen---flock of chickens behind wire fence---A few chickens hanging out---Chickens walking near a fence,,original
33bef09b-f1c9-496c-9684-b2683065a731,http://www.centregrandlarge.com/wp-content/uploads/2013/06/pressing1.jpg,pressing,Where is this store located at in the mal?---Is that your business?---Does this business also do dry cleaning?---Who owns the store?---What types of services does this company offer?,The exterior of Pressing Grand Large---A dry cleaning storefront---A dry cleaning business---The front of a store that has the words PRESSING GRAND LARGE on the banner---The storefront of a dry cleaner,,original
056b880f-3ad7-4235-a8ac-79238242e04f,http://3.bp.blogspot.com/-euRON8xc0gQ/UvmQ32pZ3PI/AAAAAAAACpg/1_AcI6uU2Tg/s1600/movie_pic_001_093_elle_fanning_we_bought_a_zoo.png,bought,Why does this girl look sad?---Why does she look kind of sad?---Why does she look upset?---What dose she think about to make sher self cry?---Why does she look sad?,A young blonde girl with a sad expression---A blonde actress feeling emotional---A woman looks upset as she looks at another person---A blonde haired woman looks sad---A blonde haired adolescent girl with an emotional expression her face,,original
473ac3a4-5495-4e3c-9089-7a623cb200b2,http://www.achieveservices.org/wp-content/uploads/2013/06/Magnets-1.jpg,designed,How do you make these glass trinkets?---Did you collect those buttons?---What are they for?---What kind of pebbles are those?---Who collects these?,A tin filled with flat decorative glass---Four glass beads in a silver dish---Decorative pieces of glass in a small tin---Four marbles in a silver holder---A tin lid holding four stones,,original
262a636d-aed6-40ae-a88f-fcd79c205617,http://mlblogsphilliesphollowers.files.wordpress.com/2011/04/04011120pitching1.jpg,pitching,were these pitchers pitching in the same game?---Who has the best form?---What do you call this pitching stance?---Who was the best pitcher?---Is this a professional game?,Two pitchers about to release the ball---Two different baseball players---A comparison of two men delivering baseball pitches.---Two men pitching a baseball---Two baseball players are throwing pitches,,original
fbb38189-140a-4879-8fed-fe920128bc0e,http://www.topinspired.com/wp-content/uploads/2013/12/Expected-To-Pop.jpg,expected,Are they married?---Is this couple a lot of fun?---How long has this couple been together for?---How far along does she look?---Do they know if it's a boy or girl?,"A collage with a man in a pink shirt and a woman in a while dress, last frame they are kissing---A pregnancy annoncment---A couple is blowing up ballons to revel the message on them---Three picture of a woman and a man with a balloon---A man and a woman blowing up balloons with writing on them, then kissing",,original
428b6660-9c87-48c4-bc66-0d24ce6e4040,http://4.bp.blogspot.com/_Hv00QTYckz0/TS6M7qwd6VI/AAAAAAAAAok/hOmheK026u8/s1600/helping-hands-1024x785.jpg,helping hand,How many hands belong to female?---What are these people doing with their hands?---Is that a child's hand on the midlle left?---Are all these individuals related?---Whose hands are those?,Six hands reaching together---Six hands reach toward eachother---Six hands in a circle with a blue sky behind them---Sveveral hands touching one another---A group of hands reach out towards each other in a circle,,original
3c61697f-2fce-45f1-8513-7195df462802,http://rcbuildfly.weebly.com/uploads/1/0/5/3/10534852/9002454_orig.jpg,build,How well did those planes fly?---Did the kids make these?---Do these toy planes fly?---Did the kids build those planes?---Are they going to race the planes?,"Eight yellow toy airplanes---Several model airplanes lined up---A group of children with model planes---Yellow model planes lined up on the ground with children standing around---Young children stand behind rows of yellow, model planes",,original
10854238-9393-4a96-9ba1-52949db46fdc,http://images6.fanpop.com/image/photos/36900000/BTS-pictures-from-their-practice-session-bts-36909227-1000-562.jpg,practice session,Are the guys Korean?---Are they getting ready for a play or are they a boy band?---What song are these guys performing to?---Are they some sort of singing group?---Are these guys in a boy band together?,An improve group performing a skit---A man in a pointed hat and yellow sweatshirt standing on a chair with six other men in black behind him sitting in chairs with their hands in the air---A group of boys sitting in chairs---One man standing on a chair and smiling while 5 others sit down---A man stands on a chair and dances while other men react while sitting in chairs,,original
771b5ab8-40a4-4e72-8c3c-4b5e5a6c7ef7,http://basictrainingacademy.files.wordpress.com/2012/09/bench-press-with-back-arch.jpg,bench press,How much can she bench press?---What is her max bench press?---Is the man in green a personal trainer?---How much weight can this woman lift?---How heavy is that barbell?,A woman performs a chest press as a man spots---Pair of adult young men in gym working out with weights---One man does a bench press as another man spots him---A woman locking out her bench press---A woman in gym shorts does a bench press,,original
9195f633-82f0-4a74-b879-5ae0df468cab,http://farm1.staticflickr.com/47/134303284_61508cf767_b.jpg,bike race,How long was the race?---Is this the Tour de France?---Who wins the race?---Did the guy in the front win the race?---How long is this bicycle race?,A group of men riding bicycles---A group of bicyclists biking through the street during a race---Cyclists in a race---A group of men on bicycles---A group of bicyclists racing down a street in a line.,,original
7b646b9b-6595-4549-b6a6-ef5832f1ec84,http://thenextweb.com/wp-content/blogs.dir/1/files/2013/06/20130604-Fueled-5309-2571738703-O.jpg,fueled,Is that your work?---Whst company is this?---Is that the conference table?---Where is this meeting table located?---Is this where the advertizing team brainstorms?,A table sits near a wall with white chairs---A set of chairs surrounding a long table---An empty table with white chairs---A table and chairs next to a wall with advertisements---A simple meeting area,,original
3fdf0943-5b5d-4550-ac0d-8c3e83a4de99,http://th09.deviantart.net/fs70/PRE/f/2013/161/3/0/passed_out_in_ruins_by_lakehurst_images-d68jypi.jpg,passed,Why is she laying on the ground?---Why is this woman laying on the ground?---Is the woman just playing dead?---Why is she laying on the ground?---Did she end up making it?,A woman wearing a black dress laying on the dirty ground---A woman laying on the floor on her back in a black dress---A brunette woman in a short black dress and black heels laying on the dirty ground with one arm over her head---A woman is laying on the ground---A woman lying on the ground,,original
3e3e061f-5cbc-4edf-9539-7e44fbeb0c76,http://s0.geograph.org.uk/geophotos/02/24/20/2242069_1fd73d8b.jpg,faltering,What city is this?---Do they have a gardner?---What is the name of the pub?---What part of the world is this building located?,"A street corner has a brown, multi-storied building---An old building covered in ivy at the bottom---The exterior view of a building with moss overgrowth---An ivy covered building---A city street with an old row home covered in ivy",,original
591b1c3c-aaf6-45a7-a430-46a212457ece,http://blog.machinefinder.com/wp-content/uploads/2010/03/John-Deere-830-tractor-pull.jpg,pulling,Is this an annual event?---Who is driving the tractor?---Is that your tractor?---What is that piece of machinery used for?---Was this on the Fourth of July?,A tractor pulling equipment---A green tractor pulling a trailor---A tractor pull through a dirt track---A John Deere tractor pulling an orange trailer behind it while people watch---A green tractor pulls an orange trailer,,original
f4bd63f0-f364-4a16-8ea7-e4451060e83d,http://2.bp.blogspot.com/-2foJu82fCrk/TVagmXNKeRI/AAAAAAAAABQ/CcAnitIFUMg/s1600/turned+hat.jpg,turned,Is this a cowboy hat carved out of wood?---Is this hat made of cedar?---Why is that hat made out of wood?---How much does this wooden cowboy hat cost?,A wooden formed cowboy hat---A wooden carved hat---A wooden cowboy hat---A cowboy hat is made out of marble-colored wood---A wooden cowboy hat,,original
7f82afa4-d3f4-42d7-80b1-12bc031d5514,http://media-cache-ec0.pinimg.com/736x/e1/0a/19/e10a19bdff6b3c6d44c2e2641526bab3.jpg,parimutuel,Is this a race or a practice?---What do you call that type of horse race?---What kind of situation is this?---How does that horse feel?---Who is that behind the horse?,A person in a cart being pulled by a horse---A race horse running with a cart jockey on a race track---A person rides behind a horse on a race track---A man is pulled by a horse---A jockey riding a chariot is pulled behind a brown horse,,original
4cdc1155-3294-4b29-b3d8-afc947ac6f1e,http://2.bp.blogspot.com/-ZCkEX-Zm2HY/TvEgGNeLgRI/AAAAAAAABYg/tQWMxjfvk0E/s1600/helping-hands.jpg,helping hand,Why were they reaching out with their hands?---Are those kids hands?---What are the people celebrating?---Who's hands are those?---Are these the hands of your family members?,hands outstretched to form circle---Hands arranged in a circle---Seven pairs of hands forming a circle with a white cloudy sky behind them---People form their hands into a circle---People extending their arms and putting their hands in a circle against a blue sky,,original
8060e50f-5aad-453f-a678-782efd38e85a,http://www.sott.net/image/image/s6/126778/full/treasure_discovery_1.jpg,discovered,What is that used for?---Is this a piece of ancient art?---What is this artifact composed of?---Are those items from an archeological dig?---What are these artifacts?,Dug up ancient items---A concrete bowl filled with trinkets---Stone artifacts in a bowl---A few items that look like they're made out of stone gathered on the ground---A set of bones and wood in a ring,,original
8ebb1d71-c962-4747-98f2-c089e746c7a8,http://sweetsummersparadise.files.wordpress.com/2009/11/fifth-avenue.jpg,avenue,Are the streets always so deserted at night in this city?---Is this a celebration?---Which city is this?---Is that NYC?---Is that a ghost in the picture?,"city street at night with American flags on buildings---New York City---A city with tall buildings lining the street, busy at night---A view of the empire state building at night---A busy city street at night",,original
17699cf5-0eaf-4878-9908-189fb217a5b3,http://birdsontelly.files.wordpress.com/2014/04/antiques-roadshow.jpg,road show,Why is there a human with a bird head?---Why does he look like a bird?---Why does that man have a bird's head?---Why is head shaped like a bird?---Was this photo edited to put a birds head on the individual?,A man with a bird head iis talking to an aucion appraiser---An older man talks with another man with a bird head---A man in a birds head sitting with an appraiser on Antiques Roadshow---A man wears something on his head as he interacts at a table with another man---A man sitting at a table with another man who has a blue jay head,,original
44506943-73f9-4b4d-ba8a-daf94af0c87a,http://thevanguardoffashiondotcom.files.wordpress.com/2014/08/freshly-picked.png,picked,What designer makes these shoes?---Are those real shoes?---Who made those shoes?---Are those your baby's shoes?---What brand of shoes are these?,Green and orange croc-style shoes---A pair of shoes that have pink and green colors on it---A pair of watermelon themed booties---A pair of leather shoes for a baby with green trim and pink toes painted with seeds to look like watermelon---Baby shoes designed to look like watermelons,,original
489a6eb3-59f6-4c42-8db2-250f66efec11,http://www.sterlingplastics.co.za/data/uploads/images-general/centrifugal_water_pump.jpg,pump,What is the purpose of the two discs with red centers?---What kind of machine is that?---What type of apparatus is that?---How much does this pump cost?---How old is this machine?,A blue water pump---A heavy duty electric water pump---A blue electric motor---A blue colored cylinder with some compartments that have wheels---A blue cylindrical machine with two openings,,original
8b491781-417d-40c9-8722-06562e5b3562,http://kathdedon.files.wordpress.com/2010/11/img_1839.jpg,sweetened,Is that pie pumpkin or sweet potato?---Is that a pumpkin pie?---What kind of pie is that?---What type of pie is this?---What kind of pie is that?,A freshly baked pumpkin pie rests on a cooling rack---A pie in a glass dish---A freshly baked pumpkin pie.---A fresh pumpkin pie in a glass dish---Freshly baked pie sits on cooling rack,,original
343297f0-e66a-4fcf-8509-b1c9157033dc,http://4.bp.blogspot.com/_46Hbr4qMeTM/TQxXyHX5aYI/AAAAAAAAJHw/oLPOCMqSIMQ/s1600/looking%2Bfor%2Bsomething%2Blittle%2Bboy.jpg,looking,Who gave that child a telescope?---What is the child looking at through the telescope?---How far does the telescope see?---Do you have any idea what he might be looking at?---How old is this child?,A child looks through a telescope---A child wearing a fedora sitting on the ground by a decaying brick wall looking into a telescope---A child is sitting on the ground and looking through a telescope---A child sits and looks through a telescope---A young boy looking through a tiny telescope,,original
aa50d924-41fa-4c28-a7c6-4f8bceb267c7,http://static01.nyt.com/images/2015/07/15/world/15Iran-blog1/15Iran-blog1-facebookJumbo.jpg,denounced,What was he speaking about?---What was the major point of his speech?---What speech is he making?---Did he make any good points?---What is he talking about?,Netanyahu gives a speech in front of flags---A political figure figves a speech---Benjamin Netanyahu---A gray haired man in a suit and tie talking with flags behind him---A world leader stands in front of flags as he gives a speech,,original
91b7de1b-7244-462d-80d5-352eeb7cb268,http://www.holidaycheck.at/data/urlaubsbilder/images/33/1155902857.jpg,seen,What do you think the water temp is?---what country is that waterfall in?---Where is this waterfall?---Is this located in a rainforest?,Many small waterfalls into a green pond---Water falls from an embankment into a pool of green water---Waterfalls feeding a serene pond---Water falls into colorful pond in forest setting---A clear teal pool with mini waterfalls running into it in a forest,,original
01ca78fa-0238-4258-b83b-7f006c55683c,http://www.punchbowl.com/gridfs/fs/4e00b918ec8d830c91000039-1308670233,cocktail party,Was this a professionally done photo?---What are they toasting to?---What kind of drinks are they toasting with?---What were they celebrating?---Were they celebrating something?,A group of people toast their drinks---A group of people make a toast at a meal---Three men and two women are doing a toast at a table---three men and two women raising their glasses in a toast---A group of men and women toasting their glasses with alcohol in it,,original
5b321961-3a7b-4119-8415-dcee7ef13b1e,http://bustup.files.wordpress.com/2009/04/fighting_by_flaskekork.jpg,fighting,What kind of martial art are they performing?---What type of martial art do they practice?---Are these people fighting for real?---Are they actually sparring with a martial art?---Is that a real martial art they're performing?,Two boys fighting---Two boys having an awkward fight---Two men fighting---Two boys are fighting---Two young boys fighting against each other with one flying through the air,,original
6de1e448-6193-4ca2-b51f-74ba436cabeb,http://swling.com/blog/wp-content/uploads/2012/12/IMG_0044.jpg,transmitting,What building is this?---What is that building?---What do you think goes on inside that building?---Is this an NSA building or something?---Is this a high school?,"An office buiding with shrubbery for landscaping, two large satellite dishes and a flag pole---The outside of a building---A building that has a flag pole in the front of it and surrounded by grass---A corporate building with satellites---A large pristine building",,original
ed0a6920-8de5-46ce-a297-ebc0c9597326,http://nation.com.pk/digital_images/large/2015-06-17/statement-issued-by-zardari-in-his-personal-capacity-ppp-1434543803-7333.jpg,issued,Who is he?---Who is that man?---What was he talking about?---Is this man a politician?---Did the Pakistani Presdient give a speech at this event?,A man with glasses and a suit sits in front of a painting---A man in a suit is listening to somebody else speak---A man with glasses wearing a dark suit and red tie looking to his right---A politician---A man in a suit staring at something,,original
a2fb4de1-b205-419e-a123-97a705b6210a,http://jonathanthrelfall.files.wordpress.com/2013/04/sermon-christian-stock-image.jpg,preaching,Who is this preacher?---Is this man religious?---Is he the preacher?---Do you enjoy reading the holy Bible?---What is his name?,A man holds the bible in one hand while gesturing to it with the other hand---A man holding the bible---man holding Bible while speaking---A man in a suit is preaching from the bible---A man with a Bible,,original
0e59e5ea-29a1-41a2-8434-97020e7f80ce,http://i.dailymail.co.uk/i/pix/2014/07/31/1406838515028_wps_4_The_Royal_Navy_Historic_F.jpg,skidded,Why is this plane laying in the grass?---Was the pilot injured?---What happened to the plane?---Can this plane still fly?---Did anyone survive the crash?,A small plane crash landing on a runway---An aeroplane crash landed---A plane landing---A propeller plane kicks up dust---Dust kicks up beside a plane as fire trucks wait in the background,,original
6d75a412-a7fd-43d3-ae6c-24aeda5cf7ef,http://brokenandbarefoot.files.wordpress.com/2012/03/child-leaping-through-meadow.jpg,leaping,What game is that kid playing?---Does the boy play outside often?---What is that child jumping over?---Is he always this energetic?---how high did he jump?,A young boy leaping over grass with arms and legs outstretched---A small boy leaping into the air on top of a grassy field---A boy making a leap in a grassy meadow---A young boy leaps in a grassy field---A child jumping in a field,,original
ce4d35eb-16f8-4044-bc12-435082e06326,http://l2.yimg.com/bt/api/res/1.2/yIfZ0R4LeO1ymWfI9g6gIg--/YXBwaWQ9eW5ld3M7cT04NTt3PTY1MA--/http://globalfinance.zenfs.com/en_us/Finance/US_AFTP_SILICONALLEY_H_LIVE/After_suggesting_hed_come_back-ba10f6d3e5b434fb97dfdb8e467f660a,suggesting,Is this a rich person?---What country of origin is this man from?---How many people are cheering for him in the stands?---Why is he so triumphant?---Is he an athlete?,A man holding up his hand---The boxer Oscar De La Hoya sitting and smiling in front of a banner---A man pumps his first.---Oscar De La Hoya holding his fist in the air---A man in a plaid shirt smiling with his arm and fist raised,,original
295d1611-ee3a-43ca-a5ca-e44cb4a34dbf,http://www.carid.com/images/standard/replacement-electrical-parts/as22.jpg,barometric pressure,What does that tool do?---What is this a part of?---What do you use this piece of hardware for---What is this device used for?---What does this device plug in to?,An electrical starter part replacement for a vehicle---A piece of machinery with a rotor and a cord---A motor or part of somesort to fix a motor.---A small black plastic piece with a silver screw plate on one end and a white plug on the other---A metal bracket that is attached to a smalle engine,,original
f57a2904-c8c6-4ea2-88c9-a5b4bf619216,http://www.ibiblio.org/hyperwar/USA/USA-PR-Japan/img/USA-PR-Japan-451.jpg,nuclear bombing,Was this from a bomb?---How did you get that shot?---What bomb caused that destuction?---Is the flume from an atomic bomb?---Which nuclear explosion was this?,A mushroom cloud of an atomic bomb explosion---A tall plume of smoke---A mushroom cloud rises above the atmosphere.---A mushroom cloud high in the atmosphere---Mushroom cloud bomb explosion in black and white,,original
cdf52e69-d52a-42c1-a228-e6ee3801baef,http://www.chinadaily.com.cn/olympics/images/attachement/jpg/site1/20080820/0013729c05180a16483201.jpg,olympics,Who won this match?---Who is wrestling?---Who won this match?---Wasn't your older brother on the wrestling team?---Was the guy on red jersey going to surrender?,Two wrestlers competing with each other inside of an auditorium.---Two men are wrestling.---A wrestler in blue slams down on his red opponent---Two men wrestle in front of a crowd---Two wrestlers wearing singlets competing in a match,,original
ec880b7b-1605-4d5c-a3f2-a4f701d80640,http://farm4.staticflickr.com/3508/3738200769_d63ddb4262_z.jpg,police investigation,Where is this children's ride located?---How much does that toy car cost to ride?---Where was this taken?---What type of go-cart is that?---Were you allowed to sit in the car?,A sports car kids ride machine.---A small model race car on a metal platform---An arcade ride---The side of a black car on display---An electric car to ride in,,original
268fc0fb-dace-40df-8ac4-59a7cda4c07a,http://pinkpossibilities.files.wordpress.com/2012/03/dsc00102.jpg,whole-word method,Are those small batteries?---Are those metallic?---What type of battery is present in the image?---What are those little pieces of metal used for?,A hand holding a white sheet with metting dots on it---A charm attached to a piece of paper---A hand holding a piece of paper with beads on it---A person holding a piece of paper which has metallic pins in a circle---White tape with jewels in a circle,,original
2b4be48a-529a-4e7d-bdc3-598bac0c642c,http://images.fineartamerica.com/images-medium-large-5/tending-to-the-flower-garden-lorella-schoales.jpg,tending,Is she picking flowers or just enjoying the day?---What kinds of flowers are they?---What types of flowers are being grown here?---What kind of flowers are these?---What kind of flowers can you find here?,A woman picks colorful wild flowers---A person bending down in a field of flowers.---A person in a blue coat and gray hat kneeling in a field of colorful flowers---A person wearing a hat in the middle of a field that is full of flowers---A person in a blue jacket kneels among brightly colored flowers,,original
30f3ddb4-1862-46a3-93af-834bc321c492,http://2.bp.blogspot.com/-qTWGMgX7-6k/TybzorVv7vI/AAAAAAAAAAg/5W2p8pcckIs/s1600/100_0305.JPG,long shot,What kind of geological formation is this?---Is the sand safe to stand on?---Where are these guys located?---Where was this picture taken?---What are these guys doing?,Two men pose on top of a mountain side.---Two people walking on the perch of a sandy hill in the outdoors---Two people posing on a cliffside---Two men on top of a ridge---Two people standing on large sand dunes near the ocean,,original
387ba362-e081-4296-9e89-fc692e6ee618,http://images.clipartpanda.com/candle-flame-image-maxresdefault.jpg,candle flame,How long can this flame last?---What type of candle is that?---What's the candle for?---How close were you to take this?---Is this a scented candle?,A candle wick on fire---A candle with a flame---The flame of a candle.---A candle burning---Top very top of a candle and it's flame,,original
55009b48-3e68-4e54-869b-785ff5fa4493,http://lehmansbaseball.files.wordpress.com/2010/12/nolan_ryan.jpg,pitching,What is this players name?---Was it a double header?---Who won the baseball game?---Has this man been pitching for the Rangers long?---How much did the tickets cost?,A baseball player throws a pitch---A Rangers baseball player pitching the ball---A baseball player throwing out a pitch---A Rangers pitcher throwing a baseball---A pitcher for the Rangers throwing from the pitcher's mound,,original
1180b221-6967-401f-be06-89057387a9f9,http://www.jonolavsakvarium.com/blog/200711/trap.jpg,trap,What does this device do?---What is in that glass?---What is inside the glass?---What is this device used for?,A plastic and glass container placed on a white table---A glass jar and a pipe for smoking drugs---A simple animal trap---A plastic container turned on it's side layng on a table---A small scientific glass instrument on a white plate,,original
4aa1abff-0c6d-4214-acaf-72ad68519c4c,http://www.jimmyslawn.com/wp-content/uploads/2012/04/landscaping5_010.jpg,landscaping,How big is this house?---What is the estimated value of this real estate property?---Is this a picture of a home in California?---How much does this house cost?---Who is the landscape designer for this property?,A large sprawling mansion with a well manicured yard---A well landscaped yard in front of a huge house---nicely landscaped yard with trees in front of house---A brown and tan colored house in a neighborhood full of yards---Exterior of a brown house,,original
4be9d296-a64c-448e-809a-96d0c43c01c1,http://www.bodymod.biz/Andreas_index-Site/images/cutting101.jpg,cutting,Were these scars self-inflicted?---How long does it take to do this?---What does the star stand for?---What motivated them to burn them self's?---Why would someone cut on themselves in such a way?,An arm with some star shaped markings on it for a tattoo---A forearm with carved scarring in the shape of a star with caret marks surrounding it---A star pattern branded into a forearm---A star design branded into an arm---A man with arm outstretched with a star shaped tatoo,,original
caec07d0-d0d3-4ac3-9bc3-67ed1dddf9c0,http://images.wisegeek.com/tornado-against-dark-sky.jpg,tornado,Did the tornado cause any damage?---Did this tornado hit a town?---How far from the funnel is considered a safe distance?---Is that a tornado or a water spout?---Did the tornado hit any buildings?,A tornado near a road---white colored tornado coming from the grey sky and touching the ground---A tornado in a seculded area.---A wind tornado past a field and beyond a tree-line into the sky with lots of clouds.---A tornado storming through the field next to some windmills,,original
dde83c4c-76bf-4a5e-99d7-711f9b32b963,http://images2.fanpop.com/image/photos/9500000/Pippin-Took-pippin-took-9559345-1024-768.jpg,took,What Lord of the Rings movie is this from?---What is the name of this actor?---What other movies has he been in?---Why is Merry from Lord of the Rings making such a silly face?,"""Pippen"" from the lord of the rings movies---A character from the ""Lord of the Rings"" movies---A Hobbit dressed in green making a face while holding a bowl standing in front of a small waterfall in a stream---A Hobbit with a smirk on his face---A hobbit from a movie",,original
319509a0-cbe4-4c20-8d5c-b37e73add3ef,http://www.jdesigngroup.com/images/landscaping8_big.jpg,landscaping,Is this house expensive?---How much dose that house cost?---Who owns the house?---Do any fish live in the pond?---How much does this property cost?,A beautiful house next to a pond---The front lawn of a home---A landscaped yard in front of a brown house with pink roof---A manicured lawn of a stucco home---A house that has a large yard full of trees and a pond,,original
4f9a427b-eb11-4108-a25e-152d5034594d,http://4.bp.blogspot.com/-T3oetb_Eeyo/TdTXkYlD-_I/AAAAAAAAABo/27R2nNEp02I/s1600/6a00d83451586c69e200e54f2233d18833-800wi1.jpg,using,What car was he driving?---Why does he look so scared?---Why does he look scared?---Why is he driving and using his cell phone at the same time?---Is he about to get in a wreck?,A man is in shock as he texts while driving.---A scared man driving a car---A man in a white shirt yells while driving a car---A man in a car holding a cellphone with a frightened look on his face---A man yells at a phone as he drives his car,,original
ca5533f8-b3c8-4c31-bcec-ad8a0cfc3a3e,http://media.morristechnology.com/webmedia/upload/smithville_review/article/2015/07/28/Colby_15.jpg,succeeds,Did he win?---Did this kid win a prize for his sheep?---How old is the goat?---Was that your child?---What is involved in showing a fair animal?,A rancher posing with his sheep at a competition---A young man holds a goat while smiling at a livestock exposition.---A boy and a sheep at the Tennessee Junior Livestock Exposition---A smiling boy and a goat---a man gives pose with live stock animal,,original
c27d7039-e059-4433-81fd-d3867d956cbe,http://74fdc.files.wordpress.com/2012/02/considered-boot.jpg,considered,How expensive are those shoes?---Are these shoes comfortable to wear?---What activity are those shoes used for?---Are these shoes expensive?---Was this shoe style successful?,"A shoe has large, white laces and brown materials---A pair of Nike footwear---A brown nike shoe---A brown and white shoe with a Nike symbol on the side of it---A Nike boot made of leather with a gray woven top",,original
abee6e50-37e5-4772-947e-a9ccffc41840,http://famouswonders.com/wp-content/uploads/2010/01/Khyber-Pass.jpg,pass,Did you go on this road?---What road is pictured?---Are there a lot of accidents on that road because it is so winding?---Where is this located?,A winding road that cuts through a mountain pass full of grassy hills---A single car is driving down a winding road through mountains on a hazy day---A truck driving on a back road---A truck traveling on a mountain road---A vehicle is driving along a winding road,,original
4b4bfa57-ef15-42d7-9795-1b4f3b15e459,http://images1.fanpop.com/images/image_uploads/The-Office-Cast-Puma-Ad-the-office-898373_827_1080.jpg,office,Are these celebrities?---Is this a screenshot from the Office?---What is the name of the show where these actors act in?---Is this from an episode of The Office?---Is that the man's girlfriend?,A lady getting helped by a guy while playing indoor golf.---A man helps a woman hit a golf ball---A woman in heels and tight dress being assisted with a putt by a man---A man standing behind a woman as she's holding a golf putter---A man next to a woman using a putting device in an office,,original
582dec4e-5a01-4a63-a692-1476b71536aa,http://3.bp.blogspot.com/-hiKy2Nft-wU/Tfm_5eejBdI/AAAAAAAAFJo/buv7onUuD8o/s1600/maybelline%252Bhypersharp%252Bliner%252Breview.jpg,liner,Is this liner waterproof?---Have you ever used a pen like this?---Are these ultra-sharp pens used frequently by pen artists?---What does a Hyper Sharp Liner do?---Is that makeup?,A fine tip marker with the yellow cap removed---A tube of ink with a felt tip---An eyeliner dispenser---A makeup pen with a sharp tip---A close up shot of a tattoo gun,,original
638288d9-5623-47a1-89c4-c98a2d4e1732,http://www.listadecarros.com/wp-content/uploads/2012/04/Chevrolet-Spark-GT-2012-1.jpg,spark,Is this a new Chevy car?---How much is the car?---Is that your car?---What model car is this?---Is this the new Chevrolet hybrid electric/gas car?,"Compact lime green hatchback Dodge car on white background---A small, lime green car.---A small green two door Chevrolet car---A lime colored two door small car with tinted windows---A small green car",,original
dd058e57-b3f7-46ef-9af9-dc49e19aab17,http://thenetworkingstrategist.files.wordpress.com/2009/04/4-people-talking.jpg,talking,Is this a stock photo?---What are they discussing at the table?---What is their business meeting about?---Who is the guy with the blue shirt?---What is this meeting about?,Two men and two women are sitting at a table talking to each other---Two men and two women sitting at an office desk---Two women and two men discussing business at a meeting---A couple of people in business suits talking around a wooden table---Four business professionals are sitting at a table having a discussion,,original
8a6f26bb-4c8e-4573-9666-0dd20e200ae8,http://4.bp.blogspot.com/-5doxvJaW5mw/UgYiwd5XbwI/AAAAAAAAAUY/jEndpz9mfLU/s1600/Humming+Bird+Desktop+Wallpapers+%25283%2529.jpg,humming,What flower is that hummingbird eating from?---What kind of flowers is that hummingbird eating out of?---What kind of bird is this?---What type of flower is that?---What kind of flower is the hummingbird sampling?,A green and bright pink humming bird gettin nectar from a purple and white flower while hovering---A hummingbird feeding on a flower---A hummingbird drinking from a purple and white flower---A hummingbird eating from a flower.---A colorful hummingbird getting food from a pink flower,,original
d12d50a9-3c36-4974-8fe3-b18679e24183,http://drewsadventures.files.wordpress.com/2010/04/bldg-permit.jpg,permit,"What is Andrew Rowland adding to his home?---What kind of addition is being added to the home?---How long did it take to obtain this permit?---How long did it take to finish the building?---What was addition, that was added to the home?","A building permit for April, 2010---A building permit---Building permit for addition to a home---A building permit---A piece of paper that has the words BUILDING PERMIT printed on it",,original
0541e3fb-9b79-4f83-be5c-c802229e0b18,https://c2.staticflickr.com/8/7155/6838596923_4586cb988b_z.jpg,quickening,What city was that in?---How much zoom was used?---What time of night was this taken?---Why are there no stars visible?---What is the shadow on th eleft?,The full moon glowing on a clear night---A full moon on a clear night---The full moon shines brightly on a dark night.---A perfectly round and brigh moon in the night sky---A full moon on a black night,,original
8ece9444-2bb4-4687-8bb2-4e14c71b4fa8,http://redslipperdiary.files.wordpress.com/2010/01/weeping.jpg,weeping,How old is that tree?---Where is that tree?---What kind of tree is this?---What kind of tree is that?---What kind of tree is this?,A weeping willow tree---large weeping willow tree growing out doors with the sun shining behind it.---A willow tree glows from the sunlight.---A tree full of Spanish moss next to a body of water---A willow tree,,original
8abc070f-6c3b-4e36-a2cf-c7a81acc26af,http://www.bramdewijs.nl/wp-content/uploads/2012/10/IMG_2331.jpg,hamming,How tall is he?---What is the structure in the background?---How old is this man?---Is this guy a model or a singer?---What is that strange tower in the background?,A man in a jacket and black pants stands in a field---A black and white photo of a mn---A man standing in a barren industrial sector---A man stands in front of a circus---A man standing in the middle of a parking lot in a town,,original
1bfc1d27-3660-439a-995c-cb771ca42d3f,http://janedata.files.wordpress.com/2008/06/img_0821.jpg,grapevine,Whose tree is that?---What kind of plant is that?---What type of grape plant is this?---What kind of plant is that?---Is that your back yard?,A plant outside a house grows over a fence---An overgrown bush---A vine creeping on a fence---A green vine plant growing on a trellis---A bush that is full of green leaves that reach over a wooden fence,,original
da5390f8-cc8e-465e-be10-0a4b79e35f36,http://graphics8.nytimes.com/images/2013/06/25/world/France2/France2-superJumbo.jpg,resuming,What town is this?---What is the population of this township?---Is this picture taken in Nova Scotia?---What town is that?,A small french town---An aerial view of a town---A bay is lined with small colorful houses---A city that is next to a body of water with hills---A small town with brightly colored houses situated near a body of water.,,original
a44dba41-db68-4f53-98e8-bc709d8bf73c,http://image.made-in-china.com/2f0j00yevQjbDWEqof/Centrifugal-Water-Pump-CPM76-.jpg,pump,What kind of machine is that?---What is the purpose of this device?---What does this item do?---What is this machine used for?---What type of motor does this fit in?,A blue water pump---A blue water pump---a blue piece of machinery---A blue part to machinery---A blue colored piece of equipment that has a meter on top of it,,original
1b7d9a6f-31c8-40bd-b211-e0cd350ed541,http://images.fineartamerica.com/images-medium-large-5/plodding-through-the-snow-sue-smith.jpg,plodding,How much does the animal weigh?---Is that a buffalo or a bison?---Are there lots of buffalo there?---What kind of animal is this?---What sort of animal is that?,bison standing in snow with pine trees in background---A bison walking through a snow covered landscape---A yak walks on a snowy land---A buffalo poking its snout in the snow---A bison walking through the snow,,original
b6a665f9-02e1-4466-b69f-229c659a7259,http://www.xoutpost.com/attachments/x5-e70-forum/50005d1308376887-murdered-out-e70-e70_05.jpg,murdered,Why does the car have a dent in it?---Is that your car?---What model SUV is that?---Is that a brand new car?---What year is this BMW?,A black SUV with black rims on a driveway---An SUV parked in a driveway---A beautiful black car is parked before a white building---A black colored utility vehicle parked in the driveway of a house---A black SUV parked in a driveway,,original
a8e16be3-0703-42aa-a62b-26d5aafe7f06,http://inapcache.boston.com/universal/site_graphics/blogs/bigpicture/hiroshima_08_05/h29_19773763.jpg,nuclear bombing,What caused that building to fall?---Why is the building destroyed?---What caused the destruction?---How was this town destroyed?---What caused all this destruction?,A man standing in the middle of a rubble next to a destroyed building---A war-ravaged city---A man standing in ruins of a building.---A man walks through a huge pile of wreckage looking at a destroyed building---A man standing among the ruins of a city,,original
02ee0b96-c076-45e7-b150-7128400c602c,http://olfactoryobsessed.files.wordpress.com/2011/12/campfire-pic.jpg,campfire,How long did the fire burn?---How much smoke is coming off of this fire?---Is that a camp fire or fire in a fire place?---How hot does the bonfire get?,tall fire burning at night inside of a fire pit---A camp fire at night---A small campfire roaring up through the firewood---A small campfire---a beautiful Bonfire,,original
e0e167a6-aa71-4d7f-b14f-0e2a49f352c0,http://static2.businessinsider.com/image/5584675a69bedda65c796a76/hate-wont-win-victims-families-confront-suspected-south-carolina-shooter.jpg,suspected,Who is he?---Who is this convict?---Do you think he was responible?---What crime is he accused of?---Why are the men in the background wearing bullet proof vests?,A man is standing in front of two other armed men---The South Carolina church shooter stands in front of guards.---A young man in a striped outfit stands in front of two other men in combat gear.---The shooter from South Carolina behind tow police officers---Officers in SWAT garb behind man with downcast face wearing striped top.,,original
1545d5e2-9573-43e3-a303-5a3d21796751,http://media.hamptonroads.com/cache/files/images/1552161.jpg,brush fire,Was this set on purpose?---Was the fire out of control?---How did the fire start?---what started the fire?---How did the fire start?,a fire burns with a fire truck nearby---A field of crops are being burned.---A fire with brown smoke rages in a field with a firetruck nearby---A wild fire burns with a fire truck to the left---A large fire in a field,,original
672e4a2e-28f5-4ef7-8b65-a428dd5e0858,http://media3.onsugar.com/files/2014/03/27/612/n/1922398/3c70c9c84e94c979_129532362_10tkrigb.191ratio/i/Stephen-Dorff-kept-simple-red-carpet.jpg,kept,When is this guy's birthday?---Is he your favorite actor?---How old is the actor?---What is the name of this actor?---What event was this at?,A man poses for a photoghrap---A male celebrity poses in front of fashion logos.---A man in a suit is at an event.---A man in a suit posing for pictures---An actor standing in front of a banner wall at an event,,original
e977964f-7a3e-4356-becc-9baebdf464f8,http://www.roger-pearse.com/weblog/wp-content/uploads/2011/07/aphrahat_parcel.jpg,parcel,What is inside of this package?---Do you have any idea what is in this package?---Was that package badly damaged during it's journey?---Did this come through the mail?---What is inside the package?,"Book parcel with labels, wrapped in brown paper and string, on a brown woodgrain surface---A brown mailing package tied up with twine---A package that is wrapped in a brown container with ropings---A damage package wrapped in twine---A package that has been delivered by mail",,original
a513964e-4e94-4ad9-91da-60bd13c05a2f,http://www.bolumrehberi.com/images/tv-show/The-Office/the_office_wallpaper_1600x1200_3.jpg,office,Who is the guy in the green suit?---Which episode is this taken from?---How long did this show run on tv?---What is this a scene from?---What year was this photo taken?,The cast of the show The Office---The cast of the Office posing with paper---The cast of The Office poses in an office setting---A group of people inside of an office room with stacks of paper---A group of coworkers gathered in a small office,,original
b39565ff-870d-4fd5-965a-4dca9024670b,http://rewardsnation.files.wordpress.com/2010/06/waking-up.jpg,waking up,How loud is this alarm clock?---What brand of alarm clock is this?---What is his name?---Is he hitting the snooze button?---How many hours did he sleep before the alarm rang?,"A person reaches to turn off the alarm clock---A man reaching out to a yellow faced alarm clock---A man, laying in bead, reaching his hand out towards an alarm clock---A man reaching for an alarm clock---A man reaches for a manual round alarm block.",,original
961dde71-3bfc-420b-bcf5-b8594234e736,http://www.teamsandtastic.com/Proposals/SouthBeach-Proposal%2B.jpg,proposals,Is the engagement ring burried under the sand?---Did she say yes?---Isn't that a beautiful way to propose?---Was that professional made?---How long did it take to make this sand proposal?,"A sandcastle engraved with a marriage proposal in front of the ocean---A sand sculpture with two hearts and a ribbon design with the words ""will you marry me Tay?""---A sand structure with the words WILL YOU MARRY ME TAY? on it---sand sculpture with will you marry me tay written on it---A sand castle with a marriage proposal inscribed on it",,original
133b0bee-5213-4bd8-95eb-bfee350d55df,http://mertongreen.synthasite.com/resources/coffee%20005.jpg,group action,Are these people related?---Is everyone here related?---Are they all related?---Are they all related?---Who is the little boy?,A family posing in front of a chain link fence---A family is grouped together for a picture.---A group of people pose for a photo---group of people standing on pavement in front of fence together---A group of people stand on a road in a suburban area,,original
67dcd08c-a264-4694-a60a-20e2c32b30db,http://dante15.files.wordpress.com/2012/02/long-shot.jpg,long shot,Did you go to Washington D.C.?---What is the name of the white building?---Is that the capital in the background?---Did you go to D.C. on vacation?---Whats the average temperature their this time of year?,"Image of a building and a pool---A water feature near a monument in Washington, cars parked to the side---A capitol building off in the distance---The white house---Steps next to a man made lake",,original
f22158a8-5e27-4ba3-b18f-a055e386e423,http://matzav.com/wp-content/uploads/2015/08/planned-parenthood.jpg,planned,Did you attend this rally?---Did a man make that sign?---Who organized this event?---Why did they throw the sign on the ground?---Was that at a protest?,A red and white defund planned parenthood sign---Some people standing next to a sign on the ground that says DEFUND PLANNED PARENTHOOD---A Defund Planned Parenthood sign on the ground---A sign on the ground---A leg in jeans wearing blue slippers next to a sign proposing the defunding of Planned Parenthood,,original
054f4d50-8e89-4da5-8607-fcd2d4fffc20,http://www.fly-fishing-discounters.com/images/permit-2.jpg,permit,How does this fish gets flourescent?---What type of fish is this?---Isn't that a magnificent looking fish?---What kind of fish is this?---What kind of food dose this fish eat?,A turquoise fish swimming in the water---A silvery fish swimming in the sea---A rounded fish with a wide pointed tale swims over rocks---A fish swimming in the ocean---A blue fish swimming in the blue ocean with planes on the floor,,original
958e8572-c2ac-45ec-a725-25a1ec46b41e,https://vitaminad3.files.wordpress.com/2014/07/blood-pressure.jpg,blood pressure,Does this patient have health problems?---Was your blood pressure ok?---Does this person have high blood pressure?---was his blood pressure normal?---What is the blood pressure results?,patient getting blood pressure taken---a person getting their blood pressure checked---A person is having their blood pressure taken by a doctor.---A doctor checks a patient's pulse---A doctor checking on a patient's blood pressure using a device,,original
6883861f-142e-4d55-b13a-95f967293c6a,http://4.bp.blogspot.com/-b9MSMw6Fw9s/UnQ46mjOvrI/AAAAAAAAE2k/rM45WZGq3eM/s1600/vee+berth+workshop2.jpg,berth,What is stored here?---Is this a secret room?---Which tools are the most useful?---Is this your work shop?---Did you remodel?,A storage closet filled with tools---Inside a room with wooden cabinet doors and shelves with some items on the desk---A small room with wooden cabinets and red boxes---A small triangular room with wood drawers and cabinets---Inside of a small room with tools lying around,,original
47322af0-2fb8-4b6f-b837-97515fc6cffc,http://www.aquaair.net/REFRIGERATION-1c.jpg,refrigeration,What is it used for?---Is this some sort of fan unit?---What does this machine do?---What does this machine do?---What sort of apparatus is that?,"Tanks attached to a fan, possibly an air conditioner, painted white.---An old refrigeration unit---A cooling unit---A white machine with tubes and tanks---A white piece of equipment with two tanks",,original
8550291c-7157-4b99-8918-ecde10522103,http://files.prokerala.com/news/photos/imgs/800/lucknow-a-jet-airways-aircraft-being-welcomed-240031.jpg,welcomed,Why are they shooting water over the plane?---Why are the firetrucks spraying water on the plane?---Are they deicing that plane?---Who was the retiring pilot?---Why are there two hoses spraying water around this airplane?,Airplane on tarmac under arc spray from either side by firetrucks---Firetrucks shooting water over a plane---A plane parked in the runway with two fire hoses sparying water besides it---two water trucks spraying over an airplane---An airplane is being washed,,original
56817f05-e44d-4f4f-8ed5-c6515fbfc020,http://oneinabillionconsulting.files.wordpress.com/2010/10/happy-group-participation.jpg,group participation,Was this a party at your office?---Are they celebrating something?---Was the office party lots of fun?---Why is the man in the middle clapping?---Who are they?,"Four people standing for a presentation---Four people dancing---A happy, diverse group of four people.---Four people standing up, all are smiling---Four people standing in a room with balloons and palm tree decor behind them",,original
b13ac8c1-faa2-4591-bf63-2fafba31e04f,http://www.aaroads.com/california/images089/ca-089_nb_monitor_pass_004.jpg,pass,Where is this mountain road located?---Has anyone been hurt by rock and snow slides in that area?---What is the temperature of this location?---What state is this in?---What country is this in?,"A road that cuts into a rock filled mountain pass---A road through hills with a yellow sign warning of rock and snow sliding---An empty stretch of highway in the desert.---A desolte road through hilly terrain, a yellow road sign to the side---A rock slide area",,original
c8b02612-1343-4b5c-aaf3-926e57a40c27,http://www.fwweekly.com/wp-content/uploads/2012/10/METRO_1-1024x683.jpg,brought,"I don't care much for that bracelet, do you?---How much did that bracelet cost?---Is this your necklace?---Is that real gold?---Is that real gold?",A golden necklace with the name Avery---A gold chain with Amy written in diamond script---A piece of personalized jewelry---A necklace with a name on it---A piece of jewelry that has the word AMY on it,,original
1bc8f7de-f0cb-43bf-8e0a-be77a1d4edcc,http://thefilmstage.com/wp-content/uploads/2012/04/On-the-Road-9.jpg,on the road,Who is he?---What book is the man reading?---What book is he reading?---Why is he facing backwards?---What is he reading?,man sitting in front seat of car backwards reading a book on a sunny day---A boy reading a book in an old vehicle---A man sitting inside of a car with his legs on top of the seat---A man is sitting in a car reading a book.---A man sits in a car while reading a book,,original
d73b17bd-2f1b-41b9-a0f4-206bf9a4daf8,http://2.bp.blogspot.com/-iGge5FfXFhY/T3eeshyE8UI/AAAAAAAAAQk/VfZnAIVJL5c/s1600/20110103195604_firststeps.jpg,first step,Is he really the dad or did she cheat on him?---Are this that baby's first steps?---How old is the kid?---How old are kids when they take their first steps?---Is that their first child?,Two adults and a child are playing in the grass on a fall day---A toddler walking between a man and a woman---A couple and their child are playing in a leaf covered area---A man and a woman playing with their kid on a grass yard---A baby walks from its father to its mother,,original
9722d65f-14bc-4784-8a89-ce08a74b787e,http://4.bp.blogspot.com/-og6bM95eloc/UftGSJxl64I/AAAAAAAAASE/HQWYjC1FQjE/s1600/Blood-pressure-sleeve-closeup.jpg,blood pressure,What was the blood pressure?---Was the blood pressure high?---What is the technical term for this kind of cuff?---What was the blood pressure reading?---What is her blood pressure?,A doctor checking a patient's blood pressure using a device---A doctor is taking a patients blood pressure---A medical professional takes a persons blood pressure.---A person has their blood pressure taken---A blood pressure test,,original
8437fdf1-123f-436d-9fbd-38314a5f9439,http://www.cirrusimage.com/Trees/weeping_katsura_1.jpg,weeping,Is that a grape tree?---How tall is that bush?---How old is the tree?---What kind of bush is this?,Shrub or tree with dense branches of green leaves trailing to the ground---An out of control bush---A large green over grown tree---A green tree with branches bent to the ground---large green bush,,original
2611a9a0-c522-40ee-a6bc-7efe159105e5,http://www.diyinspired.com/wp-content/uploads/2012/03/Replacing-a-Light-Fixture-2.jpg,replacing,Does the room have AC as well?---How fast can that ceiling fan spin?---Is that inside your house?---What kind of ceiling fan is that?---How much is that ceiling fan?,The ceiling of a room with fan attatched---A ceiling fan that is not being used---A brown ceiling fan with lights is stationary.---A ceiling fan---A ceiling fan that is turned off.,,original
81721623-d4e5-4fe6-adf9-138acc93db18,http://theotherpress.ca/wp-content/uploads/2013/04/NEWS_Pilot-Program-1024x681.jpg,pilot program,Do you like Tom Cruise?---How old was Tom Cruise during this film?---What movie is this from?---Is that your favorite movie?---How old was Tom Cruise when he did this role?,"Tom Cruise in a pilot uniform sitting inside of a jet plane---Actor Tom Cruise giving thumbs up sign from cockpit in scene from movie, with American flag background---Tom Cruise in a plane---A movie still promo shot from the film ""Top Gun"" with Tom Cruise---Tom Cruise as Maverick giving a thumbs up",,original
5bad358b-820f-4fc5-a7fa-cb28bfbbfa5a,http://theaestheteandthedilettante.files.wordpress.com/2013/09/dsc_0548_2.jpg,bonfire,What are they buring?---What structure is burning?---How hot can a bonfire like this get?---How high is the tallest flame from the burning fire?---How long did the bonfire burn for?,A huge bonfire in a flat area with flames taller than the tree---A large fire outdoors---A large bonfire is burning at dusk---A giant bonfire burning in the middle of a grass field---A large bonfire,,original
b0196bef-da22-494b-b4f1-719432ec2975,http://barrywallace.files.wordpress.com/2010/09/communion.jpg,communion,Was this a shot to practice your skills?---Are these real food in the picture?---Is that real or fake food---Is that a real gold cup?---Do you love fresh bread?,"A gold cup next to some pieces of breads and grapes---A painting og bread, wheat, grapes, and a chalice---A cupe, some bread, some grapes, and some what---A goblet next to some bread and grapes---bread wheat and grapes by a wine cup",,original
83550008-80d7-40de-a2a3-1c3cb5ad9148,http://static5.businessinsider.com/image/51f11ba0eab8ea677a000010/this-behind-the-back-double-play-that-the-rays-turned-last-night-is-gorgeous.jpg,double play,Do you think he caught or fumbled the baseball?---What was the final score?---What team is this?---What type of play is this?---Which team is winning the game?,A shortstop going after the ball around second base---A baseball players chasing after a baseball while some other players run around---umpire running between two baseball players to follow the play---Baseball players are playing a game---A baseball player tries to catch a baseball while two other players run.,,original
11922404-48ab-42a4-b549-0dbf90165c91,http://onemansblog.com/wp-content/uploads/2008/02/vietnam-man-pulling-cart.jpg,pulling,How much does the cart of stuff weigh?---How heavy is that cart?---What is he transporting?---What is in all of those boxes?---What are in these boxes?,A man pulling several boxes on a hand truck---Asian man pulling hand cart loaded with boxes on street---A man carting several boxes---A man pulling a cart full of yellow boxes on it---A man carries a ricochet of boxes.,,original
5a718b9a-ede7-498e-9bd6-c35dbc536cf0,http://piewithsparkles.files.wordpress.com/2013/01/spent-grain-flour.jpg,spent,Is spent grain flour a healthy type of flour?---What is the best method for consuming these grains?---What is spent grain flour?---What kinds of grains are in this picture?---What is that for?,A white plate full of flour and grain on top of it---Flour and chaff separated on a plate---A plate of spent grain flour---A plate of brown colored spent grain flour.---A white plate with spent grain flour where half is grain and the other half is husks,,original
f7e27967-4413-47ab-808c-4996472b0d58,http://data1.ibtimes.co.in/en/full/570782/baltimore-mother-hailed-mother-year-after-she-catches-masked-son-rioting-after-freddie-gray.jpg,hailed,Did this happen in Baltimore or Ferguson?---Should this parent win award for making a attempt to prevent her son from rioting?---Is the interaction a friendly dispute or something else?---What is the relation between the man and woman?---What were they fighting over?,"A woman in yellow fights with a man in all black---Two people get into an altercation next to a fence, while others look on---A woman in a yellow shirt hitting a man in black wearing a ski mask as he tries to steal her purse---A woman grabbing a man outdoors next to other groups of people---A woman defending herself from a sexual assault",,original
ea9cd6c4-49cf-4a38-b5f7-cfdbfd09f0c1,http://static3.businessinsider.com/image/5183d220ecad04ca7e00000e/isis-demanded-a-132-million-ransom-payment-before-it-killed-james-foley.jpg,demanded,What is he conveying with that gaze?---Is this man famous?---How old is this man?---Will you go to a movie with me?---What is he looking at?,A man with his face partially in the shadows---A man stands in the shade and poses for a photograph---A man with his face in partial sunlight---A man posing in front of a brick building---A man looking at the camera,,original
b9111485-7330-4ecf-91ed-b6101623c6ba,http://www.abideinchrist.com/missions/smallgroupparticipationtena.jpg,group participation,What were they talking about?---What are they talking about?---What are they discussing?---What are they all reading?---Are they in a book club?,A group of people in a circle discussing things---A group of people sitting in white plastic chairs arranged in a circle---A small group sits in a circle---A group of people sitting on white chairs inside of a room---A group of Hispanic adults sit in a circle.,,original
6f57507e-42fa-4646-a776-895ed4681dd8,http://www.chrislegg.net/media/i/venue/the-landmark-hotel.jpg,landmark,Is this photo of a hotel?---What kind of building is that?---How do they grow the palm trees indoors?---Is this in Miami?---Are those palm trees real?,"A very large u shaped building---The outside of a hotel with palm tress by the entrance---The courtyard of a very large and pretty building---A court yard with palm trees, possibly a hotel.---The interior of a luxurious hotel with many floors visible",,original
15fbfb5f-be18-440c-87ff-97a25c3171ec,http://photosbyaerykah.files.wordpress.com/2012/08/img_2876c.jpg,snow,What is the current temperature of the environment in this scene?---How many inches of snow did they get?---Did you see any other cars on the road?---Where is this road?---Where does the road lead?,A snow covered road---A forest and road that is full of snow during the day---A snow covered road with snow covered trees lining it---A road scene with overhanging trees on a snowy day---Snowy road lined with snow-covered trees,,original
971560ad-6eff-495e-a4fa-b783a0eee630,http://cdn.c.photoshelter.com/img-get/I0000ALBSOKKdFEk/s/850/850/Pealing-Paint-Waipio-Valley-3.jpg,pealing,What type of material is behind the paint?---How old is the building?---What kind of wood is that?---What is this a picture of?---Is that peeling tree bark?,Paint peeling---A brown and blue wall that is full of chipping an rust---Paint peeling from a wall---A multicolored wall with many protruding rough and uneven shapes---Paint pealing off of a wall,,original
9eaada5d-8b60-48d1-beed-f43e1ebf1bf7,https://ardfilmjournal.wordpress.com/files/2009/01/searcherssnowxls.jpg,long shot,Are these people walking across a frozen lake?---How far can the horses travel?---Where are the people traveling to?---What kind of animals are they riding?---How do the horses' feet keep from freezing?,"Three aniumals cross a frozen tundrah---Two men riding horses, pulling a third horse across a snowy tundra---People on horseback travel across snow.---Three horses with riders marching across a snowy field---Two people ride horse in the snow with another horse carrying things",,original
7694f252-f8f1-4ece-a3d1-d09a97e8ebb8,http://images4.fanpop.com/image/photos/22200000/Spike-Season-6-Promos-spike-22268554-2067-2560.jpg,spike,Is that Spike from Buffy?---Is that a famous person?---What's his name?---Is he married?---Why is this man so pale?,A blonde man wearing a black shirt and gold necklace---A man with blonde hair---A man with bleached blonde hair wearing a black shirt---A man poses for a photograph while wearing a black shirt and gold chain---A blonde haired man with a black shirt,,original
248fe64f-5426-4cd9-a03d-52e0de532696,http://ustreetgirl.files.wordpress.com/2009/05/building-permit.jpg,permit,Why was a picture taken of this permit?---What are they building?---Was the building completed?---Why do you need a building permit?---What type of room is this permit for?,building permit hung outside with blue tape and nails holding it in place---A piece of paper with different texts and printings on it---A signed off on building permit.---A building permit---A building permit,,original
405843eb-7d09-462f-b86b-4727f4467850,http://preciousbloodspirituality.org/files/art/path.jpg,path,Where does this trail lead to?---Did you follow this trail to see where it goes?---Where do those steps lead?---How do you build a stepped path like this?---Where do these steps go?,A narrow path in a forest with stone craved stepping paths---A rocky path through a forest---A trail through the woods---A pathway with occasional stone steps in the woods---A dirt and stone-stepped walkway through the forest,,original
6e2fed6d-4164-47fc-b1a2-956b96b4c130,http://andsometimesicook.files.wordpress.com/2010/11/bacardi_party_punch_hi-res.jpg,punch,What kind of punch is that?---What kind of drink is that?---What type of alcohol does this drink contain?---Is there alcohol in that punch?---What is in those drinks?,A bowl with liquid in it next to two shot glasses with liquid---A glass bowl and two smaller glasses filled with liquid---A punch bowl filled with an exotic drink next to two glasses of the same beverage.---A cocktail bowl and two glasses---A bowl of punch with some citrus slices and two glasses next to it,,original
314d3e66-3781-49f2-80da-1d1b7191e9bb,http://www.hypergridbusiness.com/wp-content/uploads/2010/05/dshiao_headshot2.jpg,face,How old is the man?---Where does that man live?---Who is he?---Is he related to you?---What nationality is this guy?,headshot of amn smiling---A man who is smiling and wearing a green shirt and gray jacket.---A man in a suit smiling---A man posing for a profile photo---An Asian man smiling while wearing a sports coat and blue dress shirt,,original
8ae279f1-6bcb-46d6-addb-e74878a4a0e9,http://www.awam.org.my/web/wp-content/uploads/2012/11/feature-advocacy.jpg,group action,How long do these people have to march for?---Was that a one time rally or is it yearly?---What are these people protesting?---What event are these people gather for at?---What language is that sign in?,A group of people holding a large banner sign during an event---A large group of people holding a banner in a parade---A march of people holding a banner---A group of people holding up a sign---Group of women walking in a parade holding a large sign in front of them,,original
97481c22-dc5a-4875-ab7e-3f006904ffb2,http://o2maxfitness.com/wp-content/uploads/2014/03/squatting.jpg,squatting,How long has he been weight training?---How many pounds do you suppose it are on those weights?---How many reps can the guy do with the weight?---How much weight is he lifing?---Does he lift professionally?,Did not load---Did not load---Did not load---Did not load---Did not load,,original
1072fb00-bbf6-48ca-bb5f-0b2b4c863049,http://www.patspizzazzfurniture.com/71400-87.jpg,reclining,What is the couch made of?---Is the sofa made of real leather?---Does this couch recline?---What brand of couch is that?---Is this couch made of real leather?,A brown sofa with three sections---large brown plush sofa---A brown couch---A brown couch---A brown leather three seated sofa,,original
c47a88c2-a55a-4289-849d-0a8467637554,http://2.bp.blogspot.com/-OCZxrEMbg6U/UO-t0Hb0G3I/AAAAAAAADb8/SZ_RwBHGEeY/s1600/13704_539139576096574_94215931_n.jpg,blocking,Are they all related?---Who is the lady with the hat on?---Why are those ladies hanging out?---Why are the women dressed up?---Why is one wearing a hat?,A group of women in colorful middle eastern attire---Women from Muslim community is giving pose to a photographer inside the room.---A group of women dressed in colorful dresses inside a building---Five women standing in a row wearing bright colors---A group of young woman in colorful dresses and hijabs stand for a picture.,,original
a806aaa0-0cd2-4c2a-9271-deb78808ea0c,http://www.indymedia.ie/attachments/jul2006/in_memory_of_those_who_died.jpg,died,Did someone die at this spot?---What are the people mourning?---Why are those flowers on the ground like that?---Was this some type of ceremony?---Did someone die at that spot?,"White staining and flowers on the pavement surrounded my people, only visible from the knees down---Legs and feet of people standing around flowers placed on the sidewalk---A group of people stand around a bunch of flowers on the floor---People standing around flowers on the ground---People surround s spot on the sidewalk with a bouquet of flowers on it",,original
43e35a43-1655-4740-8d4b-e8707cd0794c,http://static1.businessinsider.com/image/55bc2e30371d2212008bbe7d/donald-trumps-companies-sought-visas-to-import-at-least-1100-workers.jpg,sought,Is this man's hair real?---What is wrong with his hair?---Are you going to vote for Hillary Clinton?---Why does he look so tired?---Do you support his political views?,Donald Trump---Donald Trump looking solemn---Donald Trump with his mouth closed---Donald Trump---Presidential nominee Donald Trump with a black suit and white dress shirt,,original
9a654735-93c7-4a6c-b21f-64ce50d714fa,http://4.bp.blogspot.com/-3cQYYafsMw4/TZh-CrmOZLI/AAAAAAAAAEE/HdAY99luohE/s1600/nimbostratus-001.jpg,rain cloud,Did it rain that day?---Is it about to storm?---What kind of clouds are in the sky?---How high are the clouds in this picture---Did is storm bad?,Gathering clouds over a line of trees---Rolling gray clouds above a forest---The sky is completely covered by dark clouds.---Clouds moving over tree tops---A cloudy and stormy sky overhead a treeline,,original
93777143-4a67-4604-aba0-7b3bfcc76375,http://overthemaze.files.wordpress.com/2011/11/door-closed-w-little-boy.jpg,closed,"How old is this child?---It makes you want to help him open the door, doesn't it?---How old is he?---Aren't those wooden doors too heavy for that kid to open?---Why is this child trying to open the door?",A young boy reaching for a large door---A little boy reaching out to door handles near a building---A child trying to open a door---A young child trying to open two wooden doors---A little boy reaching for double door handles,,original
ff21ed82-e9f7-4d8f-b681-02ca6071c117,http://2.bp.blogspot.com/-bJDzexFksA0/UQIJ2rq9ZgI/AAAAAAAAFe4/Lbiz8kET-AQ/s1600/wpid-000031061.jpg,breaking up,Are these two people a romantic couple?---What is going on with the couple?---Is that a man or woman in the background?---Who is the man in the background?---What is her name?,"A woman holds her head as a person walks away---A young woman has her hands in her hair, a man stands in the distance---A dark haired woman wearing black with her shoulder exposed has her hands around the back of her neck---A woman adjusts her hair with her hands---A black and white photo of a woman with a man off in the distance",,original
07d67065-6f3c-4b72-a70d-9dcb7f551ad8,http://th07.deviantart.net/fs71/PRE/i/2010/287/b/6/rushing_water_02_by_legacyxi-d30s4fv.jpg,rushing,Is this were you caught the fish?---What stream is this?---Where does the river go?---What creek is that?---Can people raft on this river?,A rushing river---A rapidly flowing river running through a forest with rocks on the side---A very fast flowing river in the middle of the green forest---A small stream with dense trees on either bank---A river running through some trees,,original
d5ef40b2-cb4a-4584-b598-d785e35bda24,http://lovemybeanies.com/wp-content/uploads/2014/03/aware.jpg,aware,Does this toy get played with very often?---What is the name of that Beanie Baby?---What year is the beanie baby from?---Who was that for?---Is this pink bear for sale?,A pink beanie bear---A pink bear Beanie Baby---A beenie baby---Pink bear bennie baby---A beanie baby,,original
eab6f6ee-3329-4e55-98a8-1eb74c8afe97,http://3.bp.blogspot.com/-R6Z9fbyqa3A/VD_sY7NgomI/AAAAAAAAACk/Lk2c1ES0Re0/s1600/Cold+Weather.JPG,cold weather,Who built the snowman?---How long did he live?---Who built the snowman?---Did a child make this snowman?---Did it stay cold enough to keep the snow man frozen for a few days?,A snowman wearing a scarf with sticks for arms.---A snowman wearing a scarf---A snowman with a black scarf in a snowy field---A snowman with scarf and stick arms---snowman with stick arms and scarf,,original
1c86dccc-06a1-4441-bebd-a05fc409bd19,http://4.bp.blogspot.com/-UW1to09qQf4/UQa-6YU3mTI/AAAAAAAAAMw/5AGUt7pWzcQ/s1600/extreme+long+shot.jpg,long shot,Are all of those people in the lifeboats okay?---Why are they in that little boat?---What boat is that?---Is that the Titanic?---Is this scene from the movie Titanic?,A small rowing boat near a giant vessel in the ocean---Two row boats rowing away from a ship with icebergs around them---Several boats can be seen at sea---A rowboat leaving the titanic---A rowboat leaving out from the cruise liner,,original
876ca191-f211-4227-839d-197591673561,http://i.huffpost.com/gen/887848/thumbs/o-MARRIAGE-PROPOSALS-facebook.jpg,proposals,Did she say yes?---How old is the man proposing?---What is her name?---What type of ring did he buy her?---Did she say yes?,A man is on his knees proposing to a woman.---A man proposes to a woman---A man is down on bended knee purposing to a woman---A man kneels in front of a woman in a white dress---A man proposing to a woman,,original
56ee19cd-e8e6-4992-a527-49e0f93a3e5b,http://www.davidgagne.net/images/me/scottsdale.golf%20047.jpg,golfing,Have you golfed here before?---What golf course is this?---How far did she hit the ball?---How long is this golf hole?---How far did this person's golf ball end up going?,A person drives the ball on a golf course---A woman teeing off a golf tee.---A woman tee's off on the golf course---A golfer in a blue shirt with a red cap swings a club at a golf course---A golfer on the backswing driving the ball across sand and a pond,,original
afba9dce-6e72-4caa-9a5c-c4c0b12d9622,http://pbsministries.files.wordpress.com/2013/10/reap-what-you-sow.jpg,reap,What kind of seeds are those?---What did you do with the grains?---What sort of crops are pictured here?---What does he have in his hands?---Where is this field?,hands of a mna jholding wheat in wheat field---A person with a hand full of seeds---A pair of cupped hands full of freshly picked grains from the plants below---Hands holding grain in a green wheat field.---Two hands are cupping grains,,original
a1999e55-976b-4e0f-8075-63dfe5715dd5,http://kevinperelmantarget.files.wordpress.com/2013/05/rear-tire-slashing.jpg,slashing,What caused it?---Did you run over a nail?---What caused the flat tire?---What are those things that look like marshmallows by the tire?---What type of car is this?,Did not load---The right rear wheel of a car parked next to a curb---A car tire is low on air pressure and surrounded by twigs and leaves---A blue car parked next to a curb---A blue car with a flat tire,,original
2697f8ad-7ada-44c9-a7c2-6b5312b58e2a,http://images4.fanpop.com/image/photos/20100000/Damages-Season-2-rose-byrne-20155339-2101-1331.jpg,damages,Do you know if she is an actress?---Who is she so suspicious of?---What country is the actress from?---What actress is that?---What is her name?,A young woman standing beside a modern artwork---A woman with a back top standing next to a wall inside a room---An attractive woman standing in front of a painting---A woman with brown hair poses in front of a painting---A brown haired woman in front of a modern abstract painting.,,original
e7f4796d-91ca-47a6-9ae2-e613d8d4ef0b,http://eggplantandolive.files.wordpress.com/2012/04/dsc_7269.jpg,tea party,Is any crumpets being served with the tea?---In what type of setting is this tea stand located?---Did you have tea there?---How much does this tea set up cost?,tea pots and  beautiful flower with card on a table---A wooden tray with a tea set set-up on it---A tray of tea and cups with flowers around---A white tea set on a wooden tray---A tray that is full of things like pots and cups on it,,original
a502af26-f7ed-4dea-88e3-bc7b27d19f7d,http://images.fineartamerica.com/images-medium-large/backbend-miss-bendy.jpg,backbend,What type of dance does she do?---What kind of dance does she do?---How old is that woman?---What is the pose called?---Is she a professional dancer?,A woman on the floor in a stretching type of pose---A woman with her legs pent underneath her and her arms reaching above her---A dancer in colorful dress and difficult pose---A woman is dancing---A woman in a green floral dress in a dance pose,,original
434755af-9e53-413d-9c24-32727d2588d2,https://jthomasross.files.wordpress.com/2012/07/2-storm-clouds-over-va-july-14.jpg,storm cloud,Did it end up raining?---What is the chemical makeup of these types of clouds?---Is there a storm coming?---How was the weather that day?---Did it end up raining after the picture was taken?,A grey cloudy sky at sunset of a scrubby forest---A cloudy sky---Clouds in the sky---Clouds moving above bushes---A bunch of clouds in the sky over a field of trees,,original
b26f3ac5-1254-463b-a0d2-5bafaba97cef,http://mifili.pl/1216-thickbox_default/paso-doble-lozeczko-120x60.jpg,paso doble,Is that made for two babies or is that storage room on the bottom?---Who's nursery is this?---What type of crib is this?---Why didn't the image load?---Is the baby a boy or a girl?,A crib in a nursery---A babies crib with draws and a chair sitting next to it---Did not load---A white crib with cabinets on it inside ofa  room---Did not load,,original
4f03fd5d-cb1b-4c67-bda1-0bd9e4cabf2f,http://www.gannett-cdn.com/-mm-/7e1d465ca2e1cc5f70e9cf6cf32d3d8d677f6822/c=490-0-2573-1177&r=x1803&c=3200x1800/local/-/media/2015/03/04/Cincinnati/Cincinnati/635610838998475039-IMG-0036.JPG,unearned run,Do you think that the pitcher will strike out the batter?---Does he end up sending someone out?---Is he the teams best player?---What do you call that pitching grip?---How long has he been on the team?,"A pitcher above to throw the ball---A Reds baseball player pitching a ball---A Reds baseball player getting ready to throw a ball with red jersey and red cap---A baseball pitcher with a shirt that says ""Reds"" prepares to throw a ball---A baseball player pitching in an empty stadium",,original
a29f2c06-c370-4867-a4a1-0e293c98bf39,http://vegannewbies.files.wordpress.com/2010/04/produce.jpg,produce,How much fruit and vegetables were there?---Don't you love this colorful collection of fruits?---Are these from a farmer's market?---Which fruit is your favorite?---How many calories are contained in this batch of food?,"A mix of fruits and vegetables---brightly colored fruits including bleuberries, bell peppers, tomatos, lemon and limes---An assortment of fresh fruits and vegetables---A tomato surrounded by fruit---Several fruits and vegetables tossed together",,original
73b6de0e-9584-43a1-8ef5-f194cedaa7c2,http://media1.onsugar.com/files/2014/01/18/162/n/1922398/58ce6888b8b5c16c_463579315.jpg.xxxlarge_2x/i/Breaking-Bad-cast-applauded.jpg,applauded,Did someone win an award?---Why is the cast of Breaking Bad clapping?---What made them so happy?---Who are they applauding for?---What made these people start clapping?,Four people clapping---A group of people are sitting at a table clapping---Three women and a man clapping---Four people elegantly dressed sitting at a table clapping---Three women and a man sitting at a table clapping their hands,,original
b991b0c6-c40c-48c6-b742-e10cefca521c,http://wagstaffdrew.files.wordpress.com/2014/04/rushing-water.jpg,rushing,Where was this taken?---Is this water near a dam?---Why was the water so rough?---Where is this fall?---How do you survive being caught in these waters?,Rushing water---Green water rushes down a shallow waterfall---A rushing rapids---A waterfall with waters crashing into a couple rocks in the way---A gushing river with many rapids,,original
90c43896-4121-4829-831e-7b4e76c12a2f,http://relevance.com/wp-content/uploads/2014/06/2-priming_strength.jpg,priming,Does he shave his armpits?---How big is that bicep in inches?---How much body fat does he have?---Who is he?---How long has this man been working out?,"A man flexes his bicep---The muscular arm of a man, flexing his bicep---A person's arm in the flexing position to show his bicep---A manis flexing his bicep---A person is flexing their exposed bicep buscle.",,original
8116e41b-4b48-4ca7-8d70-2b7c6c7893e7,http://farm2.staticflickr.com/1292/540082090_873710dd4a_z.jpg,plodding,"Is this elephant a male or female?---I don't care very much for elephants, do you?---Is this elephant in a zoo?---How old is the elephant?---How much dose that elephant weigh?",An elephant walking---An elephant is walking in an enclosure on a sunny day---An elephant is walking in his pen---An elephant sauntering---An elephant with small ears walks around in a fenced in sandy area,,original
567223b7-4b54-440c-b6ee-ab2c8ea4593b,http://3.bp.blogspot.com/-fCrEH_Bforo/UXC2dhUqWrI/AAAAAAAAENc/Fz9h4pGb0rk/s1600/president-barack-obama.jpg,president,Who is he waving at?---Was this after a speech?---Has he done a good job as president?---Is that Barrack Obama?---What event was this at?,"Barack Obama raising his hand---President Obama waves at the audience---President Obama holding his hand up while standing---President Barack Obama, American flag behind him, waves---Barack Obama waving at the crowd",,original
4eb4bd17-f855-46ae-872b-efd3a7a60f1c,http://longhaultrucking.com/wp-content/gallery/long-haul-trucks/wdp_6109.jpg,long haul,Does the driver sleep in the truck when it's parked?---What type of load does this truck carry?---Are you training to become a truck driver now?---Did he break down?---Where is this semi truck traveling to?,A semi-truck driving down a country road.---A long haul semi truck driving down the road.---An 18 wheeler truck---A white semi truck with a gray trailer---A white semi truck pulling a freight behind it on the road,,original
2f914684-2cb9-46b3-9767-732ae0bea913,http://www.autoviva.com/img/photos/877/mercedes_bringing_original_1937_w125_to_goodwood_revival_big_95877.jpg,bringing,Does this car go on to win?---Who is driving the car?---How fast is that vehicle going?---How old is that car?---How fast was that go cart?,A racecar being driven around a track---An old car racing around a turn---Spectators watching a race from the 1930s---A vintage race car cruises by as a crowd looks on.---An audience watching a race in the mid 20th century,,original
c088f563-ea0c-47f1-9f96-a9b71488c211,http://www.xarj.net/wp-content/uploads/2007/06/bigwavesurfing5.jpg,surf,How tall is that wave?---Where is he surfing?---How many years has this person been surfing?---How high did this wave get?---How tall is that wave?,A surfer who has come down the wave and is getting ready to enter the tube as the wave crests---A surfer rides at the base of a large blue wave---A large blue wave near a surfer who is riding it---A very large wave in the ocean with a surfer riding on it---A person surfing a giant wave,,original
5f213be2-4f7d-4492-8b07-382807af81df,http://www.krogerkrazy.com/wp-content/uploads/2015/01/Scrubbing-bubles-catalina-thanks-Vicki.png,scrubbing,What is the chemical composition of this particular brand of bleach?---Did the Scrubbing Bubbles work well?---Can I use this coupon with just the number?---Do you often use coupons?---Do you ever use coupons like this one?,"A ""Scrubbing Bubbles"" coupon---A coupon for Scrubbing Bubbles cleaning products---A coupon for Scrubbing Bubbles---An ad in a newspaper with deals for household cleaning solutions---A coupon for Scrubbing Bubbles",,original
d1fb6b89-fed3-440f-8b0e-e92bc3a8a9e8,http://4.bp.blogspot.com/-zvn81hboqT4/T3gu1L9jaCI/AAAAAAAAMM4/rzDf4s16Mc0/s1600/spring11-wallpaper1.jpg,spring,What kind of flowers are those?---Are the flowers cosmos?---Is this a real image or computer generated image?---What kind of flowers are the white one?---What time of year do these flowers look the brightest?,different color flowers growing in a field under a blue sky with clouds in it---pink and white flowers on a clear day---Purple flowers and a blue sky---Pink and white flowers in a field on a sunny day---Wildflowers in front of a blue sky.,,original
6679670b-97f8-48e1-9a7d-b06c2ea6c14d,http://4.bp.blogspot.com/-O0Yjt9yzHzI/T5xkzQnSvRI/AAAAAAAAAKk/sfCShR1ZZS0/s1600/surf.jpg,surf,How high was this wave?---How high was that wave?---How do you get shots of people surfing like this?---What brand surfboard does he ride?---How long is the surfer able to hold this wave?,A man surfing a big blue wave on a sunny day---A skilled surfer catches the pipeline---A surfer riding the barrel of a large wave---A surfer catching a big wave---A man surfing underneath of a medium sized wave in the ocean.,,original
9b193649-ddc9-4f04-8159-206da6f057c2,http://images6.fanpop.com/image/photos/33500000/The-Taming-of-the-Shrew-silent-movies-33558329-960-761.jpg,silent movie,Is this a silent film actress?---What movie is this scene from?---How old is this picture?---What year was this beautiful bride getting married?---Isn't that a scene from a movie?,A woman in a flowing white gown stands at her vanity with her hand on her head---A woman in long flowing dress in a castle---A woman in a white flowing dress standing next to her dresser---A woman wearing a long dress---A bride alone in a room with a round stained glass window,,original
091763ac-7fb6-4a53-b431-2acd43854717,http://images5.fanpop.com/image/photos/30900000/Wolves-fighting-wolves-30985805-800-600.jpg,fighting,Are they play fighting?---Are they fighting or playing?---Are these wolves playing?---Are these wolves from the same pack?---What kinds of wolves are these in the picture?,Two wolves are fighting---Two wolves fighting---Two wolves playing around and growling---Two wolves fighting---Two wolves playing with each other in the middle of a forest,,original
07f735a4-64ca-46ab-b9cb-0ae90de544c9,http://tarstarkas.net/wp-content/uploads/2015/02/kept-woman-lifetime.jpg,kept,Is this from a movie or show?---Why does she want in the room?---Is this a scene from a horror movie?---Why is this person so upset?,A woman trapped and screaming in a narrow room---A woman screams as she presses against a door.---A distressed woman pounding at a door in a concrete hallway---A woman leaning against a door in a white colored hallway---A woman pounds on a door while looking scared,,original
262e9e64-5a21-44e8-b3bf-beb7763cdf04,http://4.bp.blogspot.com/-VihiZ-oAq_E/T3rKQXqav5I/AAAAAAAAA04/EzxvR7abR1M/s1600/a_streetcar_named_desire_marlon_brando_brunet_stanley_kowalski_8_1024x1024.jpg,named,What is the man staring at?---Which movie was this from?---Who is the actor?---What film is this scene from with Marlon Brando?---Is that an actor?,The actor Marlon Brando during his earlier years in a film---Marlon Brando poses for the camera as a young man.---Marlon Brando wearing a t-shirt glowers---A man in a t-shirt looks worried.---A man posing for a picture,,original
3fec8b06-bf75-4d24-8263-2fe97a451510,http://hglightingdesign.com/wp-content/uploads/2012/09/A-Chorus-Line.jpg,chorus,What type of show is this?---What play or performance is this?---Did you enjoy the play?---What show was this?---What play were they preforming>?,Dancers performing on stage---a group of dancers wearing purple and white on a dark colored stage---A group of actors performing on stage---A dance performance---A group of people perform on stage wearing tophats,,original
c037d897-e5ec-46ad-b778-7e405cc6e36e,http://babamim.com/yahoo_site_admin/assets/images/DSCN3440.37175812.JPG,program,What is that for?---What basic idea does this document entail?---Is this your parents birth certificate?---What does the paper represent?---What sort of document is this?,"A vintage Russian program.---A document in a non-English language---A program in a foreign language, set between 1927 and 1937---A white chart with black text comparing 1927 to 1937---A printed program",,original
b28b83ff-6566-4512-9b08-a5e4106e5495,http://images4.emlakjet.com/emlak-haber/2013/01/10/foto_galeri/l/double-park-residence-1357834089.jpg,residence,How many people live in these apartment buildings?---What are the twin buildings called?---Are these buildings apartments or a business.---Is that a hotel?---Is that the design that will be built?,Two identical buildings side by side---Two matching buildings in the daytime---Two identical buildings next to each other---Two large building structures that stand next to each other in a city---Twin buildings side by side,,original
fb4fc9cc-7894-4875-bfaf-2b7b3fb0ce93,http://www.powerboatnation.com/wp-content/uploads/2015/05/kortordered.jpg,ordered,What type of boat is that?---How fast can the boat go?---What is the retail price for the speed boat?---How many people can safely ride in the speed boat?---How much does that boat cost?,A small boat docked---A white and blue speed boat parked near the port---A boat sitting by the dock---A speed boat is sitting a body of water---A slick speedboat docked in the water,,original
0e88b67d-5e31-4002-a49f-7ba5632e33e5,http://www.diychatroom.com/attachments/f7/23451d1280943325-replacing-roman-tub-faucet-need-identify-010.jpg,replacing,Is this a part of your shower?---What kind of tool is this?---Is that copper?---What is this a part of?---Is this some kind of ancient artifact?,"A gold pipe containing plant material---A detatched water faucet---A metal pipe---A small chipped away golden kazzoo.---An old, beat up faucet part",,original
58031968-8bac-41cc-812b-08a9a1b4d82a,http://www.benlevy.com/auto/show/d1gp09/img_6101.jpg,dropped,Why did the car park outside the lines?---How much was the vehicle?---How old is that car?---Is that your car?---What happens when you try to drive over a speed bump?,"A black colored four door car parked inside of a lot---A black vehicle is parked in a parking lot, along with other cars---A customized black truck---A black car with the back trunk lifted up---A black square vehicle parked in a lot",,original
2c74af1a-f772-4fe8-ae58-0e71df262eea,https://pearlsofprofundity.files.wordpress.com/2015/02/flower-picked-1.jpg,picked,Is this your daughter?---Why is this girl getting professional pictures taken?---What this a special occasion?---how old is she?---Did the girl plant the flowers?,A young girl holding a flower and smiling---A young girl lays in the grass holding a flower.---A small girl holding a flower while lying on the grass---A young girl lies in the grass and smiles holding a flower---A smiling child lying down holding a flower,,original
542991c8-5356-4071-9b4d-e09fc65c3fa5,http://ozskin.files.wordpress.com/2012/06/hands.jpg,hands,Are these two hands related?---How old is the hand on the left?---Are these the hands of your grandmother and your daughter?---Do they know each other?---Are these people related?,A darker hand and paler hand holding eatch other---Two people with their hands touching each other on top of a white setting---People holding hands---Two hands are overlapping eachother over a white table---A shot of a man's hand touching a woman's hand,,original
355b39d1-dca6-49ef-bd21-7969233bf34e,http://www.ubt.org.uk/photos_2012/bonfire/bonfire4.JPG,bonfire,Who built that fire?---Is that considered a bond fire?---Is this a bonfire?---What is being burned here?---Was that fire at your house?,A large bonfire at night---A bonfire burning in the dark.---A big bonfire at night---A campfire---A roaring fire with flames licking towards the sky,,original
d0fedd30-f774-42bb-a345-9758632dee8a,http://www.kitchengarden.org.uk/blog/uploaded_images/tree-clearance-009-702341.jpg,cleared,What are the orange fences for?---What happened to the plants?---Did there used to be vegetation here?---Who cleared the land?---Are they going to plant a garden here?,An old dirt field with some bare trees along the edges---An empty field with hedges and trees nearby---A freshly plowed field of dirt.---A dirt field that is in the middle of the forest in a cloudy day---A barren field in the winter,,original
a9e210b0-e579-4efe-ac13-8de83d686bd5,http://tinygreenmom.com/wp-content/uploads/2012/08/Fresh-Fruit-Bonanza.jpg,fruit,Where did you find all this beautiful produce?---How many calories are in all of these fruits?---Which one is your favorite?---What is all this fruit for?---Is this fruit from a farmers market?,"An assortment of tropical fruits---A large display of fruit that includes lemons, bananas, grapes, apples, pineapple, strawberries, melon, and oranges---Various fruits in a pile including oranges apples bananas and grapes---A variety of different frutis placed on top of one another---Fruit including bananas, oranges, lemons, pineapples, apples, strawberries, grapes, and melons",,original
a0d06f28-82f7-43f7-83ee-43ea43cef182,http://cloudgoesloud.files.wordpress.com/2013/05/rainfall.jpg?w=774,rainfall,How tall is that waterfall?---What is the name of these falls?---How high is the waterfall?---What waterfall is that?---Is it safe to swim here?,A waterfall falls into a blue pool with lush greenery around---A waterfall spilling into a small lake.---a tall waterfall surrounded by trees and green plants in the forest---Waterfall with lush green foliage and turquoise water---A waterfall,,original
1cbf996f-3850-4a8d-8df3-7d000b7c2759,http://3.bp.blogspot.com/_sRGU_JXOz6E/TRkTIAWwmgI/AAAAAAAAAxU/u8ZE8EG0gsc/s1600/NevadaRoad_wallpaper.jpg,road,Where does that road head?---How long does the yellow paint on roads typically last?---How far does that road go?---What road is this?---How many cars a day use that road?,A highway that passes through the desert---A yellow stripe in the middle of a blacktop road in a desolate desert---A highway road that stretches into the desert setting in the day---A two lane road with two yellow lines down the center placed next to a red rocky hill---two yellow lines painted on an empty black road in the desert,,original
f3565779-e2b7-48b4-9ddb-a6f7e0b5be1a,http://a.abcnews.com/images/WNT/150514_wn_kerley_16x9_992.jpg,accounted,What caused this train wreck?---What caused all the desctruction?---What are they doing?---What caused the damage here?,A crane picks up pieces of a destructed home.---A large yellow bulldozer moving remains of a disaster of some sort---A tractor cleans up wreckage in the dirt---A crane picking up junk at a junkyard.---A crane clearing out rubbish,,original
bcb586d5-3168-4edb-b35f-fa1896d4a260,http://wpaper.files.wordpress.com/2010/10/depression-20.jpg,depressed,Why is the girl upset?---Why is she upset?---Why is she upset?---What is her name?---What is upsetting you?,A young woman sitting hunched up with her hand on her forehead---Woman sitting against a brick wall---A woman sits against a wall with her hand on her forehead---A young woman with her hand placed on her forehead showing dispair---A woman appears unsettled sitting with her knees to her chest,,original
410f6a84-ca32-4fce-ab22-d22bedcf75dc,http://sinibaldo.files.wordpress.com/2011/06/prayer-on-my-knees4.jpg,pray,What is the woman praying about?---Is she praying?---Do you think this girl is upset or is she praying?---What is her name?---What is she praying for?,Silhouette of a girl bending over in front of the setting sun---A woman in a praying stance with the sun rise behind her---A woman kneels on the ground praying over an object---A silhouette of a woman kneeling and praying---A woman praying outdoors as the sun sets in the background,,original
8962a37f-f3d6-4473-b2f7-398a0bedb103,http://www.royalswimmingpools.com/images/liner.jpg,liner,How many gallons does this pool hold?---Is this a brand new swimming pool being built?---Is the lining to fix a leak?---How much water can this pool carry?---How deep is the pool?,A person pulls up lining on a large empty pool---An empty pool lined with a blue plastic tarp---A swimming pool being lined with plastic---An empty pool is covered with a blue tarp.---A man attaches a pool cover,,original
24c71063-3c6a-4448-bf43-adcfeeaaaea2,http://www.indianaturewatch.net/images/album/photo/10234111335041db393fa70.JPG,scaled,Is that snake poisonous?---How long do you think that type of snake lives?---Is that snake dangerous?---What kind of snake is this?---What is the main habitat of this type of snake?,A snake is coiled up in the dirt---A coiled speckled poisonous rattle snake---A coiled snake resting in the desert.---A brown snake with patterns coiled in the middle of the ground---A snake lays coiled in the brown sand,,original
d481e55d-7481-4985-a9a1-7740a7a86679,http://urbanvelo.org/wordpress/wp-content/uploads/2013/02/breaking_away_nahbs_2013_0151.jpg,breaking away,Is that bike valuable?---What is the make of this bike?---Why did someone leave the bike there?---Is that your bike?---Does this bike allow you to travel fast?,a red bike with yellow handles parked on white floor inside a building---Red men's street racing bicycle centered on an indoor walkway---Did not load---A red bicycle built for racing with small thin wheels---A red bicycle,,original
65b70d3a-dbac-48bf-93b8-ca7963b4201b,http://fc01.deviantart.net/fs71/i/2010/221/f/5/The_Motherland_Calls_II_by_LordAndy.jpg,calls,How tall is that statue?---Is this statue representing a famous historical figure?---How was that lady supposed to be?---How big was that statue?---What is the name of the statue?,A statue of a woman with her arms wide and a sword raised---A statue of a women with a sword.---A statue of a woman holding a sword---A statue of a woman holding a sword---A Greek statue of a woman figure holding a sword,,original
9e28be3f-5553-496f-ae74-e7874787c7ec,http://sofiesspisekammer.dk/wp-content/uploads/pulled-pork-trukket-maj-2013.jpg,pulled,What kind of meat is that?---What kind of meat is that/---What type of meat is in the bowl?---What is the name of this food?---What type of meat is in this bowl?,A bowl of shredded pork.---A dish of pork in a white bowl---A large white bowl full of shredded and pulled pork---A white bowl of shredded meat that is brown in color---A bowl of pulled pork.,,original
5c5b8055-9bbe-44f9-8a32-8c49d4dc7755,http://images5.fanpop.com/image/photos/31500000/Pitch-Perfect-pitch-perfect-31502074-1200-847.jpg,pitch,What was she singing?---Is this from a movie?---What genre of music is she singing?---What song is she singing?---Can this actress really sing?,blond woman singing with two women dancers in background---A woman sings in front of background dancers.---A woman singing into a microphone.---A blonde woman holding a microphone singing on a stage---A blonde woman holds a microphone and sings,,original
db1412a1-e608-46d1-9e75-708b5800434c,http://www.warrenphotographic.co.uk/photography/bigs/04323-Tabby-Cat-leaping-(series-No-2)-white-background.jpg,leaping,How far did that cat jump?---How far is the cat jumping?---What is the cat's name?---How old is this cat?---Is the cat leaping?,"A cat jumping across the way---A tabby cat leaping through the air with its tail straight up---A grey cat leaping in the air---a cat leaping---Gray striped housecat in mid-leap, in profile; white background",,original
266a867f-e3d0-49cb-8802-dd200e9bfd16,http://www.cars-directory.net/pics/honda/airwave/2005/honda_airwave_a1252967402b3028772_4_orig.jpg,air wave,What model on Honda is this?---Is this car from Europe?---What country is this car made for?---What country is that car made for?---What kind of car is that?,The interior of a Honda vehicle with the steering wheel on the right---Gray upholstered car interior with steering wheel on right side---The interior of a Honda vehicle with the steering wheel on the right.---The inside of a car from the back---The interior of a vehicle,,original
4374269b-fe06-4a72-9b5a-e96e269abc3e,http://www.jeffbullas.com/wp-content/uploads/2012/10/3-Digital-Marketing-Strategies-you-Should-Not-Ignore.jpg,ignore,What were you listening to?---What was he listening to?---Is this an ad for headphones?---Why is she shouting at him?---Why is she screaming at him for?,A blonde woman in glasses screams at a man wearing headphones---A man and a woman standing next to each other in a room---A person yelling at a man wearing headphones with his eyes closed---A woman yelling at a man who is wearing headphones---A woman wearing glasses is yelling at a smiling man wearing headphones,,original
4fa608b5-5c2b-4b9d-84fe-e21576fa87c1,http://www.johnharveyphoto.com/HongKong/StreetMarketNearHelensGrandparentsLg.jpg,market,What city is the market in?---How prosperous is this market?---What country is the market in?---What is the name of this market?---What time does this market close?,People stroll through a market in Asia that is selling fruits and vegetables---An open air food market in an Asian cultured Area---Shoppers walk through an outdoor market---People shop at an outdoor Asian street market.---People shopping at an outdoor food market,,original
c51158b0-61ef-44cc-b8f1-b5558724e12e,http://3.bp.blogspot.com/_P4lQRLZ_yqM/TAhqviKmWGI/AAAAAAAAEKM/GCWA2mEC3Qo/s1600/True+Dew+8.jpg,dew,Did it rain recently?---What type of plant is this?---What keeps beaded water intact?---Was this dew or rain?---Did it just rain?,Raindrops on leaves---Green leaves with water droplets on them---Leaves collecting dew.---A green leaf with beaded water droplets.---Rain drops glistening on leafy green foilage,,original
488e1bcc-35cd-499b-9395-dff95dce3a65,http://www.eveandersson.com/photos/china/beijing-wangfujing-men-squatting-large.jpg,squatting,What city is that in?---What business do these men work at?---Where do these men work?---Why are these men squatting?---DO men frequently squat on the sidewalk to chat in this country?,Three men in yellow shirts crouching down on a city sidewalk---A group of Asian men squat together---Three men sitting on the ground in the middle of a crowded city---Three men sit on a sidewalk.---Three men squat on the ground with water bottles,,original
bdbbdced-09d3-4145-ab59-0c7b1e0b4a58,http://alittlebitofstone.com/wp-content/uploads/2012/01/Spent-Hops.jpg,spent,Is this something that you eat?---What kind of dish is that?---What is this mush?---What kind of food is this?---Is that a pot of soup?,A pot of green stuff with brown sludge---Hops fermenting---A green mashed plant mixture in a blue bucket---A large black barrel with yellow colored substance at the bottom---grains mixed with water inside a half filled blue colored bucket,,original
4268fbf7-851f-4abb-8f49-4e6c1aee029d,http://2.bp.blogspot.com/_olWLOLXRIu4/S9CgA0GYjpI/AAAAAAAAF9Y/h7RifmQFB6s/s1600/back+door.jpg,back door,Is that a new door?---Is that your home?---How much newer is the front door then the rest of the building?---What country is this in?---Where does this door go to?,An outside door.---A stone house with a wooden door and blue shutters---A white stone building has a wooden and glass door---The side of a cement block building with a window and door---A brown door and a window tucked into a cement wall,,original
993481e7-6c75-4799-a71e-d5fef4aab8a6,http://www.education-newzealand.org/wp-content/uploads/2013/12/Universities-and-Higher-Education-in-New-Zealand.jpg,higher education,Do the students enjoy studying math?---What is he teaching?---Did most of the students pass the class?---What subject is he teaching?---What is that man teaching?,A classroom watches as an instructor writes on a board.---A professor writing on a board in front of his students---A teacher writes something on a whiteboard as students look on---A classroom full of students watching a professor writing on the white board---A man in front of a classroom of students writing on an eraser board,,original
f7437037-f004-4d94-aeb6-1225529dd86d,http://4.bp.blogspot.com/-GxrHWPgMntc/Tb0u75KJd8I/AAAAAAAAAQI/wMvwNdYvW1c/s1600/kick-ass.jpg,kick in the butt,Is that from the movie kick-ass?---Did the actress do all her stunt work for this scene?---What movie is this from?---How old is the girl?---How old are is the actress?,A female dressed as a super hero about to punch a sitting man.---A girl with purple hair about to punch a balding man---A girl dressed in a costume about to punch a man---A little girl with purple hair and a mask prepares to punch a man---A girl with purple hair dressed a superhero with her hand cocked at a man,,original
03e006ca-9233-4d0d-9399-59be7a4e2d93,http://saluddepaloma.com/wp-content/uploads/2013/06/MP900438787.jpg,fruit,Did you buy this fruit?---Are those all natural or were pesticides used?---Was the fruit displayed for a magazine?---Wouldn't these make a wonderful fruit salad?---How much sodium total is in all of these fruits?,"An assortment of cut fruit---different types of fruit with all but four of them cut in half arranged together---A set of fruits including kiwis, oranges, and strawberries.---An assortment of sliced fruit---Lemons, strawberries and kiwis",,original
c2d4da25-ffbb-4215-8df0-9b23dbb32ac3,http://www.mbird.com/wp-content/uploads/2011/04/reaching.jpg,reaching,Why is the person's hand being held out?---What is the hand reaching for?---Do you find this picture interesting?---Was this photo a mistake?---Did he throw something up in his hand?,A hand outstretched towards the sky with a lens flare---A hand pointed towards the clear sky with sunlight glistening---A hand reaching towards the sky---A left hand stretching open to a blue sky---A hand reaching towards the sky with the sun behind it,,original
30a7ef0f-b21c-448f-ba67-c0028efdd8b9,http://3.bp.blogspot.com/-RE9dXuo-_Fo/TyqMQ58GYiI/AAAAAAAAAG4/CHLfGcvR9MY/s1600/courier+1.jpg,parcel,What were in the packages?---Did you get a new job working for FedEx?---Is he making Christmas deliveries?---What is in the boxes?---What's he delivering?,A delivery man holding a stack of boxes---A delivery man in a hat holds a stack of boxes---A man wearing beige carrying three brown boxes and one white box---A man with a tan cap carrying three brown boxes---Smiling postal delivery man holding stack of parcels,,original
3a70888a-c84e-4adf-bbb9-8ef6482cba56,http://web.archive.org/web/20131228153153/http://mariacelestecarballo.com/images/dioramas/buffalo/02_redandyellow.jpg,dwindling away,What type of music were they playing?---What is the name of the band playing in this picture?---Was the band good?---Is the band any good?---What band is this?,A band is on stage performing---A rock band performs on stage.---A band with guitarists a drummer and a singer---A band performing on stage near a brick wall in the background---A grunge band playing a song,20131228153153.0,wayback
c9b432d9-bef0-463a-a874-65ea1d81b5de,http://web.archive.org/web/20101213080922/http://brentmayne.com/wp-content/uploads/2010/06/pop-fly.jpg,pop fly,Where did the ball end up landing?---Why has the catcher removed his mask?---Did he catch the ball and make an out?---Which team won?---What team are the Dodgers playing?,A baseball catcher throwing his face mask off to search for the ball in the sky---A catcher in a baseball game is looking up for the ball as an umpire and batter watch.---catcher pulling off mask preparing to catch fly ball---A baseball catcher looking up for a pop flyball---A baseball player looking to the sky to catch a baseball,20101213080922.0,wayback
1f4ebf56-9665-4248-9cda-ed6ae21ecd87,http://web.archive.org/web/20140804120950/http://www.scifinow.co.uk/wp-content/uploads/2013/02/merlin-series-5-behind-the-scenes-5.2.jpg,series,What kind of armor does he have on?---Why are they in costume?---What movie are these two acting in?---Who are these attractive men?---Who are they pretending to be?,Prince Arthur and Merlin sitting against the trunk of a tree conversing---Two men dresed in medievel clothes sitting next to each other at a tree---Two young men sitting around a tree in the woods talking---Two young men resting on a tree dressed in old fashioned attire---Two young men in renaissance like clothing happily sit against a tree,20140804120950.0,wayback
c973c6a8-1cf5-4990-bdf9-d0bf86364f09,http://web.archive.org/web/20151021075240/http://www.hyperlinks.net/wp-content/uploads/2014/12/IndexingSetupAtlasLathe-29-w1024-h1024.jpg,indexing,What does this machine do?---What does this device do?---What does this machine do?---Do you have any idea what this is used for?---Is this a drill press?,Heavy looking metal machine that is both silver and green in color---A machine with green and silver metal---A part of a factory machine near some other equipment---A piece of machinery with green metal.---Part of factory machinery,20151021075240.0,wayback
b5b57835-9705-4f5b-8c69-06b499e6110d,http://web.archive.org/web/20140707085804/http://www.latestfashiontoday.com/wp-content/uploads/2014/02/Embroidered-clutches.jpg,clutches,Where can you buy this clutch?---What kind of clutch wallet is this?---What does this purse retail for?---Where did you get that bag?,pink colored coin purse with a design embroidered on it in white and gold thread---A fuchia clutch purse with gold stitching---a small pink purse---A pink clutch purse with gold embroidery---A very small pink purse with a gold lace like embellishment on it,20140707085804.0,wayback
85629aef-3871-4a15-a6b9-b4debe29bdb5,http://web.archive.org/web/20170626232629/http://bibipedia.org/upload/gallery/images/Le_catalogue_des_voitures/Buick/Rendezvous/Rendezvous_2002_-_2007/Buick_Rendezvous_2002_-_2007_17.jpg,rendezvous,What model car is that?---What kind of car is that?---Is this a safe and reliable car?---What kind of gas mileage does this vehicle get?---What year is that crossover?,A silver SUV in front of a grassy hill---Modern metallic bronze hatchback car with green hill in background---A compact SUV sitting on the road---The left side of a crossover SUV---A sports utility vehicle sits along the side of the road.,20170626232629.0,wayback
a5392f4d-f5cd-47eb-90e2-06079ed59eee,http://web.archive.org/web/20171215014501/http://www.facialsurgery.com/image/big/twopics/face_lift_3502892823b.jpg,face lifting,Is that the same person?---What are the main causes for the difference in her appearance?---Do you see improvement?---Did she have some kind of surgery?---What procedures did this woman have done?,A womans side by side before and after photos---The before and after shot of a woman with a chin tuck---Two scenes of a woman looking to the right---A comparison of a woman that has had facial reconstruction and liposuction---Before and after of a woman,20171215014501.0,wayback
5152c452-b323-4291-8e5e-7d221da591bb,http://web.archive.org/web/20201108114154/https://upload.wikimedia.org/wikipedia/commons/e/ea/F-111F_aircraft_refueling_from_a_KC-135_Stratotanker.jpg,refueling,Is the plane towing the other plane?---How long does it take to refuel?---How long does it take to refuel the plane?---How often did they practice to refuel that fast?---What is the altitude of this refueling operation?,"Two airplanes above the clouds with the larger one refueling a jet---Two planes flying through the air, with one refueling the other.---A plane being refueled in flight---Plane tethered to military jet, flying above clouds with blue sky---Jet getting gas in the air",20201108114154.0,wayback
cd75de4b-b34f-449c-a328-25a4b471c7ac,http://web.archive.org/web/20150418181411/http://www.gordontraining.com/wp-content/uploads/group-participation-leadership-training.jpg,group participation,What was the meeting around?---Is this a business meeting?---What is the woman in the group talking about?---What are these people discussing?---What is this purpose of this meeting?,A woman wearing blue talking to a group of people that are in a circle around her---A meeting of individuals watching a presentation---A group of people sitting in a circle in chairs---A group of people looking and listening to a woman talking to them in a room---A woman speaking to a ground of people with their chairs in a circle around her,20150418181411.0,wayback
58baad6e-b1d3-4b35-942a-8a53a874eda1,http://web.archive.org/web/20201004071322/https://upload.wikimedia.org/wikipedia/commons/e/e7/F-18_Buddy_Refueling.jpg,refueling,How fast do jets go during a fueling?---Is the plane towing the other plane?---Why are these jets connected to each other with a rope?---Why is one plane being towed?---Was that plane towing the other plane?,A fighter jet refueling another jet---A fighter jet is linked to another by a tether---Two figher jets flying through the sky---Two planes flying close to each other---Two jet planes flying with a pipe connecting them from the bottom of the higher one to the front of the lower one,20201004071322.0,wayback
7d1070bb-af11-461f-b727-3230c4c12b13,http://web.archive.org/web/20191030111407/http://www.innerspaeth.com/wp-content/uploads/2009/01/20090120nytimes.jpg,times,What is the importance of this particular cover?---Was the cover story different for the other editions?---How old is that article?---Did you read this issue of the New York Times?---Why is Obama holding a white baby?,A New York Times front page article about President Obama.---A newspaper clipping from The New York Times showing people in a courtroom---The front page of a newspaper featuring a photograph of the President and First Lady---A newspaper headline with a picture of the presidential family---The cover of The New York Times with a picture of Barack and Michelle Obama,20191030111407.0,wayback
0dd33fbb-27ab-42cf-a889-48b5e02ee784,http://web.archive.org/web/20130320023814/http://www.sportscardigest.com/wp-content/gallery/barn-finds/barnfind_dino.jpg,finds,What kind of car is that?---Is the car in decent enough condition that it can be restored?---How long has the car been put away?---What type of model car is this?---What model car is that?,A dusty old sports car in a run down garage---An old dusty sports car in a garage---A rusty red sports car parked inside of a dirty garage---A small red car covered in dirt and dust next to stone walls.---A dirty red sports car in the corner of a stone building,20130320023814.0,wayback
c23d7f0f-0d4a-4d91-b4da-b9bc865c64d4,http://web.archive.org/web/20140113160517/http://adriansharp.files.wordpress.com/2013/05/blessed-sacrament.jpg,holy sacrament,What is that ornate gold thing on the altar?---What is that thing?---What does that structure in the middle symbolize?---What is that?---How much does the statue weigh?,"A large oddly shaped center piece at the head of a church in between candles---A gold colored piece of metal that is perched on a counter---An ornate gold religious statue with a cross on top---An antique is on display.---An ornate cross with red candle holders on each side, located in a church",20140113160517.0,wayback
69bb3d19-5dad-476e-ab41-10c26ee3c58c,http://web.archive.org/web/20160117150416/http://stonebrashcreative.com/image/FaceCab%20Tutorial%2013.jpg,face,What is this a face of?---What material was this made from?---What is that mask made of?---What material is this made from?---Who created this mask?,A sculpture of a skin tone face---A ceramic face mold with large lips and a large nose.---A tribal artifact with a face carved out---A mold of a human face---a flesh colored face statue.,20160117150416.0,wayback
26a517f9-b639-4623-85c6-0574ecf87f0d,http://web.archive.org/web/20140701054847/http://healthier4uvending.com/wp-content/uploads/2013/08/IMG_2982.jpg,vending,How much are the chips?---How much does a bag of chips cost in this vending machine?---Have you ever seen this kind of vending machine?---Are healthy-choice vending machines becoming more popular?---How much is the Gatorade?,A vending machine that is purple holds snacks.---A vending machine that advertises the fruit drinks that are sold from inside of it---A purple vending machine with pictures of fruit---A vending machine that is purple in color with a variety of items indie---A colorful purple vending machine with snacks inside,20140701054847.0,wayback
1ef70a36-5d33-4aef-8e00-b9fa93d8b38d,http://web.archive.org/web/20150915004617/http://resources.carsguide.com.au/styles/cg_hero_large/s3/Kia-Proceed-GT-2014--(1).jpg,proceed,Is that a roadway the car is on?---Would you ever want to own a red vehicle?---What model car is that?---What year is this car?---Who makes this car?,A shiny red car is parked in front of some water---A red two door car parked on a road beside a body of water---A red Kia two door hatchback is parked in front of the ocean.---A red car by the water---A red compact car next to the ocean,20150915004617.0,wayback
5c1cd621-b500-4c19-b9b4-f2c76b6951f6,http://web.archive.org/web/20160930173218/http://ii.worldmarket.com/fcgi-bin/iipsrv.fcgi?FIF=/images/worldmarket/source/23626_XXX_v1.tif&wid=2000&cvt=jpeg,chair,"I like that color for a chair, do you?---Where can I find this chair?---How much does that chair cost?---Where could I buy a bright pink chair like this?---Are the legs of this chair made of wood?",A tufted red chair with wooden legs on wheels against a white background---A plush pink living room chair---A purple velvet chair.---A magenta upholstered armchair with rounded legs---A plush fuchsia colored arm chair siting in an empty room,20160930173218.0,wayback
0b241959-6f65-4952-b20a-f60e2c18ca96,http://web.archive.org/web/20240922225317/https://upload.wikimedia.org/wikipedia/commons/7/71/US_Navy_041111-N-2143T-013_Aviation_Structural_Mechanic_2nd_Class_Chou_Yang_of_Braselton%2C_Ga.%2C_installs_drain_lines_on_the_afterburner_of_an_F-414_aircraft_engine_aboard_USS_Nimitz_(CVN_68).jpg,airplane mechanics,What does this Navy personnel work on?---What is he fixing?---Is he an astronaut?---What is he working on?---How long has this man been repairing equipment?,A mechanic working on a complex engine---A man working on some equipment---A mechanic working on equipment---A man wearing a blue shirt and holding a tool to repair an equipment---man in nay uniform using tool to work on some part of the ship,20240922225317.0,wayback
1dcc9563-0e48-40d4-b1cc-490eaf2a4f95,http://web.archive.org/web/20150924102211/http://www.novasep.com/media/novasep-decolorization-unit.jpg?t=2014-11-03+11%3A27%3A58,ion exchange,What is kept in those huge tanks?---What is in the tanks?---What are these tanks used for?---What do those machines do?---What kind of factory is this?,Some workers stand next to large cylindrical tanks---Three large liquid tanks---Several men standing around at an industrial plant---Three large brown tanks are surrounded by some people inspecting it---People standing around large containers,20150924102211.0,wayback
35778416-41c8-4cce-8b26-d24ae3e3cc00,http://web.archive.org/web/20201108152123/https://upload.wikimedia.org/wikipedia/commons/2/26/USAF_EOD_explosion.jpg,explosion,Who bombed this land?---Did you feel the heat from the explosion?---Who caused that explosion?---What caused this explosion?---What caused the explosion?,A couple of large explosions in the middle of the desert---A large fiery explosion is going off.---An explosion in the desert---There is an explosion in a desert---A explosion covers the sky with great orange and bright reds of fire,20201108152123.0,wayback
da29887a-54bc-45ca-82fa-54783d3b6d78,http://web.archive.org/web/20120515004708/http://www.howmanyarethere.org/wp-content/uploads/how-many-people-died-in-9-11.jpg,died,How many people died on this day during the attack?---Where were you when this event occurred?---How many people died in this event?---How tall are those buildings?---Were you there when the planes hit?,"The Twin Towers in New York City with explosions in them---The World Trade Center explodes on September, 11th 2001.---Twin tower explosion---The 9/11 Terrorist Attacks---The World Trade Center on fire",20120515004708.0,wayback
230ae83f-b492-43df-ab28-d997476980c7,http://web.archive.org/web/20101218033247/http://horsehats.com/Images/Wallpaper/Stretchrun_Horse_Racing_Wallpaper.jpg,horse race,Did the rider in yellow end up winning?---Do jockeys ever actually sit in the saddle?---Who won the race?---Who won this race?---What is the official name of this horse race?,An exciting horse race---A couple jockeys riding their horses and riding through the track---A group of jockeys racing against each other---Horses racing---Polo players riding horses in a game,20101218033247.0,wayback
ced54d5c-9953-467a-818d-aae573b91615,http://web.archive.org/web/20160125015354/http://aurabpo.com/images/services123.jpg,services,Was a big deal made with that handshake?---Why are they shaking hands?---Does this mean they came to an agreement?---Did these people just meet?---Is it true you can tell a lot about a person by their handshake?,Two people shaking hands---A woman's hand and a man's hand clasped so they can shake---Two hands making a handshake---Two people shake hands---A handshake,20160125015354.0,wayback
cd86d19a-e00e-43f8-9c2d-35f24d1634d0,http://web.archive.org/web/20160112121733/http://blog.oregonlive.com/money_impact/2008/10/Learning%20From%20History_Hays.JPG,line of work,Why are they standing in that line?---Why are there so many people standing in line?---Why was everyone in line?---What are they lining up for?---What are they queueing for?,A long line of workers from the nineteenth century---A line of people---A large group of people stand in a line that has two people on each side---A vintage picture of a large group of men standing in a line.---A row of men in line,20160112121733.0,wayback
4f9eed70-2030-48ab-8dd4-e96210592730,http://web.archive.org/web/20141203003650/http://coolfacts.in/wp-content/uploads/2010/10/lightning.jpg,lightning,Did the lightening strikes hurt anyone?---Has it rained the last two days in this city?---How bad was the storm?---How servere was the thunderstorm?---Why is the lightning purple?,Did not load---Did not load---Did not load---Did not load---Did not load,20141203003650.0,wayback
92e89052-1f48-4e78-b394-11f2ccfacad7,http://web.archive.org/web/20140810092736/http://interactive.wxxi.org/files/images/highlights/snail.jpg,slow,How slimy is the snail?---Can people eat that kind of snail?---What kind of snail is this?---What kind of snail is this?---What is that bubbly stuff coming out from the shell?,A snail with a brown shell---A slimy snail---A brown snail---a snail is in red and  black color---a snail with two white antenna's on its head and a black and brown shell,20140810092736.0,wayback
bb64a0e1-1e0b-493e-ab60-2599246c9d90,http://web.archive.org/web/20160314084433/https://upload.wikimedia.org/wikipedia/commons/e/e2/Burkes_Outlet_Store.jpg,outlet,What store is this in?---Where is this retail store?---Are the clothes here affordable?---Is the store having a major sale?---What store is that?,A clothing store with fluorescent lights and long racks of clothing on hangers---The plus size section of a clothing store.---an aisle in a clothes store---Several racks of clothing---A large clothing outlet store,20160314084433.0,wayback
a2d373fc-09aa-4d42-a9bc-b1d7fffd413e,http://web.archive.org/web/20150819064728/http://bobscarpetandtile.com/yahoo_site_admin/assets/images/shower_3.8940515.JPG,shower,What is the size dimensions of this shower?---Where is the shower head?---What type of material is used in the walls of the shower?---Do you love this shower?,"The inside of a shower with marbled walls.---A shower with brown tile---A shower stall has patterned, square walls, a shower head, drain and handle---The tiled wall and floor of a shower---A nicely tiled shower",20150819064728.0,wayback
86d95c74-177b-4cb6-902c-f79adbadb7ac,http://web.archive.org/web/20250805235951/https://upload.wikimedia.org/wikipedia/commons/3/39/MP_Bernard_Trottier_announcing_the_official_opening_of_Mimico_Waterfront_Park.JPG,announcing,What is he reporting on?---What is he reporting about?---What is he talking about?---What is this man reporting on?---What story were they doing?,"A man in a suit is being recorded by another man in front of water---A man talks while a camera is pointed at him---A person being interviewed by the water---A cameraman filming a man in a suit, by the beach.---A man being filmed by the oceanside",20250805235951.0,wayback
38c3148c-88bd-42db-93bf-7cad67f8583e,http://web.archive.org/web/20160201191150/http://www.auburn.edu/academic/education/reading_genie/projects/gulpinggatorade.jpg,gulping,When was this ad made?---Is that a famous female athlete drinking Gatorade?---Do you think this girl is pretty?---How does Gatorade work to replenish electrolytes?---Does this sports drink come in many flavors?,An advertisement for the drink 'Gatorade' showing a girl quenching her thirst---A woman wearing a sports tank top drinks orange gatorade.---A woman drinking orange Gatorade---A Gatorade ad with a female athlete drinking orange Gatorade---A sweaty woman enjoying Gatorade,20160201191150.0,wayback
bc795536-15a5-4590-a6ca-7886bed8bea2,http://web.archive.org/web/20151124140115/http://blog.nus.edu.sg/lsm1303student2010/files/2010/04/Attacking-Camel-Spider.jpg,attacking,Is this a tarantula?---What type of spider is that?---What is that?---What kind of animal is that?---What type of species is this?,A camel spider---A spider is preparing to attack---A yellowish furry spider---A yellow and brown insect in the middle of the ground---An insect with fuzzy orange legs stands in the dirt.,20151124140115.0,wayback
5b080633-e697-4af0-b5b9-55e3e881258e,http://web.archive.org/web/20210618014305/https://upload.wikimedia.org/wikipedia/commons/4/4d/Gunsmoke_cast_1963.JPG,gun smoke,What western film is this taken from?---What is the lady's name?---Did you enjoy watching these actors on Gunsmoke every week when you were a child?---Is this a still from a movie or tv show?---How long ago was this black and white photo taken?,"Three men and a woman lounge on a rock, in a scene from a Western movie---Four actors posing in period piece clothes---A group of people pose for a photo---A still shot of old western movie actors---A group of people pose around a rock",20210618014305.0,wayback
837db4f7-7270-41e5-abb6-f27dc6eca25c,http://web.archive.org/web/20231123101952/https://1.bp.blogspot.com/-XqLzA-umVnY/TzVMvx_7tNI/AAAAAAAAALU/I3FpcepZdds/s1600/Stock___Iron_Age_Roundhouse_by_GothicBohemianStock.jpg,roundhouse,Is this a replica hut?---Did the roof have leaks?---Does someone live there?---Do people live in this hut?---Who built that hut?,An old brick hut---A stone hut with a grass roof---A thatched hut over a stone building---A hut made from brick---A stone hut with a thatched roof,20231123101952.0,wayback
3f137cb7-1542-4fd0-862a-9a692d5c0d89,http://web.archive.org/web/20150804020645/http://www.fit8.co.uk/wp-content/uploads/2013/11/blood-pressure-2.jpg,blood pressure,Is his blood pressure normal?---Does that tell his blood pressure?---How old is the elderly man in this picture?---What is his name?---How old is that guy?,Did not load---Did not load---Did not load---Did not load---Did not load,20150804020645.0,wayback
0acf51e8-990d-45ca-9ac1-6fb77a850d8a,http://web.archive.org/web/20131004133000/http://trendymods.com/wp-content/uploads/2013/03/soft-black-clutches.jpg,clutches,Is that your clutch?---What kind of case is that?---What brand is this purse?---How was this wallet made?---Who is the designer of this purse?,A black woman's wallet with a crystal magnetic tab.---A black clutch purse with a checkered pattern and jeweled closure---A black clutch---A black clutch-style purse.---A black patterned purse with a crystal on top of the handle,20131004133000.0,wayback
98b28ea3-a16a-4439-8900-cfff9dd12091,http://web.archive.org/web/20131213063644/http://1.bp.blogspot.com/-S4Zb7TKBO0w/TiW3w5DyxUI/AAAAAAAABQ4/kg7pbyv10UU/s1600/countyfair01-big.jpg,fair,Is the stand at an amusement park?---What's the total sales revenue for that stand per night?---What fair is this?---How much do candy apples cost here?---Is that at a carnival?,A Candy Factory snack shop  on the boardwalk.---A concession stand at a fair---A snack bar at the pier---brightly lit concession stand at a fair---A food stand with brightly colored signs at a fair,20131213063644.0,wayback
bbbbc5f7-33a9-498c-be9e-e5b269728564,http://web.archive.org/web/20120729142651/http://img.burrard-lucas.com/australia/full/hugging_koalas.jpg,hugging,Do these koala bears live on the wild or on a reserve?---Do they sleep like that all night?---What is the typical diet of these koala bears?---How old is the baby koala?---How long does the mother koala take care of the baby?,Two koala bears sitting on a branch---Two koala bears are hugging in a tree---Two koalas holding each other in a tree---A koala holds her baby while they sit on a tree branch---Koala bears together,20120729142651.0,wayback
19fd1480-fbff-4934-9edc-d32aa2cec394,http://web.archive.org/web/20130723061111/http://www.thewallpapers.org/photo/10659/The_Break_Up-007.jpg,breaking up,Did you like this movie?---How many movies have these two made together?---How did this movie do in the box office?---Did you see that movie?---How long did it take to film this movie?,Two actors in a movie poster---A man and a woman are glaring at something that's not seen in the photo---A movie poster for The Break-Up featuring Vince Vaughn and Jennifer Aniston---A man in a orange shirt standing next to a woman in a grey top---Jennifer Aniston and a male actor promoting the movie the break-up,20130723061111.0,wayback
4fa38fc3-4ad4-4422-afa3-c82e7705957b,http://web.archive.org/web/20131221230847/http://images4.wikia.nocookie.net/__cb20071223232412/uncyclopedia/images/6/6a/Passedout.jpg,passed,Is this guy passed out?---Why did the man decide to sleep there?---Did this person drink too much alchahol?---Why is he laying on the floor?,A person is laying sleeping on a wooden floor.---A man laying face down on a wood parque floor---A man wearing a green top and pants lying on the floor---A man is passed out on a parquet floor---A man sleeping on the floor,20131221230847.0,wayback
634f47da-f772-4b85-81c6-0d96ce5e3e3d,http://web.archive.org/web/20160608045337/http://sloblogs.thetribunenews.com/slovault/files/2008/09/destroyed-buildings-1969-s.jpg,destroyed,What caused this?---What caused this carnage?---What disaster aftermath is documented in this photograph?---What caused this destruction?---What caused all this destruction?,A decimated building---A pile of debris lies at the foot of a mountain---A building torn down to bits---A vintage destroyed building in 1969.---A destroyed building,20160608045337.0,wayback
6144f292-87c6-4f1b-84c4-6075c926378b,http://web.archive.org/web/20231128081156/https://1.bp.blogspot.com/-WGq7GxvXzqk/TwrZCYTq8YI/AAAAAAAAAvg/JP8z8WnlILw/s1600/DSC00001.JPG,water project,Was this part of your grandson's science project?---Who drew this picture?---How old is the child who made this?---Who made this diagram?,A project showing the water cycle---A diagram of the water cycle---A relief map showing waterflow---A poster board showing the water cycle---A painting depicting the water cycle,20231128081156.0,wayback
1a9644e2-4594-4c58-8f40-160ac6041385,http://web.archive.org/web/20180615062144/http://s.plurielles.fr/mmdia/i/89/2/coiffure-ete-2011-saint-algue-10402892tbwwy.jpg?v=1,brushing,Does she always go braless?---How old is the girl?---Is that woman a professional model?---Who is this lady?---Who is she?,A blonde woman wearing a white tank top with a white background---A woman with long blond hair wearing a white tankini---A woman with long blonde hair wearing a low cut top---A long blonde haired girl in a white tank top---A very beautiful model with dirty blonde hair and a white see through shirt,20180615062144.0,wayback
31876975-4c39-42ec-ad8d-e9901944296e,http://web.archive.org/web/20150316022735/https://theconservativetreehouse.files.wordpress.com/2015/02/obama_netneutrality.jpg,neutrality,Who is Obama talking to?---Was everyone on their best behavior when Obama came to the office?---What does it say on those blue screens?---Who is Obama talking to?---Did obama sound convincing?,People sitting at laptops while Barack Obama points at something---President Obama speaking in a room with people on their computers---President Obama speaking to some people who are seated next to computers---Obama points as people at computers watch---President Barack Obama standing in an office full of computers and staff,20150316022735.0,wayback
9c601e23-ad56-4155-a26c-70bc1984db42,http://web.archive.org/web/20231124222328/https://1.bp.blogspot.com/-gpye6PWVxQI/TbeV77LLB9I/AAAAAAAAA0A/-srMN5mqgHQ/s1600/avenue.jpg,avenue,Did you know the two people at the far end of this path?---What state is this in?---When was the last time the leaves were raked?---Is this a college campus?---What's the distance between each tree?,Sidewalk lined with leafy trees in park-like setting---A sidewalk in a park with a row of large trees on either side---A sidewalk that is shaded by trees that are starting to lose their leaves at the start of fall.---A sidewalk leading down a grove of trees in the spring---A sidewalk in fall with sunlight streaming through trees,20231124222328.0,wayback
66562804-662d-4e62-9412-6d169a603128,http://web.archive.org/web/20160220092151/http://knoxify.com/wp-content/uploads/2010/09/flat-tire.jpg,flat,What caused that tire to go flat?---What kind of Toyota is that?---What caused the flat tire on the car?---Why is this tire flat?---What caused the tire to be flat?,A flat tire---A closeup of a flattened tire on the road---A deflated Toyota car wheel---The tire of a Toyota flat on the asphalt---A flat tire on a Toyota,20160220092151.0,wayback
c6f2f2b3-a81e-4e92-b402-5ec221774e38,http://web.archive.org/web/20160117161238/https://upload.wikimedia.org/wikipedia/commons/b/ba/Times_Square_New_York_At_Dusk.jpg,times,What time is traffic the worst?---How much does a sign cost here?---What city is this a view of?---Is this Times Square?---How long did the traffic last?,A bustling city has many lit up billboards---Times Square in New York City---Tall buildings with colorful lights at dusk---Tall buildings in a city---A busy downtown metropolis at dusk.,20160117161238.0,wayback
86301e11-bae4-457a-b0c3-3e77dd21766b,http://web.archive.org/web/20131110100418/http://www.thegoddessblogs.com/wp-content/uploads/2012/11/bad-weather.jpg,bad weather,How long did it take for the ice to form?---How thick was the ice on the car?---Will the car start once it thaws?---What type of car is that?---How muc ice is covering the car?,Did not load---Did not load---Did not load---Did not load---Did not load,20131110100418.0,wayback
cc1bb380-4c96-4e39-8439-da2e6b782049,http://web.archive.org/web/20160916093916/http://about.abc.net.au/wp-content/uploads/2012/12/Producer-tweeting.jpg,producer,What is this man's job description?---Is that taking place at a broadcast station?---Is this a music studio?---What is he looking at?---What is he working on?,"A man with a headset looks at a computer with a studio behind him---Seated man in blue shirt wearing headset, in front of monitor---A young man with a headset looking at a monitor---a man sitting at a computer---A man sits in front of a computer with a headset on.",20160916093916.0,wayback
e359a9a5-5263-45bd-a3f6-091f7f196d63,http://web.archive.org/web/20160601015424/http://cdn01.dailycaller.com/wp-content/uploads/2014/08/165854412-e1407578208665.jpg,antitrust case,What building is that behind the sign?---Was this set up for the final four?---Who is that in the red hat?---Who was playing in the tournament?---What does the NCAA stand for?,People standing next to large blue letters---People standing in front of a large blue NCAA sign in front of a stadium---People pose in front of big blue letters spelling NCAA---People take pictures in front of a NCAA sign---People who are standing in front of a large NCAA logo.,20160601015424.0,wayback
aa2a85a7-4ebe-4e0e-af6c-c8b92afb6638,http://web.archive.org/web/20141129063843/http://seljpharma.com/images/business-permit.png,permit,Would you hang your first dollar earned next to this?---Was it easy to obtain this permit?---How do you get a permit?---What is this a permit for?---What type of business is this permit for?,A piece of paper that has the word permit on it.---A white official permit in a brown frame with glass---A framed piece of paper that has the word Permit written on the top---A permit given to a person.---A framed permit,20141129063843.0,wayback
7f994f41-8d7b-4ce7-9087-776dcc1fb2ac,http://web.archive.org/web/20161220173113/https://soundwaves.usgs.gov/2009/05/Erosn83desCVLG.jpg,erosion,Is he worried about falling off?---Are there any hotels nearby?---What is the danger of the cliff overhang breaking off?---What country is this ocean in?---What cliff is that?,A lone person stands on a cliff above the ocean---A person standing on a cliff overlooking the ocean.---A cliff on a beach---A person standing on a cliff jutting out over the ocean---A person standing near the edge of a cliff at a beach,20161220173113.0,wayback
82cc52f1-6ee3-4d32-9c7c-a6d340e66da2,http://web.archive.org/web/20160217045049/http://www.marthastewart.com/sites/files/marthastewart.com/imagecache/hmax-2048_wmax-2048/ecl/images/content/web/ms_living/2013/craft_jewelry/opener-008-craft-jewelry-d110245_horiz.jpg,craft,How much is all the material in the picture?---What are those made for?---What material did you use to make the roses?---What was being made?---What are these flowers made out of?,"Craft jewelry supplies, including small pliers, flower mold and flowers on ribbon---Clay crafting implements used to create a flower decoration---A crafting project that involves pink flowers and a bracelet with gold charms---A red rose hand crafted necklace along with jewelry making tools and embelishments.---Decorative jewelry making for young girls",20160217045049.0,wayback
578ddb68-2021-4c75-aeb6-4bee5a06c931,http://web.archive.org/web/20160125133248/https://upload.wikimedia.org/wikipedia/commons/c/c0/Sony_Building_by_David_Shankbone.jpg,building,What is the main business that rents the tall building?---What city is this tall building in?---What is the name of the building in the center?---What is the name of that building?---Do people ever jump off this building?,A building in a large metropolitan area.---tall building with many windows in city under a clear looking blue sky---High rise in the city---New York city with the Sony building showing prominently---A medium sized building in a city,20160125133248.0,wayback
4150235e-d533-4063-9571-0e3c284e808a,http://web.archive.org/web/20131115102557/http://www.strategypage.com/gallery/images/patrolling-mizan.jpg,patrolling,Was this picture taken in Afganistan?---What is the current mission for this troop?---Are they fighting in a war?---Where are these soldiers stationed at?---Where are these army men stationed?,Soldiers standing in a trench---A group of soldiers---A group of soldiers are sitting and standing in a dirt trench.---Soldiers with weapons standing in a dirt trench---A group of soldiers standing in a ravine looking over the edge,20131115102557.0,wayback
9675d996-e12b-4d0e-a512-a37eb3772758,http://web.archive.org/web/20161021133400/http://static.panoramio.com/photos/large/66405233.jpg,succor,How wide is the valley?---Did you walk in the gorge?---What country is this landscape in?---What valley is this?,A canyon in the desert with rocky slopes on each side---A canyon with a river running through it---A green and gold valley surrounded by red mountains---Mountains on a sunny day---An mountain range on a cloudy day.,20161021133400.0,wayback
27069be5-81e2-4c4e-87ee-ae58a803f3b9,http://web.archive.org/web/20161101110938/http://homedee.com/gallery/2013/04/flower-arrangment-ideas.jpg,arrangements,Did you get that bouquet for your anniversary?---What flowers make up this arrangement?---Are these real flowers?---What are those red leaves with the weird tubular structures?---What kind of flowers are those?,A large arrangement of flowers in a white vase on a wood table---A display of colorful flowers sitting in a vase---A bouquet of flowers---A brightly colored flora arrangement.---A vase full of flowers that is about two feet tall,20161101110938.0,wayback
2f69c219-1e75-4c8b-9582-8afdf6742287,http://web.archive.org/web/20141224214917/http://obxpaddlepalooza.com/wp-content/uploads/2011/01/bonfire.jpg,bonfire,What event was this?---What are they gathered for?---What is the reason behind this bonfire gathering?---How big is the fire going to get?---What beach is that?,People stand around a beach bonfire at night---People standing around a large bonfire on the beach at night---A large fire pit on the beach with people surrounding it---A bonfire on the beach---A big bonfire on the beach,20141224214917.0,wayback
c81a1d96-165e-4fa1-b485-62f74e0bde4a,http://web.archive.org/web/20131016154331/http://upload.wikimedia.org/wikipedia/commons/b/b2/Street_lamp_post.jpg,post,What type of light bulbs are used in poles such as these?---How tall is this light pole?---Do you have light poles like this on your street?---Where was this taken?---What type of day is this?,A street light along a curb---street light with a brown pole in a city under a clear looking blue sky---A street light along a road way---A street light on the side of the road on a sunny day---A light pole in the curve of a highway,20131016154331.0,wayback
7c265282-e545-4693-91cb-a288a4ee2958,http://web.archive.org/web/20160130063618/http://www.allparentstalk.com/wp-content/uploads/2012/07/kids_exercising.jpg,exercising,Are they exercising or just playing?---What kind of exercises are they doing?---Did someone prompt these kids to stretch?---Are they exercising?,Did not load---Did not load---Did not load---Did not load---Did not load,20160130063618.0,wayback
aab1a8db-b5c7-4c9e-9c6e-3a54ee7d3015,http://web.archive.org/web/20160324054021/http://media.jrn.com/images/660*485/b99261388z.1_20140502223156_000_gmg61elj.1-1.jpg,denounced,What is this man explaining?---What are they discussing?---What's with the yellow tape?---What kind of medal does this guy have on his jacket?---How did he earn those medals?,"A man in a grey coat and straw hat.---A man dressed as a confederate soldier on a city square---Man in gray and yellow suit talking to another man on downtown city street with cab and buildings---man wearing cowboy hat and glasses sporting a coat with yellow trim---A man wearing a gray and yellow uniform and cowboy hat, talks on the street.",20160324054021.0,wayback
accce38b-db1a-4cad-a5a3-0979231bb37e,http://web.archive.org/web/20140223173629/http://www.sportsmanswarehouse.com/img/products/original/burris_ar132_red_dot_sight_1298528_1_og.jpg,sight,What is the scope used for?---What type of scope is this?---Can you mount this scope on a shotgun?---How much does this cost?---Do you have any idea what this is used for?,A black device has a lens and a number of linking parts---A black metal device with a scope on it and knobs---a scope for a gun---A large black adjustable projector with the dial on the side with red and white numbers---A high powered camera lens.,20140223173629.0,wayback
bd848c89-74f9-4adc-8dea-19dcea6c6cd0,http://web.archive.org/web/20150725064616/http://www.londoncarpentrysolutions.co.uk/wp-content/uploads/2011/07/Custom-built-antique-wardrobe.jpg,built,What would you call this kind of cabinet?---Is that your house?---Did the closets have alot of space?---Whose room is this?---Is this in a hotel?,A large white dresser stands in a white room---empty white shelves between two white wooden cabinets with tall doors---A white armoire with doors on the sides and shelves in the middle---A white cabinet against a wall---A white cabinet with narrow shelves between the doors,20150725064616.0,wayback
5acf546a-7e00-4f42-9283-25626673b86a,http://web.archive.org/web/20240207155222/https://upload.wikimedia.org/wikipedia/commons/f/ff/Wasserfall_Plitvicer_Seen.jpg,seen,Are you allowed to swim there?---Is this Hawaii?---Are those waterfalls?---How is the water so turquoise?---How high are the waterfalls?,A waterfall that is in the middle of the forest full of trees and a body of water---A sunken pool of water with waterfalls flowing into it---Waterfalls in an isolated area---Several waterfalls feeding a forest pond---A lake in the woods beneath a waterfall,20240207155222.0,wayback
9e9771c3-3b22-4bea-a913-180ea5997430,http://web.archive.org/web/20160328185236/http://news.microsoft.com/stories/independence-day/_media/images/chapters/most-subjective-prologue/microsofts-3d-soundscape-technology-pilot-program.jpg,pilot program,What is this tall metal pipe used for?---What is this post made out of?---Is this an electric pole?---What type of silver pole is that?---What is the purpose of that pole?,A large metal pole in the middle of neighborhood near some houses---A silver pole with houses and trees behind it---Silver column by roofs of houses and tree top; blue sky background---A silver light pole with house roofs and trees---Large silver pole,20160328185236.0,wayback
96aa870a-ea65-484b-8ad4-ccdfb5b99579,http://web.archive.org/web/20140815005222/http://www.catsixracer.com/wp-content/uploads/2013/02/flat-tire.jpg,flat,How did the bike get a flat tire?---Was the tire hard to change?---Will the tire be able to be fixed?---What caused the bike to get a flat tire?---How did this tire get destroyed?,A flat tire that is on a bicycle on the road---A bicycle with a flat tire---A bicycle with a flat back tire.---The flat back tire on a bicycle---A bike with a flattened tire.,20140815005222.0,wayback
c0b6e4bd-3883-4bcf-8b70-888c16d86f0f,http://web.archive.org/web/20160115235303/http://media.dma.mil/2013/Jan/09/2000085418/-1/-1/0/130103-F-WB609-046.JPG,recapitalization,Do they make airplanes even bigger than this one?---How old is this airplane?---Where is that plane going?---What is the primary purpose of this aircraft?---Is it going to rain?,A large military plane with propellors moving---turboprop cargo plane on runway---A large gray airplane sits on a tarmac with its propellers spinnin---An airplane on a runway---A military plane ready for takeoff,20160115235303.0,wayback
bff0f57d-acf0-42ae-ae72-746925eca2f5,http://web.archive.org/web/20141205062652/http://www.ivstreamteam.org/wp-content/uploads/2012/02/Tree-planting.jpg,planting,What types of herbs are these?---What kind of plants are these?---what are they going to do with the plants?---What kind of plant is that?---Is this image trying to send a persuasive message?,Four people hold plants.---Four different sets of hands holding very green plants and soil---4 people holding out small trees---Four sets of hands holding plants and dirt---the hands of four people holding plants,20141205062652.0,wayback
3006fd1c-7577-4f37-a223-0ec2a2dee948,http://web.archive.org/web/20150211034615/http://staciwallace.com/wp-content/uploads/2010/03/Water-Drinking.jpg,drinking,Is she wearing sunscreen?---how hot is it?---Did she just finish running?---Do you eat carbs before you work out?---How many quarts of water does she drink a day?,"woman drinking bottle of water under sunny sky---A woman drinking a large bottle of water---woman with blond hair drink water from a clear bottle on a sunny day---A woman drinking a bottle of water as the sun shines down on her---Jogging, a lady stops to take a drink of her water in the strong heated day.",20150211034615.0,wayback
8188a467-5eb0-4533-9a69-ba2fdf636577,http://web.archive.org/web/20131108121308/http://atravellersjourney.com/wp-content/uploads/2012/12/Getting-to-Siem-Reap.jpg,reap,What ancient ruins are those?---Where is this ancient city?---Are there other old structures in this area?---Can you drive through the middle of that arch?---In what year was this structure built?,A covered bicycle taxi next to a bicyclist riding down a road towards an ancient archway---A path with an ancient stone archway---A road with a rock structure covering it---A small vehicle and bike on a bride leading to a structure---A car and bike on the road to some kind of temple,20131108121308.0,wayback
e24a2815-1f21-418f-b542-65aec320db97,http://web.archive.org/web/20150803194618/http://www.aic.sg/uploadedImages/Silver_Pages/Chronic_Diseases/High%20Blood%20Pressure%20-%20Image%201.jpg,blood pressure,Is that considered normal blood pressure?---What is the healthy range for blood pressure?---What is the brand name of this digital blood pressure cuff?---how accurate is that?---How much does this cost?,A blood pressure monitor---A gray blood pressure cuff with a digital reader---A blood pressure monitor with a digital reading.---A small blood pressure device with a monitor and some numbers on it---A blood pressure monitor and cuff,20150803194618.0,wayback
52a5a899-483d-4b6a-81a5-a93e5464d205,http://web.archive.org/web/20250412081924/https://upload.wikimedia.org/wikipedia/commons/7/78/Olive-backed_Sunbird_(Cinnyris_jugularis)_eclipse_male_690V5125.jpg,backed,What kind of bird is this?---What is responsible for the yellow color of this birds feathers?---Whats the top speed that the bird can fly?---What kind of bird is this?---How old is this bird?,"A yellow and gray bird with a long curved beak sitting on a branch---Yellow songbird perched on branch outdoors, with curved beak and brown wings---This is a yellow and brown bird sitting on a limb with a very long beak---A yellow bird perched on a green branch---A yellow and brown colored small bird perched on a branch",20250412081924.0,wayback
7bf1c295-3f16-42aa-b67c-23f04de8e02b,http://web.archive.org/web/20140202101207/http://webcastnewsroom.com/wp-content/uploads/2013/10/redsox11.jpg,world series,What type of event are these players celebrating?---What was the final score of the game?---Did they win the championship?---Who is the baseball player that is being held up in the air?---Did this team win the game?,"Baseball players celebrate a win---Baseball players celebrating a game---Baseball team celebrating on the field, with more players running toward the group.---Baseball players celebrating in the middle of the field during a game---Professional baseball players celebrating a victory",20140202101207.0,wayback
31687286-5652-4420-8fe8-ed2219549cb7,http://web.archive.org/web/20161024160233/http://wdc3d.com/wp-content/uploads/2010/05/field_1.jpg,field,What time of year was this picture taken?---Did it rain on this day?---Where is this?---Do you think this is pasture land?,An empty field with one tree and high grass.---A meadow with sparse trees---A grassy field with a few sparsely placed trees---A field of grass with a few trees in the distance---A field with a tree in the middle,20161024160233.0,wayback
573ad723-d5df-483d-86c6-69b3c1ae1d3f,http://web.archive.org/web/20151225160031/https://upload.wikimedia.org/wikipedia/commons/3/3b/Chrysler_building-_top.jpg,building,Did you go inside the Chrysler Building?---Is this building lit up at night?---Did you go to the top of the building?---What do you call this tower's architectural style?---Did you get to the top of the building?,The steeple of a skyscraper---The Chrystler building with its spires pointing towards the sky---The Chrysler Building in front of a blue sky---A pointed tower that is white and metallic---The top of a light grey skyscraper against a clear blue sky,20151225160031.0,wayback
d8e99d89-baeb-4231-a312-4411da0408b2,http://web.archive.org/web/20151105011038/https://upload.wikimedia.org/wikipedia/commons/e/e9/NICO_looks_at_himself.jpg,looking at,How long has that dog been looking in the mirror?---What is that dog thinking about?---What breed of dog is that?---How old is your dog?---Does a dog recognize its own reflection?,A golden retriever looking at itself in a mirror---A golden retriever dog looking at its own reflection in the mirror---A furry dog looking at himself in his reflection of a mirror.---A dog looking in the mirror---A golden retriever looks at himself in a mirror,20151105011038.0,wayback
21aab1d2-03bf-4280-8aed-56afc2d376fb,http://web.archive.org/web/20160119190610/http://jnlbracknell.co.uk/files/2010/02/birthday-parties1.jpg,birthday party,Whose birthday is it?---What did this kid wish for?---Are they having a joint birthday party?---What was your most memorable birthday party when you were a kid?---Are they triplets?,three children wearing party hats blowing out the candles on a cake---Children blow out a birthday cake.---Three blonde boys in birthday hats blowing out cake candles---Three children having a birthday party and blowing out the candles---Three children in party hats are blowing out the candles on a birthday cake,20160119190610.0,wayback
036ef602-5636-4a43-bacf-5139ce9d530e,http://web.archive.org/web/20140713110623/http://0.tqn.com/d/exercise/1/0/c/j/squat.jpg,squatting,What kind of exercise is she doing?---Is she leading a work out session?---What type of exercise is this called?---What type of exercise is she doing?---Do you do this exercise?,A woman in workout gear performing an exercise manuver---A woman in workout clothes does a squat.---Woman in athletic attire performing deep knee bend with arms extended forward---A woman performing a squat---woman doing squats exercise,20140713110623.0,wayback
6dc022cd-fbc2-4110-a872-e41cb0ca44a1,http://web.archive.org/web/20170502043001/https://upload.wikimedia.org/wikipedia/commons/8/87/Kea_Arthurs_Pass.JPG,pass,What kind of birds are those?---What kind of bird are those?---What kind of birds are they?---What kind of birds are those?---Are these a type of parrot?,Two birds sitting on a railing in the high mountains---Two birds sitting on a rail in a steamy lush valley---Teo birds on a fence---Two birds perched on a railing with mountains in the background---Two brown parrots perch on a wooden rail in the mountains,20170502043001.0,wayback
c80e32c4-c9a2-4760-88cf-e9582d8ddbc2,http://web.archive.org/web/20150315085412/http://stylonica.com/wp-content/uploads/2014/03/Nature___Seasons___Spring__038259_.jpg,spring,Where was this taken?---What city is this park in?---What type of tree is that with the pink flowers?---Are those cherry blossoms?---What type of trees are these?,A path going through a park surronded by trees covered in pink flowers---A tree with purple and pink flowers branching over a paved path in the grass---A pathway underneath flowering cherry trees in a park---A path with overhanging trees in blossom---A pathway winds through a park with trees blooming pink blossoms,20150315085412.0,wayback
f07fe466-2cf1-434e-94f2-b887cc97dfd0,http://web.archive.org/web/20150413060234/http://www.hairtransplantnetwork.com/hair_transplant_photos/Dr_Friedman/hair-transplant-photos-top-161292.jpg,transplant,Are you thinking of getting hair implants?---Is that the same person?---What causes hairless in these men?---What medication did he use for hair regrowth?---How long after the transpland did his hair turn grey?,Bald spots on various men---Top of man's head showing progression of treatment for thinning hair---Pictures of men's hair that has been regrown---tops of head of four balding men---Four men at different stages of balding.,20150413060234.0,wayback
6a7d5e69-68f2-4e70-bb07-178dac21a229,http://web.archive.org/web/20130328153734/http://carrotsncake.com/wp-content/uploads/2009/06/img_1063.jpg,cooking dinner,How old is this individual?---What is the man preparing?---Does your friend always cook for you?---What is he cooking?---What was he cooking?,A man with an orang cap cooking on a stove---A man cooks dinner in a stovetop wok.---Man in ballcap stirring green food in a pan on a stove in white kitchen---A man cooking with a silver wok on the stove top---A man in an orange hat cooking,20130328153734.0,wayback
092c0fc6-658e-4f52-8858-646a28046232,http://web.archive.org/web/20150802095612/http://cozycornerchildcare.com/images/j0438799.jpg,child care,How old is the little boy?---How old is the kid?---At what age should kids start picking up their own toys?---Is this scene in a daycare or a home?---How old is that child?,Did not load---Did not load---Did not load---Did not load---Did not load,20150802095612.0,wayback
5f572712-5341-40c7-be84-635094265f9f,http://web.archive.org/web/20160407053045/http://www.mykonos-accommodation.com/images/mykonos/sports/mykonos%20water-sports%20'06%20(diafora)%20109.jpg,water sport,How fast can that jet ski go?---Where was this taken?---Is this is own jet ski?---How high can this jet ski get on a jump?---Is the jet ski a rental?,A shirtless man is riding a yellow wave runner on water.---A man on a jet ski navigating through the ocean.---A shirtless man on a yellow and white jet ski in the middle of the water---A man riding a skidoo in the ocean---A man with a cap on a yellow yet ski,20160407053045.0,wayback
812a1274-6a40-4f9a-9441-3aa59cb4b8f9,http://web.archive.org/web/20120608151923/http://histarmar.com.ar/AccidentesNavales/USSBuchanan/sinking.jpg,sinking,Is this ship being sunk intentionally?---Why did the ship sink?---What happened to that ship?---What happened to the ship?---Why is the boat sinking?,A boat appears to be sinking.---A sinking battle ship in the ocean.---A large ship in the ocean that is sinking underwater---A large ship sinking into the middle of the ocean---a large boat with the back half under water in the middle of the ocean,20120608151923.0,wayback
3e48c368-63c1-4e63-b6f1-3314e92de338,http://web.archive.org/web/20150630202929/http://geekologie.com/2015/05/05/concerned-kitten-8.jpg,concerned,What breed of cat is this?---Why does the cat have eyebrows?---How old is the kitten?---Have you ever seen a cat with eyebrows before?---What is this kitten looking at?,A cat is perched on a scratching post and looks unhappy.---A white cat perching on an object I can't identify.---A white cat plays on a scratching post.---A white kitten standing on a sisal scratching post near a wall.---A small white kitten resting on a scratching post next to an electrical outlet.,20150630202929.0,wayback
ae734b95-15d1-4371-9191-24cb2e84a1f7,http://web.archive.org/web/20150804105626/http://liquidjuicebar.com/images/179087_164991556882006_159407704107058_345563_8146589_n.jpg,liquid,Are these smoothies?---Did you make those?---Does the green drink taste nasty?---What are all the flavors?---Which juice tasted the best?,Did not load---Did not load---Did not load---Did not load---Did not load,20150804105626.0,wayback
3924671c-a734-477c-8b18-da8bb50e1b73,http://web.archive.org/web/20180310032710/http://bellingenbuildingco.com.au/wp-content/gallery/restumping/restumping01.jpg,stumping,What happens if those bricks fall?---Does this really hold up the home?---Are these supports actually as unsteady as they appear?---Why is this building being liften?---Is the house going to be moved?,A house with wooden panels is propped up---A house is being staked up by sets of bricks with a walkway nearby.---Two stacks of wood underneath a house---A home jacked up---Stacks of railroad ties in place beneath home ready to be lowered onto,20180310032710.0,wayback
278188e8-eb11-4d16-9491-7db65d2c7cea,http://web.archive.org/web/20231129205104/https://1.bp.blogspot.com/-7Vq_MfqOytA/TfZ8NRGjG0I/AAAAAAAABmM/si7JBsCW72Y/s1600/december-geese-leaving.gif,leaving,Are those geese migrating?---What direction are the geese flying?---What type of geese are these?---Where are the ducks going?---Are the birds flying south for winter?,"Several ducks walking and several ducks flying in the air---Geese flying against a cloudy sky---Geese flying through the sky with other geese standing on the hill behind them---Four geese are flying low and are outlined by the,setting sun---A flock of geese flying in the night sky",20231129205104.0,wayback
83972570-0de1-4698-ad50-3c385baf8518,http://web.archive.org/web/20160731065640/http://www.konecranesmts.com/sites/mts/files/main_image/scraping.jpg,scraping,What is he working on?---Can that cut through steal?---Do you have any idea what is being done here?---What kind of tool is in his hand?---Is he using the tool to sand with?,A man using a piece of machine on a piece of metal---A man working with a piece of equipment on a gray bar---A worker shaving off the top of a piece of wood---Shop mechanic using power tool on long metal band---A worker wearing a uniform using a tool to work on a long structure,20160731065640.0,wayback
5dae3d87-9a8e-4c35-9f8c-67d20d5d6540,http://web.archive.org/web/20160204062953/http://meded.ucsd.edu/clinicalmed/neuro_brachial_radialis_reflex.jpg,reflex,Who is being examined?---Did everything turn out to be ok?---What is the doctor doing to that person?---Is this man being examined by a doctor okay?---WHo was having their reflexed checked?,A doctor checking a patient's reflexes by tapping his arm---A doctor is performing a nerve exam on a patient's arm.---A doctor checks a patients vital signs---A person sitting in a hospital gown as a doctor uses their hammer to test arm reflexes---A doctor is inspecting a patients arm,20160204062953.0,wayback
1f052463-4c6f-4d66-853d-b87168e29ef6,http://web.archive.org/web/20201010141633/http://blog.defgrip.net/wp-content/uploads/2012/02/c03_0003893a.jpg,civil war,Who are these men?---Are these soldiers Union or Confederate?---How long ago was this photograph taken?---Are these men white supremacists?---Are any of these men your ancestor?,"There is a large group of men, some young, some old posing for a picture in the woods---A group of 19th century men posing---A group of men in civil war clothing posing in front of trees---Civil War Soldiers prepare for a photo---A group of men gathered with each other to take a picture",20201010141633.0,wayback
a9d2078b-0ffc-4a7c-b25d-c25d20783146,http://web.archive.org/web/20130217234741/http://www.ctf74.navy.mil/subball/2008/2008/DSC_0126B.jpg,submarine ball,For what occasion are these people gathering?---Who's wedding is it?---What do you suppose they are celebrating at this gathering?---What's the special occasion?---Is this a military ball?,Did not load---Did not load---Did not load---Did not load---Did not load,20130217234741.0,wayback
f5d8d5c8-1905-47a0-ac99-05f41b8a56ed,http://web.archive.org/web/20160104203815/http://pattayatoday.net/wp-content/uploads/2011/01/Suspected-British-pedophile-arrested.jpg,suspected,What language other than English is written on that board?---What crime did he commit?---Why did he get arrested?---What is the language at the bottom of the sign?---What is this guy's crime?,A man holds a sign as he stands by a wall---A man in yellow getting his police photo taken---A man's mugshot---A man with grey hair and wearing a yellow shirt holding a sign with him---David Charles Taylor,20160104203815.0,wayback
200ad636-3291-4fa7-8a30-7fc352864529,http://web.archive.org/web/20130521154029/http://www.blakehammerton.com/wp-content/uploads/2010/12/public-speaking-with-toastmasters.jpg,speaking,What were they speaking about?---Who was giving a speech?---What kind of microphone is that?---What is the crowd waiting for?---What type of microphone is this?,"An open microphone with an audience off-stage---A microphone in close up, with the audience out of focus in the background---closeup of microphone looking with audience in background---A microphone with people behind it---A close up of a microphone from in front of an audience",20130521154029.0,wayback
52c44c1b-37c0-41ca-8420-905d913bcd02,http://web.archive.org/web/20160116211737/http://www.torange.us/photo/5/13/Illegal-wages-in-an-envelope-Dollars-1271926764_73.jpg,wages,Why did people give you such a random assortment of cash?---Is this chore money for the kids?---Why is this money sticking out of this envelope?---What was this money used for?---What's the money for?,Did not load---Did not load---Did not load---Did not load---did not load,20160116211737.0,wayback
a0fb0b3b-a8d4-427f-ac33-1a0b8718ca47,http://web.archive.org/web/20160417103140/http://malaysiatravelnews.com/wp-content/uploads/madeeh-sarawak-womex.jpg,represents,What type of performance are these men doing?---What instrument is he playing?---Are these guys any good at playing?---Is this speaker at a conference of some sort?---What kind of music are these men performing?,Three men on stage while sitting---Three people are speaking on stage at an event---People seated and leading discussions---Three asian males sitting side by side---Three men sitting cross legged on a stage,20160417103140.0,wayback
629d1840-46f3-43ef-b08d-9db05c4ce37a,http://web.archive.org/web/20150404020530/http://1.bp.blogspot.com/-p3LgJTjlUk4/UMrY_bkhkCI/AAAAAAAACCo/y6030X24yKg/s1600/Needs+Wants+Sort.jpg,wants,Is this an elementary school project?---Why does this person need an apple?---Was this a school project?---What age is this craft for?---What is the purpose of this child's assignment?,"Two Christmas stockings are featured one that is labeled with Needs and one that is labeled with Wants---Two construction paper stockings---Christmas stocking pictures---Two Christmas stockings---A poster with red Christmas stockings that says ""needs"" and ""wants""",20150404020530.0,wayback
c595c3e1-af42-4b93-a002-9bed6b0e23fb,http://web.archive.org/web/20111122093855/http://aquaexplorers.com/metaldetectors4.jpg,detecting,Was he looking for something?---What is this guy doing with headphones and a wetsuit?---What is he looking for?---What is the man looking for?,A man metal detecting in deep water---A scientist in wet suit stands in water and probes down with a rod---A man wearing blue and black wading thigh deep in water with a square white floater and a stick---A man measuring water with a device---A man in the middle of a body of water holding a pole,20111122093855.0,wayback
2d4277a4-1e3d-4789-bfc2-5f6179f20f6c,http://web.archive.org/web/20141002135554/http://upload.wikimedia.org/wikipedia/commons/a/ae/US_soldiers_patrolling_the_streets_of_Asadabad-3.jpg,patrolling,What are they patrolling?---What city are these men defending?---What are the soliders protecting?---Why are the guys armed?---What country are these soldiers from?,"A group of soldiers stands at the top of a steep incline---Soldiers looking down a steep slope---Soldiers in camouflage stand on a concrete bank---A group of soldiers are surveying the area, and ther eare civilians around them---A group of soldiers stand on top of a road hill watching a crowd",20141002135554.0,wayback
4db08886-2ea9-48cc-b366-5d3a848fc176,http://web.archive.org/web/20140908004228/http://www.apnatimepass.com/heroine-movie-wallpaper-27.jpg,heroine,Was this from a movie?---What is in the middle of her forehead?---What ethnicity is this woman?---What is her name?---Did she do her own makeup?,"A woman wearing a lot of makeup with pink lipstick and a pink flower in her hair---An Indian woman smiling for the camera---A dark haired woman with a pink flower in her hair is smiling at the camera.---A woman is smiling---A brunette woman wearing pink and blue with a pink flower in her hair, pink lipstick and rouge, and a nose ring",20140908004228.0,wayback
0f19f9ad-7928-45cc-9a82-62aea9beac7e,http://web.archive.org/web/20130531080537/http://www.birdsofeden.co.za/userfiles/article/Largepics/hummingbird11.jpg,humming,What kind of bird is that?---What kind of hummingbird is this?---Is that a humming bird?---How fast can a hummingbird fly?---How fast did the camera have to be to get this shot?,A flying hummingbird---A hummingbird in flight---A hummingbird flies upright with iridescent green feathers and a red beak---A humming bird with shiny features hovers in the air---a blue hummingbird,20130531080537.0,wayback
58303629-799b-4fca-b3b6-7acd10f2477b,http://web.archive.org/web/20160210041102/http://www.allstarkievrealty.com/blog/wp-content/uploads/2013/03/Healthcare-Ukraine.jpg,medical care,When did you become a doctor?---What kind of doctor is she?---How old is the doctor?---What type of doctor is she?---What professional position does the smiling woman hold?,A doctor smiling in front of two other medical workers---A woman wearing a doctor's coat smiling with other people in the background---A woman doctor with a stethoscope around her neck smiles.---A doctor smiling at the camera---A female doctor with a stethoscope around her next smiles with two people behind her,20160210041102.0,wayback
18ef1255-2811-44cc-9f89-ec83be732aaf,http://web.archive.org/web/20240711204219/https://upload.wikimedia.org/wikipedia/commons/d/d7/Bradbury_building_Los_Angeles_c2005_01383u.jpg,building,What is the name of the intersection where the building is located?---What city is this building in?---Is this a famous building of some type?---Is this building occupied?---How old is the building?,"A closeup of a large, corner building---A large office building---A brown building on a street corner---A brown colored building in the middle of a city---A red building with people walking around outside",20240711204219.0,wayback
7d40eeaf-3ce5-4e8a-90de-e79f01555c94,http://web.archive.org/web/20160318080809/https://upload.wikimedia.org/wikipedia/commons/4/40/Jet_a1_truck_refueling_dsc04316.jpg,refueling,Are they putting fuel in the airplane?---How much fuel did the airplane need?---What is that truck doing?---What is the hose going into?---What is that pipe for?,Several wires coming away from a machine---A jet being refueled---An airplane refueling truck hooked up to a plane---A jet being refuelled by a truck---Airplane equipment underneath a wing on the tarmac,20160318080809.0,wayback
17e6313d-2847-4730-b865-020354cacb1a,http://web.archive.org/web/20110703130954/http://theweddingshoebox.com/wp-content/uploads/2010/01/tr099.jpg,wedding party,Have you ever wanted to be a bridesmaid?---When is her wedding taking place?---How old is the bride?---How old is the woman that's getting married here?---Is the bride your daughter?,A bride and her bridesmaids post for a picture---A bride surrounded by her bride's maids in the middle of the walkway---A bride and her seven bridesmaids pose outdoors---A bride posing with her bridesmaids---A bride is surrounded by her wedding party and they are standing by trees and a building,20110703130954.0,wayback
f46655c3-8e8e-48b0-9e2b-5b93a4cb9874,http://web.archive.org/web/20150912075343/http://www.sacbike.org/wp-content/uploads/2013/03/woman-+-bus.jpg,commuting,How do you ride bike in chunky heels?---Where is she going?---To what destination is the woman on the bicycle traveling?---Is she about to get hit by the bus?,A female cyclists rides in front of an orange bus---A man riding a bike in front of a bus---A man is riding his bike in front of a bus---A person on a bike in front of an orange bus---A woman on a bike crossing the street near a bus,20150912075343.0,wayback
ade905c7-622d-4536-bd7c-f983103aee73,http://web.archive.org/web/20160204053639/http://meded.ucsd.edu/clinicalmed/neuro_patellar_reflex2.jpg,reflex,Is he getting his reflexes tested?---What kind of symptom is the patient getting checked for?---Why were you at the doctor?---What is the name of this doctor?,A doctor tapping a patient's knee---A person getting their reflexes checked---A doctor doing a test on a patient in the hospital---A doctor inspects a man's knee while laying down.---A doctor is inspecting a man's knee,20160204053639.0,wayback
517a4653-4624-4cfc-8eeb-59e1d58d666c,http://web.archive.org/web/20161119082712/https://upload.wikimedia.org/wikipedia/commons/8/8a/Market_in_Cambodia.jpg,market,What country is this in?---What food market is the country in?---Was the produce fresh?---How good were the prices at the market?---Where is this market located?,People shopping at an outdoor market---A slightly busy farmer's market---Customers are shopping at the market---People shopping at an outdoor farmer's market---Some customers walking through an open air market with food stands,20161119082712.0,wayback
1c84aaac-e78f-4d8e-89e3-75e9c2b62a8d,http://web.archive.org/web/20150330124313/http://motoburg.com/images/volkswagen-new-beetle-convertible-01.jpg,convertible,Is this an advertisement?---Where was this car parked?---What type of car is that?---What year is this car?---What kind of car is that?,A black Volkswagen Beetle convertible parked on the beach.---A black VW by the water with it's top down---A black convertible car---A convertible VW---A convertible is parked on the beach in front of a body of water,20150330124313.0,wayback
3c7288f7-ee89-4f88-81cd-c3fa54a60a23,http://web.archive.org/web/20160123202447/http://www.attunefoods.com/data/fe/image/DIGESTIVEHEALTH-%20Healthy%20eating%20for%20people%20w%20food%20allergies_iStock_000014341028Small.png,healthy,What other vegetables did you use?---Are those organic?---What will these vegetables be used for>---Isn't that a beautiful basket of vegetables?---Are these for making salsa?,A variety of vegetables in a basket---A basket filled with vegetables---A basket of vegetables---A basket filled to overflowing with fresh vegetables---A variety of vegetables in a basket on top of a counter,20160123202447.0,wayback
8d311d9a-fe25-4e87-9652-e826619b5f05,http://web.archive.org/web/20101205043251/http://wolaver.org/log/spring_2010/Raised_garden_4.jpg,raised,What are they growing in the garden?---How long did it take to start producing vegetables?---How old is that dog?---What will be planted here?---What is going to be planted in the boxes?,Backyard garden and a dog---Four square soil beds are aligned in grass.---Three box gardens---An outdoor garden near some trees---Planter boxes in large field ready to be used for crops,20101205043251.0,wayback
b55c9fcf-d5aa-4770-a6a9-6a11a00ba0d6,http://web.archive.org/web/20141122052204/http://fashionfoodandflirts.files.wordpress.com/2013/02/suits-series.jpg,series,Who is the guy on the left?---Have you ever watched this TV show?---How old are those guys?---How much are those suites?---Are those suits tailored?,Two men standing side by side in suits---Two men in suits---Two men in suits pose in front of an iron gate---Two men are wearing suits---Two mean wearing similar suits standing in front of a door with lattic work,20141122052204.0,wayback
530cf770-3e64-49f4-b050-ca4978a345bb,http://web.archive.org/web/20211009004845/https://upload.wikimedia.org/wikipedia/en/1/13/Simple_column_for_Ni2%2B-affinity_chromatography.jpg,column chromatography,What is the tube for?---What sort of apparatus is this?---What is in the tube?---What is in the tube?---What is in the tube?,A vial that is held on a silver braced on a metal pipe---A test tube clamped to a metal stand---A glass tube with blue on the top and bottom held next to a white wall by a metal frame---Chromatography experiment---An empty test tube,20211009004845.0,wayback
ce272ad8-6fa5-4c24-8955-b1572d1d8023,http://web.archive.org/web/20160115063404/https://upload.wikimedia.org/wikipedia/commons/f/f0/Fifth_Avenue.jpg,avenue,What city is portrayed here?---Is the traffic always so light?---Is this city normally more busy than this?---What city is this?---What city is this street in?,A group of taxis and cars traveling through downtown surrounded by tall buildings---A downtown shot of a street with many cars---yellow taxis on city street---A busy city street with tall buildings---A street with taxis and cars and tall buildings on either side,20160115063404.0,wayback
69c3140a-1de7-4bcd-8288-c6a896b7c3a2,http://web.archive.org/web/20231128193407/https://1.bp.blogspot.com/-Dr-AZFEg5T8/T8RAL0z4VvI/AAAAAAAAAJo/m56qLHkDVrU/s1600/we-bought-a-zoo-movie-image-matt-damon-tiger-01.jpg,bought,Is the tiger in the zoo?---Where was this taken?---How long has the tiger been in captivity?---What was the name of this zoo movie with Matt Damon?---What is the tigers name?,man looking at tiger in cage---A man looking at a tiger inside of a cage---A man leans down towards a cage that has a tiger on the other side---A young man gazing through the fence at a large tiger---Matt Damon face to face with a tiger,20231128193407.0,wayback
6e737885-c502-45cb-af1a-041e3bd86365,http://web.archive.org/web/20140125050102/http://www.bioag.novozymes.com/en/products/unitedstates/PublishingImages/1AGST-28028_sc%202_dark_corner_ppt.jpg,crop,What type of crop is growing?---Are the crops ready for harvest?---What kind of crop is this?---What type of crop is growing in this field?---What kind of plants are those?,The sun sets on a farmer's field of green plants---A field with a lot of green food growing with the sun setting in the background.---A field at sunset---Sunrise bringing light to large crop field---A field of green crops with the sun setting in the distance,20140125050102.0,wayback
58e81ebd-2c23-42ad-857c-5b420a9bd0cd,http://web.archive.org/web/20151008173635/https://upload.wikimedia.org/wikipedia/commons/0/0d/Horse_race%2C_Churchill_Downs_2008-04-18.jpg,horse race,How much does a jockey weigh?---Did you bet on the race?---What is the name of this horse race?---Which horse will win the race?---How far are you from Saratoga?,A dark brown horse leads a group of lighter brown horses---horses racing on a muddy track---Race horses in full stride---Jockeys ride their horses in the race---A group of jockeys riding their horses on the wet track,20151008173635.0,wayback
501a7aea-2cbb-4973-9c49-ceae025bfb34,http://web.archive.org/web/20171008234011/https://theuglytruth.files.wordpress.com/2014/01/silverman.jpg,hailed,Is that Sarah Silverman?---Is she high?---Why is she posing so provocatively in a tee shirt supporting an elementary school education program?---Does this get lewder than it already is?---Why is she posing like that?,A woman is laying seductively on a couch.---A woman in red heels leaning back with one leg hanging off the bench---A woman wearing a black top and black jeans while lying on a bench---A woman reclining on a bench pulling her shirt down to reveal a breast---A woman laying back and pulling her shirt open,20171008234011.0,wayback
c0fc35a4-7cc3-46e6-bf68-4cbf14340186,http://web.archive.org/web/20130829015924/http://www.photoattorney.com/uploaded_images/CaribouLayingDown-712331.jpg,laying,Is this a natural habitat?---How mature is this buck in age?---Was this in the wild or a zoo?---Is this an elk?---How did you get so close?,An elk with giant antlers lying in the grass---A large brown elk lying on the ground in a grassy hill---A large deer in a grassy field with large antlers---A deer with a large rack of antlers lies in a field---A deer is sitting in the gras,20130829015924.0,wayback
393faf6e-4c65-4150-980a-b71006b964c7,http://web.archive.org/web/20160104172741/http://www.nbc.com/the-tonight-show/content/sites/nbcutsjf/files/images/2015/01/15/150115_2840707_jay_baruchel_worked_with_jimmy_on_almost_fam.jpg,worked,What do you call that balding pattern?---When did that guy start losing his hair?---What show is that?---What tv show is this?---What film is this actor promoting?,A man wearing a grey suit and sitting on a chair during a talk show---Adult man listens to question being asked during television interview---An actor being interviewed on a talk show---A man is being interviewed on a late night talk show---A man in a gray suit,20160104172741.0,wayback
61ccab4c-14cf-411f-9e39-5424409c120b,http://web.archive.org/web/20160115023418/http://www.interiordesigninspiration.net/wp-content/uploads/2013/01/Interior-Design-0011.jpg,interior design,Is this a master bedroom or a guest room?---Is that a whirlpool bath in the bathroom?---Whose bedroom is that?---Did a designer put together that room?---Is that a model room?,A neat bedroom with carpet and white walls---A white bedroom with a red chair---A simply designed bedroom---A bedroom has a gray bedspread and red accents---A clean bedroom with a red accent chair,20160115023418.0,wayback
2c429afb-d008-421a-a16b-bb05b8d30b2f,http://web.archive.org/web/20160205080004/http://healthy-usa.com/healthy-eating/healthy-6.jpg,healthy,Why are there rulers around the fruit?---What type of apples are these?---What is the mean diameter for most apples?---Whats the average apple size?---What type of apple is this?,Apples wrapped in measuring tape---Three apples with measuring tape around them---Three apples with tape measures around them---Yellow apples with measuring tape around them---Measuring tape circles three yellow apples,20160205080004.0,wayback
19f557b4-85ff-45b5-a401-e8b69a486b5b,http://web.archive.org/web/20141201082803/http://www.themathhattan.com/wp-content/uploads/2013/02/seen-unseen-fabien-castanier-gallery-recap-13.jpg,seen,Is there something on the other hand?---What dose seen mean?---Do his tattoos have any meaning?---Was this old man in a popular band when he was younger?---What is the significance of the tatoo?,"gray haired amn holding out his fist with ""seen"" written on his fingers---An older man with tattoos on his fingers---A gray haired man with seen tatooed on his fingers---An older man showing off his knuckle tattoo---A man with ""SEEN"" tattooed across his knuckles",20141201082803.0,wayback
097922d0-bc1c-4a26-a281-708517d6dd50,http://web.archive.org/web/20160114070429/http://directory.ac/files/dumblists/products/backyard-landscaping.jpg,landscaping,Who designed the garden?---What kind of trees are in the picture?---What do the little blue and green flags mean?---How long did it take to make a garden like that?---Is this your backyard?,"A yard that has a grass lawn and some trees---A landscaped backyard has plants, stones and trees---A green lawn next to a landscaped area with trees and houses---A landscaped backyard---A garden next to a forest",20160114070429.0,wayback
92a8765d-01b5-48b5-96a6-f71e422d7f5a,http://web.archive.org/web/20150609053923/http://therefinedlife.com/site/wp-content/gallery/sports/bigstock_Horse_Racing_622988.jpg%20horses.jpg,horse race,How much is that horse worth?---Why do jockeys ride without sitting on the horse?---How fast is that horse running?---How much does the jockey weigh?---Who's winning the race?,Two jockeys on the back of two horses racing very fast---Two jockeys are racing against each other with the blue jockey leading red by half a length.---A couple jockeys riding their horses in a race on the track---Jockeys stand on running horses---A brown horse winning a race,20150609053923.0,wayback
8e0b307e-e6fe-45a2-b7f2-0cc0b2d0cf3a,http://web.archive.org/web/20140706095204/http://www.thedetroitbureau.com/wp-content/uploads/2014/03/Attorney-General-Eric-Holder.jpg,attorney general,Does this man hold an important role?---Why does this man look confused?---How old is the person in this photograph?---How old is this guy?---Do you think he ever takes life too serious?,Attorney General Eric Holder---A black man with grey hair and a mustache wearing a suit---A grey headed dark skinned man in a suit---A man with a concerned look on his face---Eric Holder is wearing a suit and making a statement.,20140706095204.0,wayback
7c8c200a-ecd8-4787-87f6-044115e8a4ad,http://web.archive.org/web/20160223053116/http://www.onegoodthingbyjillee.com/wp-content/uploads/2012/04/window-washing-111.jpg,window-washing,How dirty was the window before the man decided to clean it?---What else did he clean?---How long did it take to wash?---Why was the window dirty?---Did the windows end up clean?,A workman washing a window on a house---A man cleans a large window on a home---A man using a long brush to clean the outside of a window---A man cleaning a window---A man in a hat washing windows,20160223053116.0,wayback
fc2a690e-3952-4485-b5c1-6321fcec99a3,http://web.archive.org/web/20150509232549/http://mediad.publicbroadcasting.net/p/kwmu/files/styles/related/public/201403/4853491803_a05b514aee_b.jpg,accounted,Did you take a class here?---Why is the classroom empty?---How many chairs are in this classroom?---What types of classes are held in this room?---What type of school is this?,A classroom full of desks---A classroom that is full of desks that have orange seats and a chalkboard---An empty classroom with a blackboard and red chairs---An empty classroom---An empty classroom,20150509232549.0,wayback
2cac7614-0122-447d-9631-98834b4e8b8f,http://web.archive.org/web/20130910204500/http://clockworkbuilders.com/gallery2/basement5-800.jpg,remodeling,Is the fireplace gas or electric?---Is it a gas fireplace?---Did you remodel?---What style are those bench chairs against the wall?---What sort of business is this waiting area located at?,"Living room with wood floor, yellow curving sofa, fireplace, and chairs with cross legs---A living room with a yellow sectional couch and two chairs with plaid fabric---A living room with a curved yellow sofa, wood floors, fireplace, and three chairs---A living room with a large wrap around couch---A living room with chairs and a yellow sofa",20130910204500.0,wayback
8ae2bf40-04f7-4f92-ad9b-b5e9690e978d,http://web.archive.org/web/20160205035440/http://telcoamericana.org/wp-content/uploads/2014/01/plowing-the-way-alaska-wallpaper-hd-wallpapers-nature-photo-alaska-hd-wallpaper.jpg,broadening,Isn't all that snow strikingly gorgeous?---What mountain ranges are those?---How many people climb that peak in the back ground each year?---How cold is the temperature during this instance?---Is this Mt. Everest?,A snowy road leading up to some montains---A road that leads towards a mountain range that is full of snow---A road leading to a snow covered range of mountains---A back road leading to snowy peaks---A long straight snow covered road,20160205035440.0,wayback
82e16b1d-e7da-449b-8152-f55aee821575,http://web.archive.org/web/20141129124805/http://www.audituningmag.com/wp-content/uploads/2010/08/rendered-tuned-audi-a1.jpg,tuning,Was this car used for racing?---What modifications have been done to this car?---Would I look cool driving this car?---Are you thinking of buying one?---How old is that car?,This is a small two door red car with a black roof parked in front of mountains---The back right of a red two door Audi---A red hatchback car stands in the desert---A red colored two door car parked in an area near some mountains---A small red car,20141129124805.0,wayback
efb5e983-c35f-4014-8303-ac89dc2baec5,http://web.archive.org/web/20160215062507/http://www.saltinstitute.org/wp-content/uploads/2013/10/Blood-Pressure.jpg,blood pressure,What is the person's blood pressure ended up being?---What is a safe level for blood pressure.---Who's hands are those?---How high is her blood pressure?---Is that a normal reading?,"Hands holding blood pressure monitoring device, administering test on patient's arm---Hands holding a blood pressure monitor---A doctor is checking a patient's blood pressure and looking at the meter---A health care professional looks at the reading on an instrument---A doctor measures a patient's blood pressure",20160215062507.0,wayback
5f456e50-a914-4337-939b-81c730d66a8f,http://web.archive.org/web/20231128171708/https://1.bp.blogspot.com/-29aX32gt3D8/TXzB_2PvBNI/AAAAAAAAQnQ/tBy56jeJsyk/s1600/Picture%2B148.jpg,wrapped,What is this made of?---Are those shrimp on the plate?---What kind of food is on the plate?---Are these for dessert?---What is inside of these?,Cooked food arranged on a plate---A plate of food---Bags filled with food sit on a plate---A dish that is full of a food on it that is brown and tan in color---Bagged food items,20231128171708.0,wayback
0c6343f1-1ec2-46fc-a496-9fdb41761ad1,http://web.archive.org/web/20230831100124/https://upload.wikimedia.org/wikipedia/commons/thumb/0/00/Sheep_on_a_drought-affected_paddock.jpg/1280px-Sheep_on_a_drought-affected_paddock.jpg,affected,Why are there so few trees?---What kind of animals are those?---Where are these lions going?---Is that your back yard?---We're there any other livestock out on the range?,A group of animals stand underneath a tree on a plain---Cows are standing under a tree---Sheep grazing near a tree---A large tree stands in a field that has some cows on it---Sheep i na meadow under a tree,20230831100124.0,wayback
0193d360-2ec1-4607-a2b8-69c3e01a4940,http://web.archive.org/web/20160716053631/http://www.picturingscarlett.com/wp-content/uploads/2013/02/20140214-P2140066.jpg,picturing,What is her little black dress made of?---What do you think she's waiting for?---Did you start getting more responses as soon as you posted this on your dating profile?---Is this woman a realtor?---Dose she ever model nude?,A red headed woman wearing a tight dress and high heels standing in a doorway---A woman posing in a doorway in a tight dress---A red haired woman in a little black dress---An attractive woman with red hair in a tight black dress stands in a doorway---red haired young woman posing in doorway wearing short black dress,20160716053631.0,wayback
606f94af-2257-486d-809c-1f7a27664aff,http://web.archive.org/web/20160216010219/http://lerablog.org/wp-content/uploads/2013/08/lorry-accident.jpg,car accident,What caused the crash?---Was anyone killed?---Did anyone die in the accident?---Did the driver survive the accident?---Did someone die in this crash?,A semi and a car in an awful accident---A semi truck is involved in an accident---A semi truck accident with an overturned small car---A car accident involving multiple cars---collision between tractor trailer and car with car upside down,20160216010219.0,wayback
ddc06c50-35c6-4d16-b5b6-193ee5ef888b,http://web.archive.org/web/20160503054948/http://northamerica.mslgroup.com/network/conversations/wp-content/uploads/sites/8/2013/03/tornado.jpg,tornado,"What causes that funnel formation?---How fast do you think the wind speed is to this tornado?---was that picture taken by a ""storm chaser?""---Is that a tornado?---How many buildings did this tornado destroy?",A large tornado spinning around in the out plains of a city---A dark gray tornado with a touch of blue sky in the back---A tornado passing through a field kicking up dirt---tornado with dust storm moving across field---A very dark sky with a tornado twisting around on a green meadow,20160503054948.0,wayback
53725e2a-f8ba-40e2-9018-efab14fc4f3e,http://web.archive.org/web/20160909023742/http://www.bodybuilding.com/exercises/exerciseImages/sequences/369/Male/l/369_1.jpg,bench press,How long has this person been lifting weights?---How much weight can this man bench press?---How many pounds do you think is on that weight?---Does this man drink protein shakes?---How much weight is he lifing?,A man bench pressing weights---A man performing an incline bench press---A man at they gym lifting weights---A man bench pressing a barbell while lying on a bench in a gym---A man bench pressing two large weights,20160909023742.0,wayback
1a625bad-c4b9-4734-959d-7596d02b8bb3,http://web.archive.org/web/20131018150129/http://upload.wikimedia.org/wikipedia/commons/d/db/Macrotona_australis_laying_eggs.jpg,laying,Is this cricket laying eggs in the dirt?---What type of grasshopper is this?---How long before the grasshopper jumped?---Is the grasshopper laying eggs?---What kind of insect is that?,An insect is laying eggs in the dirt---A grasshopper sitting on sand---A grasshopper that is in the middle of a ground full of pebbles---A brown and gray grasshopper with red legs with it's body partially implanted into the ground---A small insect---A grasshopper perches on rocks.---Gray-brown grasshopper blending on gravel surface.---A grasshopper resting on the ground---A grasshopper with black stripes stands in gravel---A closeup of a grasshopper on the ground,20131018150129.0,wayback
3c283d03-8ff7-4858-877b-cfcd654914f7,http://web.archive.org/web/20140819232744/http://www.aceshowbiz.com/images/still/spread20.jpg,spread,Is this a still from a movie?---What is her name?---What movie is this from?---Who is this actress kissing Ashton Kutcher?---Is this from a movie or TV show?,A brunette touches a man's cheek as he leans in for a kiss---A woman holding off a man trying to kiss her---Ashton Kutcher and a woman moving towards a kiss---A man and a woman embracing and about to kiss each other---A man and woman about to kiss in front of a curved window.,20140819232744.0,wayback
f8a7fb83-4e67-4f19-8ea1-2b8f0f622b11,http://web.archive.org/web/20160121211737/http://www.everythingsimple.com/wp-content/uploads/2011/01/Frameless-Shower-Door.jpg,shower,How much did the shower cost?---Is this in a hotel room?---Who uses this shower?---Does the water leak out?---Do you like shower doors that are made of glass?,A bathroom shower surrounded by glass---A shower with clear glass panes and brown tiles---A glassed-housed shower with tan tile and a shade and window inside.---A glass shower stall with tile walls.---A shower with transparent glass doors.,20160121211737.0,wayback
89135da2-738a-402f-bda4-e1350ad5b4a2,http://web.archive.org/web/20160514162701/http://www.economicmodeling.com/wp-content/uploads/warehousing.jpg,warehousing,What is this warehouse for?---What material are the boxes made of?---What are they storing there?---What type of products are boxed in this warehouse?---Can you guess how many boxes are in the warehouse?,A warehouse full of bown boxes---A warehouse with thousands of boxes---A huge warehouse filled with boxes---A large warehouse full of organized brown boxes and pallets.---Interior of lighted arch-topped warehouse lined and stacked with boxes,20160514162701.0,wayback
4f936d2a-6e48-4e44-a796-eccc576db6f8,http://web.archive.org/web/20150914174741/https://content.historicengland.org.uk/remote/content.historicengland.org.uk/content/publications/galleries/picturing-england/picturing-england-gallery-image-06.jpg,picturing,How long as that been in that amount of disrepair?---What state is this windmill located in?---Where did you discover this old windmill?---Does that windmill still function?---How old is this windmill?,"A wooden windmill.---An older wooden wind mill sitting in a field.---A black and white photo of an old, broken down windmill---A windmill on a building---A black and white shot of an old windmill",20150914174741.0,wayback
100593ad-d377-4160-99f2-958ff3dd373c,http://web.archive.org/web/20150704192533/http://www.independent.co.uk/incoming/article10364114.ece/binary/original/Picturing-England-10.jpg,picturing,What city is this from?---What year is this from?---When was this photo taken?---What is the predominate industry in the city shown here?,Did not load---Did not load---did not load---Did not load---Did not load,20150704192533.0,wayback
02c18b3f-6f72-44e3-ac97-82eed42aef57,http://web.archive.org/web/20231129201511/https://1.bp.blogspot.com/-EKRXPrIL4X8/TZT209KHkNI/AAAAAAAABBI/jqmXhzdOHoA/s1600/track%2Bmeet%2B006.jpg,track meet,How many kids competed in this race?---Were you ever on track team?---What place did the kid in the blue get?---What teams were in the track meet?---Which runner crossed the finish line first?,Boys crossing the finish line in a running race---Two young runners crossing the finish line---A kid running across the finish line on the race track---A sprinter is running on an outdoor track---Young boys running a relay race,20231129201511.0,wayback
37e3b9ec-103c-45f5-bebb-4c6e0f834eb6,http://web.archive.org/web/20250704002436/https://upload.wikimedia.org/wikipedia/commons/d/db/Baseball_Game.jpg,baseball game,Which team is winning?---Who won the baseball game?---Which teams are playing?---What country was this baseball game in?---How many people are in the stadium?,"A stadium full of people watching a baseball game---A crowd in a stadium watching a baseball game indoors---An indoor baseball stadium---And indoor baseball game---Baseball game under dome, with crowded stands and player at bat",20250704002436.0,wayback
0bba73e2-0a65-4f34-aafc-2639899e1cf3,http://web.archive.org/web/20130605001335/http://www.publicdomainpictures.net/pictures/30000/velka/fast-flowing-river.jpg,flowing,What time of year was this taken?---What is the name of the river?---Is this river in America?---How fast was the water moving?---Are many fish in that stream?,"A river running around rocks in the woods.---Rushing stream with large rocks, and trees lining the banks---A river with the water streaming through rocks in the middle of the forest---A swiftly moving river with mossy rocks and trees in the background---A brook filled with rocks running through a forest",20130605001335.0,wayback
e3a0bd41-498d-4c82-aee1-30a0d7c3f414,http://web.archive.org/web/20151010025026/http://www.sohh.com/wp-content/uploads/t-pain-2015-03-30.png,responded,Was he a singer or just speaking?---What is the man singing?---What was his lecture about?---What was he talking about?---Who is this man?,A man with a microphone stands behind an amp---A black man in glasses is behind a plastic case---A man in a black shirt and glasses moving a large plastic crate---A black man wearing glasses sits behind a black storage case.---A black man with glasses,20151010025026.0,wayback
40dde151-6cb2-4988-81d3-b8012ca7ddb0,http://web.archive.org/web/20131030032945/http://www.usmagazine.com/uploads/assets/articles/65687-zayn-malik-engaged-to-perrie-edwards-see-her-engagement-ring/1377092624_zayn-malik-perrie-edwards-zoom.jpg,engaged,Are they a couple?---are they dating?---How long have these two people been dating?---What does Zayn Malik have to do with this woman?---Are they a couple?,Did not load---Did not load---Did not load---Did not load---Did not load,20131030032945.0,wayback
44925a43-cee4-45ef-85bf-929707bec152,http://web.archive.org/web/20201010051621/http://www.nasa.gov/images/content/380714main_emmy.jpg,award,Did you win that?---What is the name of this statuette?---Who won this trophy?---For what reason is this trophy given out?---Did you see the Emmys on TV last week?,An Emmy award---An Emmy award with a winged woman holding a model of an atom all in gold---A golden award is displayed in front of a curtain.---A statue of a winged angel outstretched holding a globe---A trophy statue of a golden colored angel holding a sphere,20201010051621.0,wayback
4032ef21-bb1f-40c0-a4fd-69e136626e6f,http://web.archive.org/web/20151214185416/https://usatftw.files.wordpress.com/2015/05/epa_file_switzerland_soccer_fifa_arrests_73337092.jpg?w=1000&h=667,arrests,What position does this man hold within the company?---Is this the man at the center of the FIFA scandal?---When will he retire?---What is he looking at?---What was he speaking about?,A man in a suit touches his chin---A man wearing a suit with his hand on his chin sitting in front of a blue and white FIFA sign---A man that is touching his face---A man with glasses and a suit sitting in front of a banner---A man wearing a suit touches his chin,20151214185416.0,wayback
37ef9a1c-de97-4871-939c-339747135dc1,http://web.archive.org/web/20110921024400/http://www.djc.com/stories/images/20100624/ZGF_Providence_big.jpg,operating,What kind of medical device is this?---What is the purpose of this complex machine?---Is this a surgical room?---What tests is this hospital room set up to perform?---How much did all the equipment cost?,A high tech operating room---The interior of a scientific room with lots of equipment---An operating room filled with equipment---The inside of a lab.---A modern operating room with medical machinery,20110921024400.0,wayback
85ddfbf7-c985-4aa0-a36f-8bfbbcf0d8d1,http://web.archive.org/web/20170628021910/http://www.cdyceilings.co.uk/wp-content/uploads/2012/09/Suspended-Ceiling-Fit-24.jpg,suspended,When will the drop tile be put in?---Is this the building that you work in?---What purpose will this building have when construction is completed?---What is inside of this building?,The rafters in an unfinished building---A warehouse ceiling in daylight.---A large warehouse---A ceiling with many bars and pipes---A large empty warehouse,20170628021910.0,wayback
336cf71d-a2bf-47d9-876a-f3781ea797e6,http://web.archive.org/web/20130908110643/http://wallpaperfast.com/wp-content/uploads/2013/05/Sunset-Surf-Desktop-Wallpaper.jpg,surf,Why isn't the man surfing?---Where is this?---Where is the beach located?---Does he know how to surf well?---When was this picture taken?,A man carrying a surfboard standing next to the beach---A surfer stands alone on a beach during sunset---Person holding surfboard standing on orange-tinted beach near cliff---A surfer on the beach at sunset---A lone surfer preparing to enter the water under a golden sun,20130908110643.0,wayback
62a85bc8-e018-49aa-9bee-159ba15fb41d,http://web.archive.org/web/20160125144935/http://www.reynoldsautosalvage.com/images/usedcarsales/UsedCar001.jpg,used,Is that a custom paint job?---What kind of car is that?---What town is this in?---How fast can this vehicle go?---What shade of blue is that car painted?,Did not load---Did not load.---Did not load---Did not load---Did not load,20160125144935.0,wayback
77418b1b-f82d-4f48-a6ee-fc2819a8edf7,http://web.archive.org/web/20161108200328/http://kitchenremodelingnjnyc.com/wp-content/uploads/2011/10/Bathroom3e.jpg,remodeling,What kind of sink is that?---Did you design the shower?---Isn't the antique armoire out of place in the modern bathroom?---Is this house for sale?,A bathroom with a large cabinet---Marble bathroom with a wooden vanity---Bathroom cabinet and shower---A bathroom with a separate shower and vanity sink---A very modern bathroom with a large tiled shower and a dark wood cabinet and sink,20161108200328.0,wayback
afa501be-40b8-406a-9cd8-bc1873a72e0a,http://web.archive.org/web/20160120232925/http://s3.amazonaws.com/media.wbur.org/wordpress/11/files/2013/01/0110_haiti-earthquake.jpg,earthquake,Where are their parents?---Do the children play here often?---Is this in Haiti?---Where was this picture taken?---How old are they?,"A boy and a girl sitting on a tire in the middle of a dirty lot---Two young children sitting on a tire in squalor---Two young children are sitting on a tire---A young dark-skinned boy is sitting on an tire in the ghetto and holding a very skinny toddler---A young boy sits on a tire while holding a young girl, they are surrounded by debris and trash",20160120232925.0,wayback
496a725a-ecf5-4e49-8fcf-73309fe3a665,http://web.archive.org/web/20150213113158/http://www.bhoomkiblog.com/wp-content/uploads/2012/05/Storm_Clouds.jpg,storm cloud,Do those clouds mean its about to storm?---What type of clouds are those?---Will this storm turn into a tornado?---Is there a storm occurring in these clouds?---What kind of clouds are those?,"Clouds in the sky---Think billowing clouds in the fog---Dark grey, light grey, and white storm clouds---A gathering of storm clouds during a sunny day setting---Clouds from above",20150213113158.0,wayback
4d208356-f0b9-4812-998b-4ecda51cc3bf,http://web.archive.org/web/20150316045115/https://sports.tsc.nsw.edu.au/media/uploads/images/2013/04/03/House_Athletics.jpg.755x0_q90_upscale.jpg,athletics,Who won the race?---How high are those hurtles?---Which runner finished the race faster?---Are they in a hurdling race?---Who is winning?,Two hurdlers in the middle of a jump---Two male athletes leap over hurdles on a track---Two hurdlers in mid jump.---Two men jumping over some hurdles on a race track---Two hurdlers jumping a hurdle,20150316045115.0,wayback
5b9a468b-2664-434a-9697-aa2512288b9e,http://web.archive.org/web/20231129001416/https://4.bp.blogspot.com/-OA7WD0GxVsA/ToJUASPC23I/AAAAAAAAHb0/dJdEhamnt1M/s1600/Oberalp_Pass_%2BSwitzerland.JPG,pass,What is the speed limit on that winding road?---What cities are located around this mountain range?---Why does the road zig zag like that?---Where is this valley?---Where is this mountain area located at?,Grass covered mountains with a road snaking through them---A mountain gorge with thin trails---The side of a very steep mountain with a switch back road down it---A grassy hill that is on the side of a mountain range---A hillside with a winding path through it,20231129001416.0,wayback
a4fc459c-df22-45f0-92e3-7a9ee5458b7c,http://web.archive.org/web/20131206104413/http://greenpeaceblogs.org/wp-content/uploads/2013/01/President-Obama.jpg,president,What is the president looking at?---Do you think Barack Obama is a good president?---What is Obama gazing at---What is his I.Q.?---What event is the president attending?,"President Obama wearing a suit and looking up towards his left---President Barack Obama looking towards his right---President Obama wearing a dark blue suit, white shirt, and blue spotted tie looking over his left shoulder---Oboma in a close up wearing a suit.---The president of America, Barak Obama is looking at something.",20131206104413.0,wayback
6f86b1be-d86e-4a76-9f6e-850698c67f4f,http://web.archive.org/web/20131010002923/http://www.nejm.org/na101/home/literatum/publisher/mms/journals/content/nejm/2010/nejm_2010.363.issue-15/nejmicm0901376/production/images/large/nejmicm0901376_f1.jpeg,hands,Why is one hand so red?---Why is the hand on the right so red?---How old is this person?---Why are the hands two different colors?---Are one of the hands shown after having lotion applied?,A person's hands flat on some fabric---A man laying his hands on the mat---the backs of a person's hands touching at the thumbs---A pair of hands face down---Two hands are held out on a white cloth,20131010002923.0,wayback
2453d80e-0780-4332-aa17-5519798f7e8d,http://web.archive.org/web/20150725122351/http://www.photography-match.com/views/images/gallery/Road_12.jpg,road,Did you drive down this road?---What mountain is that?---What mountain range is that?---Does that mountain have a name?---What mountain range is that?,An empty road running by a snow capped mountain range---A road leading up to mountains---A winding road through the desert with snowy mountains in the background.---A mountain range in the background with snow on it next to hills---A two lane road  in front of a snow covered mountain range,20150725122351.0,wayback
33ffc40e-554c-46ce-91cf-b237948e2e70,http://web.archive.org/web/20181015234649/https://upload.wikimedia.org/wikipedia/commons/e/eb/Bull_Oostvaardersplassen.JPG,bull,Is this cow older than 5 years?---Whats the weight of the bull?---What breed is that?---What breed is this bull?---Is this considered a bull or an ox?,A muscly steer grazes in a field---A cow is grazing for grass---A brown bull grazing on grass---A large brown cow eats grass.---A large brown bull eating some grass from the field,20181015234649.0,wayback
34996b20-0ad3-42f3-98a9-1fca5bab1ef7,http://web.archive.org/web/20140218073218/http://img.gawkerassets.com/img/198kmabdjwuj4jpg/k-bigpic.jpg,packing,What is she packing for?---Where is this suitcase traveling to?---Why didn't she fold the clothes before packing them?---Does she not have bigger luggage?---Who is that on the suitcase?,"A person kneeling on a suitcase, trying to close it---A person kneeling on a over stuffed suitcase---A person in jeans kneels on a suitcase to shut it---A person is closing the cloths suitcase with his hands and knees.---A woman kneeling on an overstuffed suitcase in an attempt to close it",20140218073218.0,wayback
108b3076-1f42-4943-8ec2-83de316ada78,http://web.archive.org/web/20141111040205/http://www.aceshowbiz.com/images/still/fighting07.jpg,fighting,Why are they fighting?---Why is he punching him?---Why are they fighting?---Is either man seriously injured?---What city is the main actor from?,A man with his fist clenched on top of another man on the ground---A young man wearing a white tank top with his hand pulled back into a fist---A man punching another man while others look on---CHanning Tatum is about to punch a guy in front of a crowd---Two men are fighting in front of a group of other men,20141111040205.0,wayback
225d0c85-8402-44cd-920b-f96a1074522b,http://web.archive.org/web/20140308035537/http://www.trbimg.com/img-5310d5d3/turbine/chi-suspected-auschwitz-guard-unfit-for-trial--001/1024/1024x562,suspected,Is a train coming?---What railroad station is that?---What is the name of the train station?---What train station is that?---How did visiting the camp make you feel?,A low angle shot of train tracks and a train station---a building in the background with railroad tracks in the foreground---Low angle shot on railroad tracks with a large building in the distance---Fork in the train tracks---switch in railroad tracks,20140308035537.0,wayback
ba5e3651-4139-41cd-a6a5-24741756d861,http://web.archive.org/web/20150710183114/http://www.soundonsight.org/wp-content/uploads/2009/11/oscar_statue-award.jpg,award,Who designs this award?---How do these get made?---Is this an authentic Oscar award?---What kind of metal is used to make this statue?---Whose award is that?,A golden figure with a wooden base sits atop a white setting---A statue for an award.---An Oscar statue that is golden with a brown base---An Oscar statuette---A gold statue of a man on a dark base,20150710183114.0,wayback
a168a716-145d-4950-aeb9-ad6c517cfa96,http://web.archive.org/web/20120124193018/http://www.krismbeal.com/wp-content/uploads/2010/11/water.jpg,drinking,Is she drinking water?---Does he drink a lot of water?---Why did you take a picture of someone drinking water?---What is this advertising?---Is that water they are drinking?,A person holding a clear glass and drinking water from it---A person drinking water---A man is drinking a glass of water---A woman drinking a glass of water---A person drinks water from a clear glass,20120124193018.0,wayback
ace30f0e-7dd2-4d37-bbf2-e5b4e048b54c,http://web.archive.org/web/20151228222136/http://reputablemoving.com/wp-content/uploads/2012/02/box_masking_tape_packing.jpg,packing,Do those work well for taping boxes?---Do those tap guns work good?---What is in the box?---Where is he sending the box?---Does that tape dispenser work well?,A person uses packing tape to close a box---A person taping up a box---A man's arm using a taping tool to seal a brown box---A man sealing a cardboard box with tape---A hand holds a tape roller preparing to tape a box closed,20151228222136.0,wayback
fe167dcd-93f3-41a3-9a49-eb83abc7dbe5,http://web.archive.org/web/20121030140904/http://www.abc.net.au/news/image/4337436-3x2-940x627.jpg,destroyed,What causes that kind of destruction?---How was this town destroyed?---What caused this building to fall?---Was this the result of an earthquake?---What building was that?,The rubble from a collapsed building---Wreckage of a concrete building---A destroyed building---A building that is in rubbles during the daytime---The ruins of a destroyed building,20121030140904.0,wayback
96eacd6f-0c50-47c8-a729-a6468f836e43,http://web.archive.org/web/20120808053446/http://laktek.com/presentations/punch/images/punch_main.jpg,punch,Why are they fighting?---Why are the cats fighting?---Who ended up winning this fight?---Is this a playful fight?---Do this cat and dog frequently sparr?,A tan dog is play fighting with a grey and white cat---A cat attacks a Pomeranian dog.---A cat and dog play around with each other in the yard---Two dogs are fighting---A cat hitting a dog,20120808053446.0,wayback
2f534e70-c578-43b4-9cf3-2d96d8e45844,http://web.archive.org/web/20150924102547/http://www.homewetbar.com/images/prod/w-wine-opener-burlwood238065.jpg,opener,How much does this corkscrew retail for?---Is that a pocket knife or just a fancy corkscrew?---Where did you buy that?---How much does this cost?---How much does the wine opener cost?,A corkscrew with a brown handle---Folding bottle opener---corkscrew folded up---A bottle opener---A close up shot of a folding wine opener,20150924102547.0,wayback
9ee1c838-8c3e-4a64-879f-0d2307bdf518,http://web.archive.org/web/20120605034558/http://www.christian-wallpaper.com/backgrounds/Looking_Out.jpg,looking,What is that man thinking about?---How long did he sit there?---What lake is that?---Where is this lake?---What is the boy looking at?,Did not load---Did not load---Did not load---Did not load---Did not load,20120605034558.0,wayback
dcfa1f4c-53a8-4769-bce3-6380273f2d79,http://web.archive.org/web/20160216104657/http://www.haloliving.co.uk/image/cache/data/Reggio%20Dining%20Chair%20-Old%20Saddle%20Nut%20-%20Nibbed%20Oak2-1000x1000.jpg,chair,Does the chair come in other styles?---What type of wood is this chair made of?---Can you get that chair in a set?---Is that chair comfortable?---Is that chair hand made?,A wooden chair with leather padding---A brown wodden chair with brown leather upholstery---A wooden chair with leather upholstery---light brown wooden chair with dark brown leather on the seat and back---A brown wooden chair,20160216104657.0,wayback
43be57df-67c9-422b-ac80-06f9d3559e75,http://web.archive.org/web/20120521165852/http://www.mamashealth.com/child/images/walk.jpg,walk,How old is the little boy?---How long before he's walking on his own?---How old is the kid?---How old is this little boy?---Whose is that baby?,A black man holding his toddler's hands as he teaches him to talk.---An adult holding the hands of little boy while walking on a dirt path---a ma and a baby---baby holding adult mans hands while standing on concrete sidewalk---A black father teaches his toddler how to walk,20120521165852.0,wayback
cf604558-09be-4141-a7d0-7411c3fdea7f,http://web.archive.org/web/20160131101348/https://lucys.co.nz/wp-content/uploads/thebutchery-rolled-rib-roast.jpg,rolled,Did you cook vegetables to go with the meat?---What type of meat is this?---What type of meat is this?---What seasonings do you put on the roast?---What cut of meat is this?,An exotic kind of meat with an onion beside---A tied beef roast with garlic and rosemary---A large piece of meat next to a head of garlic---Raw meat resting on wax paper with a clove and sprig of herb to it's side---A roast beef,20160131101348.0,wayback
5b1e5ca7-91ec-46f9-8260-70a488469242,http://web.archive.org/web/20120802074331/http://www.thefourcharms.com/wp-content/uploads/2012/04/pressure.jpg,pressure,Who manufactures this pressure cooker?---What's special about this pot?---Is this a pressure cooker?---Is that a pressure cooker?---Can you cook rice in this?,Did not load---Did not load---Did not load---Did not load---Did not load,20120802074331.0,wayback
09993df9-c915-4517-8dd4-68761f31eb4f,http://web.archive.org/web/20160127101441/http://www.theboardstoreonline.com/wp-content/uploads/2012/07/kitchen-remodeling.jpg,remodeling,What type of wood are the cabinets made from?---Are those granite countertops?---Is the house big?---Did they intend to make their kitchen so dark and dreary?---How much does the material in the kitchen cost?,A fancy kitchen with wooden cabinets and granite countertops---A kitchen has wooden cabinets and granite counters---A modern updated kitchen with beautiful wood cabinets and marble countertops---A kitchen with wooden cabinets and marble counter tops.---A kitchen with wood cabinets and granite countertops,20160127101441.0,wayback
2d316e07-10e8-4a59-9a54-20bc60059336,http://web.archive.org/web/20130910172645/http://www.culturamix.com/wp-content/gallery/fotos-de-surf/surf-2.jpg,surf,How long did he ride that wave?---Did the surfer make it outside of the tube without falling?---Where is he surfing?---How fast can surfers go?---What is his name?,A surfer riding a wave---A man surfing through the barrel of a wave---A surfer on a surf board going through a water tunnel in the ocean---A man surfing---A surfer in a wave tube of blue-green water,20130910172645.0,wayback
6fd1c8ad-7a7d-4306-9a08-9b62c47e30fc,http://web.archive.org/web/20181127080042/http://www.fitnessarts.org/wp-content/uploads/2012/03/couple-cooking.jpg,cooking,What are they making?---Are those vegetables from their garden?---What are the contents of this man's salad?---Since when did you become a stock photo model?---Do they often cook together?,A man and woman standing at a kitchen counter while she slices bell peppers and he tosses the salad---A man preparing a salad while a woman chops vegetable---A woman and man making some salad near a counter.---A man and woman smiling while making a salad in their kitchen---A blonde woman smiles next to a brown haired man as they prepare a salad,20181127080042.0,wayback
06448807-895c-4861-99d8-fa6d319599fa,http://web.archive.org/web/20160826191612/http://johnstonfarmohio.com/yahoo_site_admin/assets/images/DSC03871.16180138_large.JPG,visits,Was this at a mueseum?---Are they having a birthday party?---What are the children making?---Whose kids are those?---What are these kids gathered for?,"A group o kids siting inside of a wooden built room---Children in a room with a wooden floor working at a table with a wooden bench.---An old fashioned classroom with children and a teacher---Young children sit at a table wathing a woman perform a task---A bunch of kids in a room, some sitting at a table and some standing",20160826191612.0,wayback
c9c57778-2e95-43e0-bb12-74a27d094347,http://web.archive.org/web/20160510131818/http://www.rammtranslaw.com/wp-content/uploads/2010/01/operating-room.jpg,operating,What procedure are the doctors performing?---What type of surgery are they performing?---What surgery are these doctors performing?---What kind of surgery is being performed?---What is going on?,Four surgeons performing an operation in a hospital---A group of doctors in a hospital room under lights.---Medical professionals perform surgery in an operating room---A group of five surgeons in the operating room conducting surgery.---Doctors perform surgery.,20160510131818.0,wayback
466813f5-df66-4c29-9494-a3908aff1d58,http://web.archive.org/web/20160418204946/http://www.timeforafilm.com/wp-content/uploads/2012/12/Pitch-Perfect-img-07.jpg,pitch,How good do those headphones sound?---Are the headphones attached to an iPod?---How old was Anna Kendrick in this picture?---What music does she mostly listen to on her headphones?---Why is she wearing headphones?,A woman with headphones around her neck looks at something---A woman wearing headphones around her neck---A woman wearing a red tank top and head phones around her neck outside---A woman with headphones around her neck looks at something.---A girl looking off to the side with a pair of headphones around her neck.,20160418204946.0,wayback
32487caf-c829-4015-8108-71a31f1f130b,http://web.archive.org/web/20150817214204/http://www.damselsinsuccess.com/wp-content/uploads/2013/04/office.jpg,office,What does this company do?---What is this an office for---Are those iMac computers?---What kind of an office is this?---Whose office is that?,A modern office workspace with desks and apple computers.---An empty office building---Interior of an office with desks and computers---An office with many desks and computers---An office is empty of people and has red desks and computers,20150817214204.0,wayback
