image_id,source,image_url,questions,source_type
314392,coco,http://images.cocodataset.org/train2014/COCO_train2014_000000314392.jpg,What is she drinking? | What are you drinking? | What is her name? | What is this person drinking? | Who is she?,coco_fallback
114786,coco,http://images.cocodataset.org/train2014/COCO_train2014_000000114786.jpg,Whose wedding is it? | How long were they engaged? | What are their names? | Did they just get married? | Is the man helping a woman cut cake?,coco_fallback
19719,coco,http://images.cocodataset.org/train2014/COCO_train2014_000000019719.jpg,Do they bathe the zebras to make them look so nice? | Did you get to pet the zebra? | Why are their muzzles not striped? | How did you get so close? | Where is this?,coco_fallback
314822,coco,http://images.cocodataset.org/train2014/COCO_train2014_000000314822.jpg,Is that grilled cheese? | How did taste? | What kind of toast is that? | What type of soup is that? | How much did that cost?,coco_fallback
401390,coco,http://images.cocodataset.org/train2014/COCO_train2014_000000401390.jpg,What kind of sandwich is that? | Is there cheese on the sandwich? | What type of bread is that? | You don't put cheese on your turkey sandwiches? | What is on that sandwich?,coco_fallback
279697,coco,http://images.cocodataset.org/train2014/COCO_train2014_000000279697.jpg,How long did they ski? | Are these people skiing downhill? | Are they good at skiing? | What mountain is this? | How hard is that slope?,coco_fallback
131113,coco,http://images.cocodataset.org/train2014/COCO_train2014_000000131113.jpg,What is the brand of the refrigerator? | Is that a new fridge? | Is the fridge new? | Whose kitchen is this? | What model fridge is this?,coco_fallback
305215,coco,http://images.cocodataset.org/train2014/COCO_train2014_000000305215.jpg,Is that a whole meal? | What is the brown sauce? | Who prepared this meal | Are those bananas supposed to be that color? | What are you making?,coco_fallback
296161,coco,http://images.cocodataset.org/train2014/COCO_train2014_000000296161.jpg,Does that chair look soft? | What kind of chair is the cat in? | Does that cat have a superman symbol for a tag? | Where did you get that cool chair? | Does anyone else get to use it?,coco_fallback
4020,coco,http://images.cocodataset.org/train2014/COCO_train2014_000000004020.jpg,Who is she playing against? | What is her name? | Who is she playing with? | What's the score in the tennis game? | Isn't that shot out of bounds?,coco_fallback
185108,coco,http://images.cocodataset.org/train2014/COCO_train2014_000000185108.jpg,What restaurant is that? | What type of soup is it? | What kind of soup is that? | How did the soup taste? | Is that grilled cheese sandwich with tomato soup?,coco_fallback
161277,coco,http://images.cocodataset.org/train2014/COCO_train2014_000000161277.jpg,Is that photoshopped or painted on the wall? | Where did they get that bathroom furniture? | Did you design it? | Is that your bathroom? | Is the toilet pink too:,coco_fallback
155388,coco,http://images.cocodataset.org/train2014/COCO_train2014_000000155388.jpg,Would it be dangerous to sit on that bench? | Where is this bench located? | Is this bench on top of a mountain? | What mountain is this? | Who put the bench there?,coco_fallback
165770,coco,http://images.cocodataset.org/train2014/COCO_train2014_000000165770.jpg,When was the last time someone cleaned the bathroom? | Is that toilet paper? | Who would think that's a good place to install a towel dispenser? | Why are there two rolls of toilet paper? | Why is the towel almost in the toilet?,coco_fallback
193359,coco,http://images.cocodataset.org/train2014/COCO_train2014_000000193359.jpg,What flag is on this man's shirt? | What is that man holding? | What kind of street festival is that? | What is he drinking? | What is that man drinking?,coco_fallback
350299,coco,http://images.cocodataset.org/train2014/COCO_train2014_000000350299.jpg,Do you think that dog is homeless? | Where is the dog's owner? | Why does that dog look sad? | Does this dog belong to someone? | Where is the dog's owner?,coco_fallback
14290,coco,http://images.cocodataset.org/train2014/COCO_train2014_000000014290.jpg,Do these traffic lights look like a Christmas tree? | Is that an art sculpture? | Where is this traffic light located? | Is it art? | Why are there so many traffic signals?,coco_fallback
323303,coco,http://images.cocodataset.org/train2014/COCO_train2014_000000323303.jpg,Can you eat that train? | Who made the train? | Did the make that cake out of Twinkies? | Is that little train edible? | Is the train made from cookies or cake?,coco_fallback
10890,coco,http://images.cocodataset.org/train2014/COCO_train2014_000000010890.jpg,What is inside the truck? | What purpose does this truck serve? | What's in the cooler? | Is the food from that truck good? | What kind of food truck is that?,coco_fallback
497393,coco,http://images.cocodataset.org/train2014/COCO_train2014_000000497393.jpg,Which rodeo is this? | Is that a rodeo competition? | When did this rodeo take place? | What are the rules? | Do you enjoy the rodeo?,coco_fallback
198436,coco,http://images.cocodataset.org/train2014/COCO_train2014_000000198436.jpg,Where is the microwave? | Are you going to remodel? | Is the kitchen floor real tile? | Did you recently remodel the kitchen? | How big is this kitchen?,coco_fallback
218964,coco,http://images.cocodataset.org/train2014/COCO_train2014_000000218964.jpg,What kind of pizzas are these? | Was the dough made from scratch? | What was all on the pizzas? | How many people are you feeding? | How long do the pizzas have to cook?,coco_fallback
218965,coco,http://images.cocodataset.org/train2014/COCO_train2014_000000218965.jpg,Is that a lake or a beach? | Why do these cows get waterfront property? | Where is this? | Is this a drawing or a photograph? | How many cows do you have?,coco_fallback
39100,coco,http://images.cocodataset.org/train2014/COCO_train2014_000000039100.jpg,Is this man too big for the bike? | Where is this? | What brand of motorcycle is that ? | What kind of motorcycle is he driving? | How is that bike holding him up?,coco_fallback
3992,coco,http://images.cocodataset.org/train2014/COCO_train2014_000000003992.jpg,What is in the bowl? | What is the flavor of the purple ice cream? | Is that ice cream? | What flavor of ice cream is that? | What flavor ice cream is that?,coco_fallback
68482,coco,http://images.cocodataset.org/train2014/COCO_train2014_000000068482.jpg,Whose meal is this? | Is this lunch healthy? | What is that crusted food on the plate? | What kind of dish is that? | What sort of dish is on the bottom?,coco_fallback
304015,coco,http://images.cocodataset.org/train2014/COCO_train2014_000000304015.jpg,Does that look like a secure way to transport luggage? | Where are the people who own this luggage travelling to? | Why are the suitcases on the cart? | Was this hotel baggage? | Is there enough room in the car for all this luggage?,coco_fallback
288814,coco,http://images.cocodataset.org/train2014/COCO_train2014_000000288814.jpg,Is it about to rain? | Did it rain later? | What month is this? | Why are all the lights red at the same time? | Do you think the light is stuck on red?,coco_fallback
281835,coco,http://images.cocodataset.org/train2014/COCO_train2014_000000281835.jpg,Do people feed the pigeons? | What kind of bird is that? | What type of bird is this? | What city is shown in this photo? | What town is this?,coco_fallback
43873,coco,http://images.cocodataset.org/train2014/COCO_train2014_000000043873.jpg,Where is this zoo? | Did the polar bear swim? | How old is the polar bear? | Is the polar bear wet? | How old is that polar bear?,coco_fallback
579752,coco,http://images.cocodataset.org/train2014/COCO_train2014_000000579752.jpg,What kind of bus is that? | How old is the RV? | What country is this bus in? | Where is the bus going? | What type of vehicle is this?,coco_fallback
130886,coco,http://images.cocodataset.org/train2014/COCO_train2014_000000130886.jpg,How far did he throw the frisbee? | Do you refer to any flying disc as a Frisbee? | What is his name? | Who won the disc golf game? | Is there a dog to catch the frisbee?,coco_fallback
562205,coco,http://images.cocodataset.org/train2014/COCO_train2014_000000562205.jpg,Does the cat always drink with its paw? | Does that cat have six toes? | How old is that cat? | What is that cat drinking? | Is this cat drinking from the cup?,coco_fallback
73061,coco,http://images.cocodataset.org/train2014/COCO_train2014_000000073061.jpg,What is the dog's name? | Is the dog relaxing? | How old is the dog? | What breed of dog is that? | Does the dog like a lot of attention?,coco_fallback
249666,coco,http://images.cocodataset.org/train2014/COCO_train2014_000000249666.jpg,Whose bike is this? | What is the name of that type of bicycle? | What kind of bike is that? | What kind of bike is that? | What are the boards for?,coco_fallback
101497,coco,http://images.cocodataset.org/train2014/COCO_train2014_000000101497.jpg,What is the dog's name? | Did he like it? | How old is that dog? | Is that a cupcake the dog is going to eat? | Is the dog going to eat the cupcake?,coco_fallback
413459,coco,http://images.cocodataset.org/train2014/COCO_train2014_000000413459.jpg,Is MTS the tour bus on Broadway? | What is that building? | Where is this building? | What is that building? | What city is this?,coco_fallback
60350,coco,http://images.cocodataset.org/train2014/COCO_train2014_000000060350.jpg,Are all these people in the same family? | Do you play together often? | Are they playing a dance game? | What game might they be playing? | What video game are they playing?,coco_fallback
149338,coco,http://images.cocodataset.org/train2014/COCO_train2014_000000149338.jpg,Are those bears? | Did they stick around long? | What were the bears doing there? | What kind of animals are on that road? | Why are bears in the road?,coco_fallback
280051,coco,http://images.cocodataset.org/train2014/COCO_train2014_000000280051.jpg,Why is there only one seat at the table? | What are they celebrating? | What are all the flags on the table for? | What countries are all those flags for? | What was the event?,coco_fallback
13603,coco,http://images.cocodataset.org/train2014/COCO_train2014_000000013603.jpg,Is this someones actual office? | Why do they like zombies so much? | What kind of pizza is that? | Whose room is this? | Why is the guy relaxing?,coco_fallback
348370,coco,http://images.cocodataset.org/train2014/COCO_train2014_000000348370.jpg,Are these snowboarders on the same team? | When did you start snowboarding? | How long have you been snowboarding? | Where were they snowboarding? | Where are you guys on a skiing vacation?,coco_fallback
413923,coco,http://images.cocodataset.org/train2014/COCO_train2014_000000413923.jpg,Do many people stack things on their motorcycles like that? | How Old is this picture? | What is the bike carrying? | How far does the woman have to walk? | Is she able to walk without the aid of that umbrella?,coco_fallback
77769,coco,http://images.cocodataset.org/train2014/COCO_train2014_000000077769.jpg,What breed of dog is it? | What kind of dog is shown here? | What breed of dog is that? | Is the dog sick? | How often does he need groomed?,coco_fallback
465177,coco,http://images.cocodataset.org/train2014/COCO_train2014_000000465177.jpg,What is the recipe for that pulled pork? | Is that pulled pork? | How much did that barbecue cost? | What kind of meat is that? | How many did you make?,coco_fallback
379799,coco,http://images.cocodataset.org/train2014/COCO_train2014_000000379799.jpg,What is the cat's name? | What type of breed is the cat? | Have you seen others that color? | How old is that cat? | How old is the cat?,coco_fallback
158099,coco,http://images.cocodataset.org/train2014/COCO_train2014_000000158099.jpg,Who put the graffiti on this train? | Is that graffiti or artwork? | Where is the train going? | Couldn't they clean that off the subway car? | Where is the train going?,coco_fallback
411849,coco,http://images.cocodataset.org/train2014/COCO_train2014_000000411849.jpg,Doe the train move? | How old is that train? | Would you ride a train? | What kind of train is that? | Is the train operable?,coco_fallback
102191,coco,http://images.cocodataset.org/train2014/COCO_train2014_000000102191.jpg,What country is this picture taken in? | Does the fireplace open on the other side of the wall also? | How big is this house? | Is that living room inside our outside? | How much does the fireplace help when it's cold?,coco_fallback
235410,coco,http://images.cocodataset.org/train2014/COCO_train2014_000000235410.jpg,Would you just fill up on the bread basket? | What is the name of the drink on the left? | Is this meal for a special occasion? | What kind of celebration is this? | Was your meal good?,coco_fallback
558711,coco,http://images.cocodataset.org/train2014/COCO_train2014_000000558711.jpg,Is this a kitchen in a home? | How big are those cabinets? | Is that a new fridge? | Was this taken in a kitchen? | What kind of cabinet is that?,coco_fallback
86210,coco,http://images.cocodataset.org/train2014/COCO_train2014_000000086210.jpg,How much snow is on the ground? | Are the people walking down the sidewalk criminals? | Where is this? | Does it snow frequently here? | Are these cars running a red light?,coco_fallback
486628,coco,http://images.cocodataset.org/train2014/COCO_train2014_000000486628.jpg,What are the people doing? | Are these people in China? | What were they doing there? | What city is this street in? | What country is this?,coco_fallback
155707,coco,http://images.cocodataset.org/train2014/COCO_train2014_000000155707.jpg,Do you think that cat looks mad? | Is there a coordinating jacket? | What breed of cat is that? | What is on the cat's head? | What is on the cat's head?,coco_fallback
515249,coco,http://images.cocodataset.org/train2014/COCO_train2014_000000515249.jpg,What kind of doughnut is that? | How many did you eat? | Where did you get the donuts? | Was the doughnut good? | What kind of doughnut is he eating?,coco_fallback
140092,coco,http://images.cocodataset.org/train2014/COCO_train2014_000000140092.jpg,Who is that in the bed? | When was this photo taken? | Is the man feeling well? | How sick is he? | Why is the man injured?,coco_fallback
98642,coco,http://images.cocodataset.org/train2014/COCO_train2014_000000098642.jpg,What type of sandwich is on this plate? | What kind of sandwich is that? | Are those pickles kosher dill? | Did you have chips with your sandwich? | What type of sandwich is this?,coco_fallback
527748,coco,http://images.cocodataset.org/train2014/COCO_train2014_000000527748.jpg,What kind of cell phone is that? | Is his person making a call? | Whose phone is this? | How old is the phone? | What model phone is that?,coco_fallback
121232,coco,http://images.cocodataset.org/train2014/COCO_train2014_000000121232.jpg,Whose kitchen is that? | How big is the kitchen? | Who cooked? | Is that real tile on the kitchen floor? | Is that kitchen new?,coco_fallback
119993,coco,http://images.cocodataset.org/train2014/COCO_train2014_000000119993.jpg,Do you ever use the bottles? | What do you call that toy horse on the vanity table? | Where did you buy that pony statue? | Where did you collect your vintage trinkets? | How tall is the table?,coco_fallback
424124,coco,http://images.cocodataset.org/train2014/COCO_train2014_000000424124.jpg,Did he hit a home run? | What teams are theses? | What legue is this? | Who is batting? | What teams are playing?,coco_fallback
121235,coco,http://images.cocodataset.org/train2014/COCO_train2014_000000121235.jpg,Are those grey items stacked in back a hose? | Did they take the firetruck out to wash? | Where are the firefighters at? | How heavy do you think that truck is? | Had a fire recently broke out?,coco_fallback
240038,coco,http://images.cocodataset.org/train2014/COCO_train2014_000000240038.jpg,Is this a park or a fortress? | Where is this? | What is the scaffolding for? | Is that stop sign suppose to be upside down? | What is that building used for?,coco_fallback
460115,coco,http://images.cocodataset.org/train2014/COCO_train2014_000000460115.jpg,Who are those players? | Why does that player have his back to the net? | What's the score in the game? | What was the final score of this tennis match? | Was this a professional tennis tournament?,coco_fallback
550097,coco,http://images.cocodataset.org/train2014/COCO_train2014_000000550097.jpg,Did the boats crash? | Is that a shrimp boat? | Are there other derelict ships in this same area? | are the boats sunk? | Is one of those boats sinking?,coco_fallback
36204,coco,http://images.cocodataset.org/train2014/COCO_train2014_000000036204.jpg,Why is he looking at the apple? | Is this a school photo? | What variety of apple is that? | Is he suggesting that you are the apple of his eye? | Why is he holding that apple like that?,coco_fallback
16706,coco,http://images.cocodataset.org/train2014/COCO_train2014_000000016706.jpg,What zoo is that? | Were the animals in a zoo or reservation? | Where is this zoo? | Do the zebras and giraffes always live together? | Do they chew on the tree?,coco_fallback
224938,coco,http://images.cocodataset.org/train2014/COCO_train2014_000000224938.jpg,Do you ride a lot? | What kind of bike does she ride? | What is her name? | What is she sitting on? | What is she pointing at?,coco_fallback
392115,coco,http://images.cocodataset.org/train2014/COCO_train2014_000000392115.jpg,Where is the plane going? | What is this plane's destination? | What do you think the elevation of this plane is? | How did you take this photo? | What airport did that plane take off from?,coco_fallback
387329,coco,http://images.cocodataset.org/train2014/COCO_train2014_000000387329.jpg,How much did this meal cost? | What kind of food is that? | What kind of salad is that? | What kind of protein is in this dish? | What food is this?,coco_fallback
581770,coco,http://images.cocodataset.org/train2014/COCO_train2014_000000581770.jpg,"Is the front wheel broken? | Why does FedEx have a plane that big? | Where is that plane going? | Does this make you think of the movie ""Castaway""? | What airport is that?",coco_fallback
445075,coco,http://images.cocodataset.org/train2014/COCO_train2014_000000445075.jpg,Where is the train stopping next? | Is the track currently in use? | How many cars does the cargo train have? | Where is this? | How long is that train?,coco_fallback
22482,coco,http://images.cocodataset.org/train2014/COCO_train2014_000000022482.jpg,Did he throw in time to get the other player out? | Did the pitcher throw a strike? | Did he throw a strike? | Are all the images of the same pitcher? | What is the pitchers name?,coco_fallback
562849,coco,http://images.cocodataset.org/train2014/COCO_train2014_000000562849.jpg,What kind of urinals are those? | Where is this bathroom? | why would they put those glass blocks above the urinals? | Is this a school restroom? | How big is the bathroom?,coco_fallback
99844,coco,http://images.cocodataset.org/train2014/COCO_train2014_000000099844.jpg,What is the name of the building with the clock? | Where is the bus going? | What cathedral is that behind the bus? | Where is this bus travelling? | What city was this?,coco_fallback
85322,coco,http://images.cocodataset.org/train2014/COCO_train2014_000000085322.jpg,What is Linda? | What kind of device is this? | What was she doing with the phone? | What kind of experiment is taking place here? | What is the person doing with the phone?,coco_fallback
97339,coco,http://images.cocodataset.org/train2014/COCO_train2014_000000097339.jpg,What kind of sprinkles are on the doghnut? | Does that donut have bacon on it? | Where did that doughnut come from? | Where is this donut from? | Are those onions on your donut?,coco_fallback
85320,coco,http://images.cocodataset.org/train2014/COCO_train2014_000000085320.jpg,What model laptop is that? | what is on the subwoofer? | Is that your office? | Why is this desk messy? | Is this a home office?,coco_fallback
510167,coco,http://images.cocodataset.org/train2014/COCO_train2014_000000510167.jpg,Why are the birds in the water? | Did you see the birds catch fish? | Is that a swamp? | What do you call those long-necked white birds? | Are the birds hunting for food?,coco_fallback
116783,coco,http://images.cocodataset.org/train2014/COCO_train2014_000000116783.jpg,Where is the fire truck going? | Where is this cafe located? | Did the white car get into an accident? | Were there any injuries in this accident? | What city is this?,coco_fallback
544785,coco,http://images.cocodataset.org/train2014/COCO_train2014_000000544785.jpg,Whose house is this? | What type of wood is the china cabinet made from? | Do any children live in this house? | Are those hardwood floors? | Is the ceiling rounded?,coco_fallback
250195,coco,http://images.cocodataset.org/train2014/COCO_train2014_000000250195.jpg,What city is this street in? | Is this man walking as part of a daily exercise program? | If it's cold why isn't he wearing pants? | Where is he walking to? | How far does he run?,coco_fallback
46002,coco,http://images.cocodataset.org/train2014/COCO_train2014_000000046002.jpg,What is this person looking at on the laptop? | What gameshow is that on the screen? | What program is playing? | What show were you watching? | Do you watch that a lot?,coco_fallback
43506,coco,http://images.cocodataset.org/train2014/COCO_train2014_000000043506.jpg,Where is the train? | Is the train for transportation? | Was the train empty? | How long is that train? | Where is the train going ?,coco_fallback
537968,coco,http://images.cocodataset.org/train2014/COCO_train2014_000000537968.jpg,Is the traffic heavy? | What train station is that? | What is that building with the black roof? | What is this church that's being shown? | What building is this?,coco_fallback
433288,coco,http://images.cocodataset.org/train2014/COCO_train2014_000000433288.jpg,What food was eaten? | What was on the plate? | What was in the bowl? | What was the main dish? | What was in the bowl?,coco_fallback
42585,coco,http://images.cocodataset.org/train2014/COCO_train2014_000000042585.jpg,What is the name of the salad with the peaches? | What kind of deli meat is that? | What foods are on the dishes? | Why is there no meat with this meal? | Did you grow the fruits and vegetables for this meal?,coco_fallback
190022,coco,http://images.cocodataset.org/train2014/COCO_train2014_000000190022.jpg,What is that? | Where is the truck transporting to? | What is on the trailer? | What are those red and blue things attached to? | Are those rockets?,coco_fallback
457235,coco,http://images.cocodataset.org/train2014/COCO_train2014_000000457235.jpg,Whose bed is this? | What is that bedspread called? | Is this someone's personal room? | Is that your bedroom? | Do you always make your bed?,coco_fallback
489415,coco,http://images.cocodataset.org/train2014/COCO_train2014_000000489415.jpg,What kind of display is this? | How old are those suitcases? | Why are suitcases stacked here? | Are those authentic vintage suitcases? | Where is this?,coco_fallback
328088,coco,http://images.cocodataset.org/train2014/COCO_train2014_000000328088.jpg,Why is parking so bad? | Are the cars running a red light? | Have you been to this intersection before? | In what city was this photo taken? | Are those single family homes?,coco_fallback
128290,coco,http://images.cocodataset.org/train2014/COCO_train2014_000000128290.jpg,Is this a hotel room or a bedroom? | Whose bed is this? | What kind of bedding is that? | Do you always fold them so neatly? | Is that a fitted bedsheet or regular?,coco_fallback
297564,coco,http://images.cocodataset.org/train2014/COCO_train2014_000000297564.jpg,Where is that buss headed? | Did you ride that bus? | Where is this? | Is the bus in use? | Is this bus functioning properly?,coco_fallback
135369,coco,http://images.cocodataset.org/train2014/COCO_train2014_000000135369.jpg,Does your friend always eat his pizza from the crust side first? | What toppings are on that pizza? | Is he related? | Why did that man take a picture of himself eating pizza? | How did it taste?,coco_fallback
506910,coco,http://images.cocodataset.org/train2014/COCO_train2014_000000506910.jpg,How old is this church? | Are there services in this church? | Is that a church? | How tall is the spire of the large cathedral? | Where is this?,coco_fallback
270440,coco,http://images.cocodataset.org/train2014/COCO_train2014_000000270440.jpg,Who is the kid doing the skateboard trick? | What is the name of this skate trick? | What kind of skateboard is that? | How big is the skate park? | Is this a skateboard competition?,coco_fallback
409135,coco,http://images.cocodataset.org/train2014/COCO_train2014_000000409135.jpg,Where is the skateboarder going? | What does the lettering behind him say? | What language is the advert in? | Did many people ride skateboards there? | What do the words mean in english?,coco_fallback
409134,coco,http://images.cocodataset.org/train2014/COCO_train2014_000000409134.jpg,Why does that statue have an umrella? | Who crafted this statue? | Is he facing a street? | What is that statue made of? | Is that a sculpture or street performer?,coco_fallback
249470,coco,http://images.cocodataset.org/train2014/COCO_train2014_000000249470.jpg,Is this a new kitchen? | How do they keep their kitchen so sclean? | What are those dishes sitting in? | Who designed this kitchen? | What do you use the rack on the stove for?,coco_fallback
410173,coco,http://images.cocodataset.org/train2014/COCO_train2014_000000410173.jpg,Is this bus at capacity? | What time of the day is this? | Are they preparing to leave? | Is that a group tour? | Did you ride that bus?,coco_fallback
333241,coco,http://images.cocodataset.org/train2014/COCO_train2014_000000333241.jpg,Why is it cats love to lay in boxes? | Why did the owner put the cat on the plant pot? | Is that white cat black on the other side? | What kind of cat is that? | How old is this cat?,coco_fallback
515684,coco,http://images.cocodataset.org/train2014/COCO_train2014_000000515684.jpg,How fast are these airplanes? | What model of planes are those? | What kind of planes are those? | How fast can those planes fly? | Who owns these airplanes?,coco_fallback
578482,coco,http://images.cocodataset.org/train2014/COCO_train2014_000000578482.jpg,Does that truck run? | Are there any animals in this photo? | How long has that truck been sitting there? | Where is that shack located? | Is that an old abandoned train?,coco_fallback
201940,coco,http://images.cocodataset.org/train2014/COCO_train2014_000000201940.jpg,What are you reading? | What is this man doing on his laptop? | Why does the man have white hair? | What kind of music do you play? | What music software are you using?,coco_fallback
578484,coco,http://images.cocodataset.org/train2014/COCO_train2014_000000578484.jpg,Is that guy using a flip phone? | What brand of phone is that? | Would you take a selfie in a public restroom? | What kind of phone is that? | Does this person work for Mozilla?,coco_fallback
102447,coco,http://images.cocodataset.org/train2014/COCO_train2014_000000102447.jpg,Why are there just leaves in a vase? | What type of plant is this? | Is there enough soil for the plant? | Will this plant continue to grow in this container? | What kind of jar are those plants in?,coco_fallback
520378,coco,http://images.cocodataset.org/train2014/COCO_train2014_000000520378.jpg,Is that a kite? | is he flying that kite? | What ocean is this? | Do you think this kite is sufficiently aerodynamic? | Can that kite fly high?,coco_fallback
251170,coco,http://images.cocodataset.org/train2014/COCO_train2014_000000251170.jpg,Where is this? | Who made this mural? | Do you like the painting? | Why is the fire hydrant white? | Is the painting on the wall dry?,coco_fallback
162031,coco,http://images.cocodataset.org/train2014/COCO_train2014_000000162031.jpg,Why is the cat under the blanket? | Does he grab your fingers from under there? | What is the kitty hiding from? | What is he hiding from? | Is the cat scared?,coco_fallback
117327,coco,http://images.cocodataset.org/train2014/COCO_train2014_000000117327.jpg,How many eggs are in the omelette? | How much did that dish cost? | Does he omelette have meat? | Do you enjoy omelettes? | Is that an omelette?,coco_fallback
198631,coco,http://images.cocodataset.org/train2014/COCO_train2014_000000198631.jpg,What are those flowers? | What are you planning to put into the other vase? | What kind of flowers are those? | What kind of flowers are those? | What type of flowers are in the vase?,coco_fallback
204087,coco,http://images.cocodataset.org/train2014/COCO_train2014_000000204087.jpg,What is the name of the castle in the background? | Where is this? | Where was this taken? | Is that a castle in the back? | What breed of horse is this?,coco_fallback
185663,coco,http://images.cocodataset.org/train2014/COCO_train2014_000000185663.jpg,Does it rain there often? | Why are they holding open umbrellas on a sunny day? | Why do the people have umbrellas when it is fairly sunny out? | Are these women friends? | How hard is it raining?,coco_fallback
313710,coco,http://images.cocodataset.org/train2014/COCO_train2014_000000313710.jpg,Do you get bananas from your tree year round? | Are those bananas good to eat? | How is it possible that a tree can grow inside? | How are bananas growing inside? | Are these bananas grown at a person's home?,coco_fallback
64906,coco,http://images.cocodataset.org/train2014/COCO_train2014_000000064906.jpg,What kind of plane is that? | Did you fly it? | What kind of plane is that? | What kind of plane is this? | Is this a two engine plane?,coco_fallback
192795,coco,http://images.cocodataset.org/train2014/COCO_train2014_000000192795.jpg,Who is that going surfin | How old is this photo? | is this a resort advertisement? | Where is that beach at in Costa Rica? | Where is Costa Rica on a map?,coco_fallback
488564,coco,http://images.cocodataset.org/train2014/COCO_train2014_000000488564.jpg,What is the cooking time for this pizza? | What kind of cheese is in there? | What topping is on this pizza? | How did you like the basil on the pizza? | What kind of cheese is that?,coco_fallback
323695,coco,http://images.cocodataset.org/train2014/COCO_train2014_000000323695.jpg,How bad was the traffic? | Why is traffic stopped? | Why is there so much traffic? | Why are European icense plates weird looking? | What city is this?,coco_fallback
473261,coco,http://images.cocodataset.org/train2014/COCO_train2014_000000473261.jpg,What were those two watching? | Is this a college? | Are these girls at school? | What class are they studying for? | Why does that girl have her sweater halfway off?,coco_fallback
135749,coco,http://images.cocodataset.org/train2014/COCO_train2014_000000135749.jpg,Why are they following that bus? | What street is this? | What city was this taken in? | Are you just visiting? | Where are the bicyclists going?,coco_fallback
404194,coco,http://images.cocodataset.org/train2014/COCO_train2014_000000404194.jpg,How old is that woman? | Does this woman know what she's doing? | How cold is it there? | What city is this in? | Are these people going out to ski?,coco_fallback
484260,coco,http://images.cocodataset.org/train2014/COCO_train2014_000000484260.jpg,Is that a zebra family? | Are these three zebras a family? | How much does a zebra weigh? | Are those baby zebras? | Are those zebras in a park or zoo?,coco_fallback
168083,coco,http://images.cocodataset.org/train2014/COCO_train2014_000000168083.jpg,How old is that camera? | How much taller is the person on the right than the person on the left? | What are their names? | Do your friends use Colgate toothpaste? | What kind of camera is that?,coco_fallback
514131,coco,http://images.cocodataset.org/train2014/COCO_train2014_000000514131.jpg,Is the bench homemade? | What kind of plant is that in the pot? | What is that man's name? | What is the same color as the bench? | Where did he buy those purple socks?,coco_fallback
415991,coco,http://images.cocodataset.org/train2014/COCO_train2014_000000415991.jpg,Did someone buy this computer? | Did you buy it? | Why is this computer marked down? | Is the computer at home? | Do you think this is a good deal for the brand and specs?,coco_fallback
236818,coco,http://images.cocodataset.org/train2014/COCO_train2014_000000236818.jpg,Is this a minor league game? | Is his team winning the game? | Are they getting ready to start the game | Was it a good game? | Is the game over?,coco_fallback
249982,coco,http://images.cocodataset.org/train2014/COCO_train2014_000000249982.jpg,Where is this train museum located? | Where is the train going? | What city does this transit system serve? | Is this train in service? | Did you just get off the train?,coco_fallback
113310,coco,http://images.cocodataset.org/train2014/COCO_train2014_000000113310.jpg,Was this taken in France? | Is that plane flying to Paris? | Where is that plane going? | Would you travel to france? | Did you travel on that airplane?,coco_fallback
44247,coco,http://images.cocodataset.org/train2014/COCO_train2014_000000044247.jpg,Is this for a birthday? | What is a tiffin? | Which one was your favorite? | What other desserts do they serve? | Are the middle ones brownies?,coco_fallback
53608,coco,http://images.cocodataset.org/train2014/COCO_train2014_000000053608.jpg,What food is he preparing? | What is he cooking? | What is he going to eat with he crab? | What is the making? | Where did this man find crabs?,coco_fallback
454155,coco,http://images.cocodataset.org/train2014/COCO_train2014_000000454155.jpg,How many cows do you have? | Are the cows calm? | Were the steer friendly? | Do these animals enjoy wearing bells? | What are in the cows ears?,coco_fallback
147873,coco,http://images.cocodataset.org/train2014/COCO_train2014_000000147873.jpg,Where are the people? | Where is that old kitchen? | What is the stoneware jug going to be used for? | What are they making? | What kind of facility is this kitchen in?,coco_fallback
427169,coco,http://images.cocodataset.org/train2014/COCO_train2014_000000427169.jpg,Who is the professor? | How many classes do you take? | What was the lecture about? | What was he speaking about? | What subject is he teaching?,coco_fallback
357173,coco,http://images.cocodataset.org/train2014/COCO_train2014_000000357173.jpg,What kind of flowers are in the vase? | What kind of flo | What kind of flower is in this vase? | Where are these flowers from? | Who owns the flowers?,coco_fallback
122763,coco,http://images.cocodataset.org/train2014/COCO_train2014_000000122763.jpg,What are the dimensions of the computer screen? | What does rtbf stand for? | Is that a game on the monitor? | What does rtbr mean? | Is that a custom made laptop?,coco_fallback
99511,coco,http://images.cocodataset.org/train2014/COCO_train2014_000000099511.jpg,What is he taking a picture of? | Is that a convection oven? | Is this an appliance ad shoot? | What is she taking a picture of? | Why are they photographing the kitchen?,coco_fallback
298483,coco,http://images.cocodataset.org/train2014/COCO_train2014_000000298483.jpg,What game are they playing? | Is this a public library? | Is this a home for boys? | What game are they playing? | What game are they playing?,coco_fallback
202960,coco,http://images.cocodataset.org/train2014/COCO_train2014_000000202960.jpg,How clean is that toilet? | Are you supposed to scoop sand into the toilet? | Is that really a toilet? | How uncomfortable was that to use? | What does the sign say?,coco_fallback
68179,coco,http://images.cocodataset.org/train2014/COCO_train2014_000000068179.jpg,What are the red things around the hydrant? | What type of dog is that? | What street is that? | Is the dog going to the bathroom? | What is it with dogs and fire hydrants?,coco_fallback
260276,coco,http://images.cocodataset.org/train2014/COCO_train2014_000000260276.jpg,Where is the girl riding to? | Is that child wearing a helmet under his or her hat? | Do you think the horse minded being ridden by a kid in a zebra hat? | How old is the little girl? | Do you like those kind of animal character hats on grownups?,coco_fallback
501648,coco,http://images.cocodataset.org/train2014/COCO_train2014_000000501648.jpg,Where was this taken? | Why are there so many clocks? | Why do the clocks have different times? | Do the clocks all have the same time? | Why are there so many clocks?,coco_fallback
572737,coco,http://images.cocodataset.org/train2014/COCO_train2014_000000572737.jpg,Which country is this? | What city is depicted here? | What country is this street in? | What is in that bag? | What is the man carrying in the bag?,coco_fallback
247263,coco,http://images.cocodataset.org/train2014/COCO_train2014_000000247263.jpg,What kind of flower is in the vase? | What kind of flowers are in the vase? | Do the flowers have enough water? | What kind of flower is that? | What types of flowers are in the arrangement?,coco_fallback
506592,coco,http://images.cocodataset.org/train2014/COCO_train2014_000000506592.jpg,What are you using the pulleys for? | What are you working on? | What is hanging in front of the photo? | What kind of contraption is this? | Does this photo need rotation?,coco_fallback
247265,coco,http://images.cocodataset.org/train2014/COCO_train2014_000000247265.jpg,What are they eating? | What are the elephants eating? | Is this an elephant family? | What are the elephants eating? | How much do you think these elephants eat every day?,coco_fallback
387102,coco,http://images.cocodataset.org/train2014/COCO_train2014_000000387102.jpg,Is that cake iced with marzipan? | What are the decorations on this cake made from? | What kind of cake is that? | How did that taste? | Is it a layer cake if there's just one layer?,coco_fallback
265139,coco,http://images.cocodataset.org/train2014/COCO_train2014_000000265139.jpg,What tennis tournament is this? | What is the score of the match? | Was this taken at Wimbledon? | Who is this person? | What's the score in the game?,coco_fallback
418569,coco,http://images.cocodataset.org/train2014/COCO_train2014_000000418569.jpg,Do they ever lose it in the water? | why are they playing frisbee in the ocean? | What beach is that? | How long did you stay at the beach? | Are those guys brothers?,coco_fallback
85053,coco,http://images.cocodataset.org/train2014/COCO_train2014_000000085053.jpg,What game are they playing ? | Is the man wearing a striped shirt? | What are they playing? | What game are they playing? | Are they playing tennis?,coco_fallback
152733,coco,http://images.cocodataset.org/train2014/COCO_train2014_000000152733.jpg,How would you describe that paint color? | Do you like the color of those pink walls? | Who lives here? | Do you think this is a living room or waiting area? | Whose home is this?,coco_fallback
512723,coco,http://images.cocodataset.org/train2014/COCO_train2014_000000512723.jpg,What is the dog's name? | What kind of dog is that? | What is the name of the dog? | Is this dog tired? | What breed of dog is this?,coco_fallback
204463,coco,http://images.cocodataset.org/train2014/COCO_train2014_000000204463.jpg,Does this pizza have raisins on it? | What do you like on your pizza? | How big is this pizza? | What kind of pizza is that? | What are all of th toppings on this pizza?,coco_fallback
195333,coco,http://images.cocodataset.org/train2014/COCO_train2014_000000195333.jpg,Why is the cat sleeping on the shoes? | Is the cat a male or female? | When did you get a cat? | Are those sandals comfortable? | What is this cat's name?,coco_fallback
204467,coco,http://images.cocodataset.org/train2014/COCO_train2014_000000204467.jpg,How old is the child? | Is this child happy to have vegetables? | Does this boy enjoy cooking? | Did he pick those from your garden? | What vegetable is that?,coco_fallback
452783,coco,http://images.cocodataset.org/train2014/COCO_train2014_000000452783.jpg,What kind of stuffed bears are they? | Did you buy one? | Are those your stuffed bears? | Is someone going to buy the teddy bears? | How much do the stuffed bears cost?,coco_fallback
552383,coco,http://images.cocodataset.org/train2014/COCO_train2014_000000552383.jpg,How old is that elephant? | How do you know if that's an African elephant? | Is the elephant injured? | Was that elephant seen in the wild? | Is this elephant fully grown?,coco_fallback
86560,coco,http://images.cocodataset.org/train2014/COCO_train2014_000000086560.jpg,Does this man appear happy with his life? | Why are they covering their stomachs? | Why does that guy look so creepy/ | Who's the oldest? | DO you notice how everyone pictured is holding something in their lap?,coco_fallback
113956,coco,http://images.cocodataset.org/train2014/COCO_train2014_000000113956.jpg,Why is there no tank on this toilet? | How do you flush the toilet? | How small is that bathroom? | Whose bathroom is this? | Did the toilet flush properly?,coco_fallback
285841,coco,http://images.cocodataset.org/train2014/COCO_train2014_000000285841.jpg,Is this an old photo? | Is this a photo of a barge? | What year was this photo taken? | What time period is this picture from? | What era was this?,coco_fallback
384157,coco,http://images.cocodataset.org/train2014/COCO_train2014_000000384157.jpg,How old is the horse? | What are they trying to plan? | How long does it take doing it that way? | How long does it take to plow one row? | What are they planting in the ground here?,coco_fallback
578023,coco,http://images.cocodataset.org/train2014/COCO_train2014_000000578023.jpg,Did the first baseman tag him out? | Do you think that guy was safe? | Did the player get to the base safe? | Was the runner safe or out? | Does this batter make it to base?,coco_fallback
68287,coco,http://images.cocodataset.org/train2014/COCO_train2014_000000068287.jpg,What are they doing with all that luggage? | Why are all these people gathered? | How long did it take to wait? | Were the people impatient? | Where are they traveling to?,coco_fallback
34975,coco,http://images.cocodataset.org/train2014/COCO_train2014_000000034975.jpg,Who got married? | Whose wedding was it? | How good was the cake? | Who's idea were the mice? | Who got married?,coco_fallback
48145,coco,http://images.cocodataset.org/train2014/COCO_train2014_000000048145.jpg,Who won the race? | Who is more likely to win this race? | Who won? | Are those regular boards or long boards? | Are they racing or practicing?,coco_fallback
236920,coco,http://images.cocodataset.org/train2014/COCO_train2014_000000236920.jpg,Is that your bike? | Where is the train going? | What speed is the bike? | Why is the bike orange? | Where is this?,coco_fallback
474319,coco,http://images.cocodataset.org/train2014/COCO_train2014_000000474319.jpg,Do you think surfing would be hard? | Where are they surfing? | Are these women professional surfers? | Do they go out together a lot? | What is xcel?,coco_fallback
187401,coco,http://images.cocodataset.org/train2014/COCO_train2014_000000187401.jpg,Are they related? | Are these horses a couple? | Are these horses related? | Are these horses related? | What kind of horses are those?,coco_fallback
408515,coco,http://images.cocodataset.org/train2014/COCO_train2014_000000408515.jpg,Is that bike chained to the stop sign? | What does the street sign say? | Does that sign capture irony? | What is written on the stop sign? | Is the bike chained to the stop sign?,coco_fallback
68777,coco,http://images.cocodataset.org/train2014/COCO_train2014_000000068777.jpg,What kind of truck is this? | What kind of truck is that? | What model truck is this? | How old is that truck? | Is this truck vintage?,coco_fallback
403278,coco,http://images.cocodataset.org/train2014/COCO_train2014_000000403278.jpg,What is the polar bear looking at? | Is the polar bear getting ready to eat? | Is this polar bear in the zoo? | How old is the polar bear? | How old was the bear?,coco_fallback
132908,coco,http://images.cocodataset.org/train2014/COCO_train2014_000000132908.jpg,How many passengers does the bus hold? | Whose bus is that? | How many people can fit on the bus? | What is a jovial car? | Are you renting it?,coco_fallback
264197,coco,http://images.cocodataset.org/train2014/COCO_train2014_000000264197.jpg,Do these people with similar umbrellas know one another? | Was it even raining? | Where did you get the pink umbrella? | Do these two women know each other ? | Was it raining at this time?,coco_fallback
247319,coco,http://images.cocodataset.org/train2014/COCO_train2014_000000247319.jpg,What are they celebrating? | Is it their anniversary? | What's the occasion? | What's the occasion? | What was the special occasion?,coco_fallback
471421,coco,http://images.cocodataset.org/train2014/COCO_train2014_000000471421.jpg,Is the plane taking off or landing? | Is this plane taking off? | Why is this airplane orange and purple? | What kind of plane is that? | What kind of plane is this?,coco_fallback
233022,coco,http://images.cocodataset.org/train2014/COCO_train2014_000000233022.jpg,Are those wild zebras? | Do they look out for each other? | How old are those zebra's? | How old are these zebras? | Are the zebra looking for danger?,coco_fallback
54399,coco,http://images.cocodataset.org/train2014/COCO_train2014_000000054399.jpg,Did you put the top purse on the cat? | Why is that cat in that purse? | What kind of cat is that? | How did the cat get in the bag? | Do you think that's a posed shot of the cat?,coco_fallback
148635,coco,http://images.cocodataset.org/train2014/COCO_train2014_000000148635.jpg,Was this an accidental picture? | Where is he going? | Is this person traveling? | What is by his feet? | What's in the suitcase?,coco_fallback
198017,coco,http://images.cocodataset.org/train2014/COCO_train2014_000000198017.jpg,Who owns the luggage? | What decade is this photo from? | What model is that old car? | Are they going on a safari? | How old is this photo?,coco_fallback
337902,coco,http://images.cocodataset.org/train2014/COCO_train2014_000000337902.jpg,Who decorated the room? | Did someone just clean the room? | Was that a real Christmas tree? | How big is this room? | What holiday is this room decorated for?,coco_fallback
384026,coco,http://images.cocodataset.org/train2014/COCO_train2014_000000384026.jpg,Was this pizza baked in a wood fire grill? | Is the pizza spoiled? | What kind of pizza is that? | Is this pizza mostly eaten? | What kind of pizza is that?,coco_fallback
2860,coco,http://images.cocodataset.org/train2014/COCO_train2014_000000002860.jpg,What kind of car is that? | What kind of car is that? | What kind of car is that? | What kind of car is that light blue one? | What model of car is this?,coco_fallback
316250,coco,http://images.cocodataset.org/train2014/COCO_train2014_000000316250.jpg,What time does the clock say? | Does that clock light up at night? | Is that clock accurate? | Are any of the lights functioning? | Where is this?,coco_fallback
381217,coco,http://images.cocodataset.org/train2014/COCO_train2014_000000381217.jpg,Are these guys having a pizza party? | What is everyone eating? | Are these people at a party? | What kind of pizza is this? | Do they cook often?,coco_fallback
527267,coco,http://images.cocodataset.org/train2014/COCO_train2014_000000527267.jpg,Who is she? | What is the woman holding under her arm? | Why is everything green? | What is the green disc she is holding? | What brand of headphones is the man wearing?,coco_fallback
289807,coco,http://images.cocodataset.org/train2014/COCO_train2014_000000289807.jpg,Does the rider always wear a helmet? | What model is it? | What kind of motorcycle is that? | How much money was spent modifying the motorcycle? | Is that a new bike?,coco_fallback
89616,coco,http://images.cocodataset.org/train2014/COCO_train2014_000000089616.jpg,How high up is he? | Is the man on top of a mountain? | how are they above the clouds? | Do you snowboard a lot? | Is he going to make it down the slope?,coco_fallback
518918,coco,http://images.cocodataset.org/train2014/COCO_train2014_000000518918.jpg,Is this home made or from a restaurant? | What kind of rice did you use in this dish? | Do you know if this was made in a slow cooker? | Is this food homemade? | Is this all home made?,coco_fallback
248834,coco,http://images.cocodataset.org/train2014/COCO_train2014_000000248834.jpg,What city is that in? | Why is there no one on the street? | Is this an old photo or just black and white? | Is that building abandoned? | When was this photo taken?,coco_fallback
243304,coco,http://images.cocodataset.org/train2014/COCO_train2014_000000243304.jpg,What is under the turkey? | Why do people who are balding let their hair get long in other places? | What is he cooking that in? | How long did it need to bake? | May I have the recipe for that?,coco_fallback
14244,coco,http://images.cocodataset.org/train2014/COCO_train2014_000000014244.jpg,What is that trick called? | How high can he jump? | Is it legal to do skateboard tricks on a city street? | Who is that skateboarding? | Did he land this trick?,coco_fallback
280490,coco,http://images.cocodataset.org/train2014/COCO_train2014_000000280490.jpg,Is that breakfast? | What is the food closest to us? | Who made this breakfast? | What food is that? | What type of food is that?,coco_fallback
94548,coco,http://images.cocodataset.org/train2014/COCO_train2014_000000094548.jpg,Where was this taken? | How long did you para-sail? | What is he holding on to? | Is this an experienced water athlete? | Is this person going to crash into the water?,coco_fallback
438047,coco,http://images.cocodataset.org/train2014/COCO_train2014_000000438047.jpg,Why is that train decorated with a garland? | What kind of train is that? | What model of train is this? | Was the train decorated for Christmas? | Did you ride the train?,coco_fallback
171099,coco,http://images.cocodataset.org/train2014/COCO_train2014_000000171099.jpg,How many calories are in this meal? | Is the food healthy? | Is this a typical lunch for a vegetarian? | Is that meal for lunch? | Is this meal healthy?,coco_fallback
264998,coco,http://images.cocodataset.org/train2014/COCO_train2014_000000264998.jpg,"Were they loose? | Are those domestic cows? | What forest is this? | Why are there cows in the forest? | How,did the cows gets up there?",coco_fallback
574106,coco,http://images.cocodataset.org/train2014/COCO_train2014_000000574106.jpg,How calm were the horses? | Are pony rides available as well? | Did she get to ride the horse outside the corral? | What type of horse is hat? | What kind of horse is that?,coco_fallback
482588,coco,http://images.cocodataset.org/train2014/COCO_train2014_000000482588.jpg,Why are they wearing masks over their mouths? | Why are they wearing masks? | Are these people related? | Is that even legal? | Is that normal there?,coco_fallback
399378,coco,http://images.cocodataset.org/train2014/COCO_train2014_000000399378.jpg,What time does the clock say? | What is the name of this clock tower? | Can you go up to the top of the tower? | How new is the clock? | Where is this clock tower located?,coco_fallback
157497,coco,http://images.cocodataset.org/train2014/COCO_train2014_000000157497.jpg,How old is the baby elephant? | Is the baby elephant eating? | How old is that elephant? | How old is the baby elephant? | How old is the baby elephant?,coco_fallback
169599,coco,http://images.cocodataset.org/train2014/COCO_train2014_000000169599.jpg,Why does the man have a hat? | How old is the man? | Why did he wear a hat? | Is this man para sailing? | Why is he holding a hat while wakeboarding?,coco_fallback
339670,coco,http://images.cocodataset.org/train2014/COCO_train2014_000000339670.jpg,Why are there so many bags? | Where were they taking a trip to? | What bike tour is this? | Are these men waiting to claim their luggage and bikes? | Why are these people traveling with the bikes?,coco_fallback
471686,coco,http://images.cocodataset.org/train2014/COCO_train2014_000000471686.jpg,How long has it been since he shaved? | Who is he? | Where is that man's sweater from? | Is the man relaxing? | Is this a one room apartment?,coco_fallback
458864,coco,http://images.cocodataset.org/train2014/COCO_train2014_000000458864.jpg,Why is she injecting the cow? | Is that lady a vet? | What kind of shot is it getting? | Is the cow ok? | What are they doing to the cow?,coco_fallback
149458,coco,http://images.cocodataset.org/train2014/COCO_train2014_000000149458.jpg,How old is the giraffe? | What is the giraffe doing? | How long can the giraffe bend down to eat grass? | How tall is this giraffe? | How old is the giraffe?,coco_fallback
169600,coco,http://images.cocodataset.org/train2014/COCO_train2014_000000169600.jpg,Are those two siblings? | Is she going to make a call with the cell phone? | How do the people in the picture know each other? | What kind of cell phone is that? | Are they twins?,coco_fallback
68356,coco,http://images.cocodataset.org/train2014/COCO_train2014_000000068356.jpg,What type of filling is in those sandwiches on the glass platter? | What type of sandwich is that? | What kind of event is this? | Is that earl grey tea? | What type of sandwiches are those?,coco_fallback
158977,coco,http://images.cocodataset.org/train2014/COCO_train2014_000000158977.jpg,Were they chained together? | What is that? | What model of bike is that? | Who owns the motorcycle? | What kind of motorcycle is that?,coco_fallback
471330,coco,http://images.cocodataset.org/train2014/COCO_train2014_000000471330.jpg,How high is the mountain? | Did those kids climb up that mountain? | Are the girls twins? | How good are they at skiing? | Where is the family skiing?,coco_fallback
68359,coco,http://images.cocodataset.org/train2014/COCO_train2014_000000068359.jpg,Is the cake tasty? | Are the pillars in the middle of the cake edible? | What kind of cake is that? | Is it edible? | What event was this cake for?,coco_fallback
569495,coco,http://images.cocodataset.org/train2014/COCO_train2014_000000569495.jpg,Why do there need to be two arrows point toward the fire hydrant? | Is the building condemned? | Is this fire hydrant functioning? | Why is there arrows pointing to the hydrant? | Why is the wall tagged like that?,coco_fallback
288267,coco,http://images.cocodataset.org/train2014/COCO_train2014_000000288267.jpg,How big is that pizza? | How long did it take for the pizza to cook? | What type of food is this? | What kind of pizza is that? | How was the pizza made?,coco_fallback
288440,coco,http://images.cocodataset.org/train2014/COCO_train2014_000000288440.jpg,Was he safe at first base? | Did this player hit a home run? | Who won the game? | Do you know who number 22 is? | Did he get a hit?,coco_fallback
347021,coco,http://images.cocodataset.org/train2014/COCO_train2014_000000347021.jpg,How scholarly is your cat? | is that cat reading a book | Does the cat want to read the book? | What's the cat's name? | Is your cat mean?,coco_fallback
29586,coco,http://images.cocodataset.org/train2014/COCO_train2014_000000029586.jpg,"How old is the clock? | Where is this building located at? | Were you there on vacation? | What are the symbols on the weather vane, atop the clock tower? | Where is the clock located?",coco_fallback
231466,coco,http://images.cocodataset.org/train2014/COCO_train2014_000000231466.jpg,Is there a person in the boat with the dog in it? | Can the dog swim? | Which city is this? | What river is that? | Was that dog on that boat alone?,coco_fallback
137953,coco,http://images.cocodataset.org/train2014/COCO_train2014_000000137953.jpg,Did you go to the Brewing Co.? | What city is this in? | How long did it rain that day? | Are these people heading to the parking lot? | Going for after work drinks?,coco_fallback
395340,coco,http://images.cocodataset.org/train2014/COCO_train2014_000000395340.jpg,What is this boat's destination? | Is that a pirate ship? | Is this a tug boat in front? | Where is this? | What is that ship?,coco_fallback
249529,coco,http://images.cocodataset.org/train2014/COCO_train2014_000000249529.jpg,How did you get so close? | How big is the UPS air fleet? | Is the plane owned by UPS? | Where is the plane going? | How long does it take to get a package across the Atlantic?,coco_fallback
283279,coco,http://images.cocodataset.org/train2014/COCO_train2014_000000283279.jpg,Where is this beach? | Have you ever seen a kite tail like that? | What beach is that? | Why is the making loops like that? | What kind of kite is in the sky?,coco_fallback
72637,coco,http://images.cocodataset.org/train2014/COCO_train2014_000000072637.jpg,Did you paint that fridge red? | Why is it red? | Where can you find a red fridge like that? | What food do they have in the fridge? | Does it work well?,coco_fallback
394523,coco,http://images.cocodataset.org/train2014/COCO_train2014_000000394523.jpg,Was that at a zoo? | Is this a zoo? | Are these giraffes in Africa? | How tall is the giraffe? | What is in between those giraffes?,coco_fallback
136111,coco,http://images.cocodataset.org/train2014/COCO_train2014_000000136111.jpg,How did the monkee get fruit? | What fruit does he prefer? | How often do monkeys steal food? | does that monkey eat meat? | Did he share with anyone?,coco_fallback
92464,coco,http://images.cocodataset.org/train2014/COCO_train2014_000000092464.jpg,Is that a halloween bear? | Is that a Winnie the Pooh bear? | What is in the glass? | Was the bear a gift? | Who bought the bear?,coco_fallback
194643,coco,http://images.cocodataset.org/train2014/COCO_train2014_000000194643.jpg,Why are the handle bars on that bike so far forward? | How long will it take him to repair the bike? | What kind of bike is that? | Are they on a train? | What is the man sitting on?,coco_fallback
381509,coco,http://images.cocodataset.org/train2014/COCO_train2014_000000381509.jpg,Is this where skaters go to learn new stunts? | How long have you been skateboarding? | Is he going to make the jump? | Where is this? | Is it hard to learn how to grind rails?,coco_fallback
325444,coco,http://images.cocodataset.org/train2014/COCO_train2014_000000325444.jpg,Do you live there? | Are those olympic signs? | Were most of the roads plowed of snow? | What events or places are being advertised by the green signs? | What town is this?,coco_fallback
50098,coco,http://images.cocodataset.org/train2014/COCO_train2014_000000050098.jpg,Why does he have so many tattoos? | What sport is he playing? | How much experienced does the guy have with frisbees? | Is this man experienced with frisbees? | What is the man's name playing frisbee?,coco_fallback
296884,coco,http://images.cocodataset.org/train2014/COCO_train2014_000000296884.jpg,Why are they using a horse and carriage? | How long ago was this? | Where are the carriages going? | Do you know anyone in the photo? | What would you find in a chuck wagon?,coco_fallback
94179,coco,http://images.cocodataset.org/train2014/COCO_train2014_000000094179.jpg,Are those school uniforms? | Where do these men work? | Are these people Jevohah's Witnesses? | Are these men Jehovah Witnesses? | Are the men brothers?,coco_fallback
39597,coco,http://images.cocodataset.org/train2014/COCO_train2014_000000039597.jpg,What kind of bedding is that? | Whose bedroom is this? | Is it cloudy outside this room? | where is this hotel located? | How big is that bed?,coco_fallback
403080,coco,http://images.cocodataset.org/train2014/COCO_train2014_000000403080.jpg,Who is wearing the tie? | Why is he dressed up? | Is this a man or woman? | Did you just learn to tie it? | Who taught him to tie a tie?,coco_fallback
271714,coco,http://images.cocodataset.org/train2014/COCO_train2014_000000271714.jpg,Whose computers are these? | Why are there two computers? | How many keyboards are present? | How old is that monitor? | Is that you and your girlfriend?,coco_fallback
106438,coco,http://images.cocodataset.org/train2014/COCO_train2014_000000106438.jpg,Are these phones texting? | What kind of phone is that? | What are these devices? | Is that a game system or a phone? | What kind of cell phone is that?,coco_fallback
412453,coco,http://images.cocodataset.org/train2014/COCO_train2014_000000412453.jpg,How tall are those giraffes? | Was there a whole herd of them? | Where do these giraffes live? | Where is this? | Why is the one giraffe looking in a different direction than the other two?,coco_fallback
352107,coco,http://images.cocodataset.org/train2014/COCO_train2014_000000352107.jpg,Do you keep the window rolled down for your dog? | Does this dog fall out of the car? | Where is this? | Can the dog jump out? | Does the dog get bugs in its eyes?,coco_fallback
252702,coco,http://images.cocodataset.org/train2014/COCO_train2014_000000252702.jpg,How did the performance sound? | How good was the concert? | What kind of trombone is that? | Is that a trombone? | What song is he playing?,coco_fallback
149842,coco,http://images.cocodataset.org/train2014/COCO_train2014_000000149842.jpg,Did you get to pet the giraffe? | What is he feeding the giraffle? | What park is the giraffe in? | Who is that next to the giraffe? | Is the giraffe friendly?,coco_fallback
126047,coco,http://images.cocodataset.org/train2014/COCO_train2014_000000126047.jpg,Are these people related? | Is this a family talking? | What kind of handicap does he have? | Can he operate the wheelchair by himself? | What are they watching?,coco_fallback
72124,coco,http://images.cocodataset.org/train2014/COCO_train2014_000000072124.jpg,What city is this street in? | Why are there firetrucks here? | Was there a fire? | Are these firetrucks at a public building in Utah? | Is there a fire?,coco_fallback
234550,coco,http://images.cocodataset.org/train2014/COCO_train2014_000000234550.jpg,Where do you suppose these people are headed? | Where is the bus going to? | How long will the bus trip take? | Did you get on the wrong bus? | Where are those buses going?,coco_fallback
521697,coco,http://images.cocodataset.org/train2014/COCO_train2014_000000521697.jpg,What kind of dog is that? | Is the dog running to return the frisbee? | Why are border collies so good at dog sports? | What breed of dog is that? | What is the dog's name?,coco_fallback
126514,coco,http://images.cocodataset.org/train2014/COCO_train2014_000000126514.jpg,Who is this cake for? | What kind of food is this image depicted on? | What is that lime green thing? | What was the surfboard made out of? | Was it hard to make?,coco_fallback
339766,coco,http://images.cocodataset.org/train2014/COCO_train2014_000000339766.jpg,What is the name of the skateboarder's trick? | Is this person a talented skateboarder? | Is this a free park? | Is this a skateboard competition? | Do you know how to do this skateboard move?,coco_fallback
324451,coco,http://images.cocodataset.org/train2014/COCO_train2014_000000324451.jpg,Did he fall? | Is this man heading down slope? | Will this person crash and fall before they reach the bottom of the hill? | Does he make it down the hill without falling? | Where is he skiing at?,coco_fallback
259543,coco,http://images.cocodataset.org/train2014/COCO_train2014_000000259543.jpg,Is this an old photo? | Do you think this woman is still alive today? | What style is that dress? | Is this an old photo? | W | hen was this photo taken?,coco_fallback
79530,coco,http://images.cocodataset.org/train2014/COCO_train2014_000000079530.jpg,Is the road very slippery right now? | Why are the signs so blurry? | How hard was it raining on Wednesday? | Where was this taken? | How hard is it raining?,coco_fallback
541231,coco,http://images.cocodataset.org/train2014/COCO_train2014_000000541231.jpg,Where is the carriage going? | How much do you think it costs to ride that horse carriage? | Are there people in the back of the wagon? | Did you go inside that church? | Did you go for a ride?,coco_fallback
338030,coco,http://images.cocodataset.org/train2014/COCO_train2014_000000338030.jpg,What are they doing on that laptop? | Why isn't there more furniture? | Is everyone working on a laptop? | What is this person working on? | Was that at the library?,coco_fallback
130506,coco,http://images.cocodataset.org/train2014/COCO_train2014_000000130506.jpg,How big is that kitchen? | Is that a picture of your kit | Is this kitchen clean? | Why isn't the kitchen clean? | Whoe kitchen is this?,coco_fallback
169330,coco,http://images.cocodataset.org/train2014/COCO_train2014_000000169330.jpg,What was that about? | Who wrote those signs? | Is that a school? | What is the point of the stop sign? | What sort of building is that?,coco_fallback
283309,coco,http://images.cocodataset.org/train2014/COCO_train2014_000000283309.jpg,Where is the bus going? | What mountain is in the background? | What kind of vehicle is that? | Is this a train or a shuttle? | How much was the fare?,coco_fallback
319121,coco,http://images.cocodataset.org/train2014/COCO_train2014_000000319121.jpg,Is this plane in service? | What kind of plane is that? | Who owns this plane? | Does that plane actually fly? | What kind of jet is that?,coco_fallback
319126,coco,http://images.cocodataset.org/train2014/COCO_train2014_000000319126.jpg,What park is this? | What type of kite is that? | Was the wind very strong? | Where do you think this field is located? | How big is that field?,coco_fallback
249275,coco,http://images.cocodataset.org/train2014/COCO_train2014_000000249275.jpg,Is that a new phone? | What is she doing on her phone? | Who is she texting? | Is she texting? | What kind of cell phone is that?,coco_fallback
519205,coco,http://images.cocodataset.org/train2014/COCO_train2014_000000519205.jpg,How old are the bears? | Is that a wild bear? | Is that bear being caged or is it in the wild? | How much does the bear weigh? | How old is the bear?,coco_fallback
298835,coco,http://images.cocodataset.org/train2014/COCO_train2014_000000298835.jpg,What are these people waiting for? | Is the old man sleeping? | What are they waiting on? | What are they waiting on? | What are these people waiting for?,coco_fallback
343908,coco,http://images.cocodataset.org/train2014/COCO_train2014_000000343908.jpg,What kind of sink bowl is that? | Do they have a tv in their mirror? | How did they get an image on the TV on the mirror? | Who is that picture on the mirror of? | Why is the photo there?,coco_fallback
207467,coco,http://images.cocodataset.org/train2014/COCO_train2014_000000207467.jpg,What is the gender of the one on the far right? | Why are they all brushing their teeth? | Why are these people brushing their teeth together? | Why are they all brushing their teeth together? | why are they brushing their teeth together,coco_fallback
170325,coco,http://images.cocodataset.org/train2014/COCO_train2014_000000170325.jpg,Is that an actual train on the left of the tracks? | Is that a full size train? | How fast can that little train go? | Is that a functional train? | what type of trees are in the picture?,coco_fallback
469648,coco,http://images.cocodataset.org/train2014/COCO_train2014_000000469648.jpg,Whose bear is that? | Was the bear and mug full of candy canes a gift? | Why does the teddy bear have candy canes? | Do you have other clothes for the doll? | Who dressed the bear?,coco_fallback
15049,coco,http://images.cocodataset.org/train2014/COCO_train2014_000000015049.jpg,What kind of doughnuts are those? | Are those donuts good | What are these donut flavors? | Are those bagles? | Which side of the box would you take your donut from?,coco_fallback
406560,coco,http://images.cocodataset.org/train2014/COCO_train2014_000000406560.jpg,Are the prices different on the blue and red buses? | Do the different colors of the buses have any significance? | What city is this street in? | How much does it cost to get on the bus? | What city do these buses serve?,coco_fallback
308641,coco,http://images.cocodataset.org/train2014/COCO_train2014_000000308641.jpg,Why is the one side uncovered? | Is that meter out of order? | Why is one meter closed? | Why is one of the meters covered? | This is in a dirt field?,coco_fallback
299836,coco,http://images.cocodataset.org/train2014/COCO_train2014_000000299836.jpg,Is that a samurai mask hanging | How old is the man? | What were you eating? | Where is the mask on the wall from? | Where did you get the puffer fish?,coco_fallback
369721,coco,http://images.cocodataset.org/train2014/COCO_train2014_000000369721.jpg,What kind of flowers are those? | Do those flowers have a fragrant scent? | Is that bench near a house? | Do you ever sit there? | Where was this taken?,coco_fallback
183405,coco,http://images.cocodataset.org/train2014/COCO_train2014_000000183405.jpg,How tall is that giraffe? | Was she very active? | Is this at a zoo? | How tall is the giraffe? | What is this giraffe's name?,coco_fallback
284176,coco,http://images.cocodataset.org/train2014/COCO_train2014_000000284176.jpg,What is in the cow's ear? | How old is the cow? | What breed of cattle is this? | Is it smart to stare down a bull? | Is this a domestic cow used for meat?,coco_fallback
73721,coco,http://images.cocodataset.org/train2014/COCO_train2014_000000073721.jpg,Is this your only fridge? | Is this well-stocked party fridge in your home? | How many types of beer is in this fridge? | Where is the party at? | Is there a party?,coco_fallback
229884,coco,http://images.cocodataset.org/train2014/COCO_train2014_000000229884.jpg,What type of food is on the plate? | Is that mango? | What kind of fruit is that? | Is the knife big enough? | Is this at a restaurant ?,coco_fallback
356449,coco,http://images.cocodataset.org/train2014/COCO_train2014_000000356449.jpg,Have you flown in one? | Was it a bumby landing? | Is that airplane going to land on the water? | Would you ever get in a plane that lands on water? | Where is the plane landing?,coco_fallback
488363,coco,http://images.cocodataset.org/train2014/COCO_train2014_000000488363.jpg,How old is he? | Are those sprinkles? | Will the little boy eat the whole donut? | Was this a special day? | Is the boy drinking chocolate milk?,coco_fallback
338321,coco,http://images.cocodataset.org/train2014/COCO_train2014_000000338321.jpg,What train did you take? | How old are those chandeliers? | Is this Grand Central? | What city is this located in? | Where is that clock?,coco_fallback
357774,coco,http://images.cocodataset.org/train2014/COCO_train2014_000000357774.jpg,Do you think it is 6:04 in the morning or the evening? | Where is this? | Is this at a train station ? | What time does the clock show? | What is the time on the clock?,coco_fallback
74714,coco,http://images.cocodataset.org/train2014/COCO_train2014_000000074714.jpg,Where is this? | Whose heart-shaped kite is that? | Does the shark kite fly well? | Is that a kite festival? | Is this a kite flying competition?,coco_fallback
221557,coco,http://images.cocodataset.org/train2014/COCO_train2014_000000221557.jpg,Were these flowers picked recently? | What are those purple flowers? | What kind of flowers are those? | What are those purple flowers? | What color is the vase?,coco_fallback
318616,coco,http://images.cocodataset.org/train2014/COCO_train2014_000000318616.jpg,what country are these zebras in? | Is this a mating pair of zebras? | Are these zebras related or in love? | Was this picture staged? | Are the zebra's being affectionate?,coco_fallback
63867,coco,http://images.cocodataset.org/train2014/COCO_train2014_000000063867.jpg,What are they giggling about? | Are these girls having fun? | Did you bring the chair home? | What were they laughing about? | Are these women related?,coco_fallback
377212,coco,http://images.cocodataset.org/train2014/COCO_train2014_000000377212.jpg,How old is that dog? | What breed of dog is this? | Is that dog skateboarding? | Does the dog really know how to skateboard? | Does the dog do any tricks?,coco_fallback
4032,coco,http://images.cocodataset.org/train2014/COCO_train2014_000000004032.jpg,Do you drive a bus? | Are these buses going to pick kids up from school? | Are the buses at school? | Are there children inside the bus? | How many people does a bus hold?,coco_fallback
136332,coco,http://images.cocodataset.org/train2014/COCO_train2014_000000136332.jpg,Is that how you make doughnuts? | Who is making the donuts? | Do you make them professionally? | Is this a doughnut machine? | Does this remind you of that kid's book about the donut machine?,coco_fallback
11579,coco,http://images.cocodataset.org/train2014/COCO_train2014_000000011579.jpg,Is that a ski slope or a hill? | How much snow did they get? | Are they skiing down a street? | Why is he skiing here? | Why is this person skying on a normal street?,coco_fallback
366897,coco,http://images.cocodataset.org/train2014/COCO_train2014_000000366897.jpg,What game are they playing on the Wii? | What game are they playing? | What are these guys playing on the Wii? | What was this office part for? | What game are they playing?,coco_fallback
268892,coco,http://images.cocodataset.org/train2014/COCO_train2014_000000268892.jpg,Do you like glaze donuts? | Is this donut hot off the press? | Is that a chocolate donut? | What type of donut is that? | How much is the donut?,coco_fallback
435011,coco,http://images.cocodataset.org/train2014/COCO_train2014_000000435011.jpg,They let you get that close to the giraffes? | Did it lick you? | Can that giraffe actually bit hard enough to hurt the kid? | Were you worried the giraffe might bite? | Do giraffes like kids?,coco_fallback
28988,coco,http://images.cocodataset.org/train2014/COCO_train2014_000000028988.jpg,What is that cow thinking? | Do both cows have a tag? | How Old is the cow? | Are those milk cows or steak cows? | Did you feed the cows?,coco_fallback
410916,coco,http://images.cocodataset.org/train2014/COCO_train2014_000000410916.jpg,Why is the kid making a mess? | What kind of pasta dish is this? | How old is this child? | Do you ever pack her lunch? | Will she get in trouble for playing with her food?,coco_fallback
370790,coco,http://images.cocodataset.org/train2014/COCO_train2014_000000370790.jpg,Do you think these toys are expensive? | Are those toys? | What kind of model toys are they? | Where are they taking those cinderblocks? | Are these miniature models?,coco_fallback
361638,coco,http://images.cocodataset.org/train2014/COCO_train2014_000000361638.jpg,Is this a clean bathroom? | When was the last time the bathroom was renovated? | Where is this bathroom located? | Do you think a main cleans the bathroom? | Do hotel maids leave the toilet seat up like that?,coco_fallback
351972,coco,http://images.cocodataset.org/train2014/COCO_train2014_000000351972.jpg,Whose home is this? | How many books are on the shelfs? | How big is this room? | Have you read all of those books? | What sort of books are on the shelf?,coco_fallback
209704,coco,http://images.cocodataset.org/train2014/COCO_train2014_000000209704.jpg,Is this bird the Western Snowy Plover? | What type of bird is that? | What kind of bird is this? | What kind of bird is he? | What kind of bird is that?,coco_fallback
279997,coco,http://images.cocodataset.org/train2014/COCO_train2014_000000279997.jpg,Who made these donuts? | Who made that ugly pastry? | Where are these donuts from? | What do they call that pastry on the right? | Is the chocolate doughnut injured?,coco_fallback
542786,coco,http://images.cocodataset.org/train2014/COCO_train2014_000000542786.jpg,Is this a nice computer setup? | How many computers do you need? | What type of work environment is this? | Why do you need so many computers? | Are all the laptops used for the same task?,coco_fallback
184443,coco,http://images.cocodataset.org/train2014/COCO_train2014_000000184443.jpg,Is that zebra eating? | Are those Zebra? | Are the zebras grazing? | Where is this? | Were the zebras friendly?,coco_fallback
276290,coco,http://images.cocodataset.org/train2014/COCO_train2014_000000276290.jpg,is this horse the only animal on this farm? | Is that considered a ranch? | What breed of horse is that? | Where is this? | Is the horse male or female?,coco_fallback
92868,coco,http://images.cocodataset.org/train2014/COCO_train2014_000000092868.jpg,What kind of bear is that? | Where was this photo taken? | Is that a wild bear? | Is the bear running? | How close would you get to this bear?,coco_fallback
503235,coco,http://images.cocodataset.org/train2014/COCO_train2014_000000503235.jpg,Is the dog good at surfing? | Does the dog get on the surfboard himself? | How old is this dog? | What is the dog's name? | How did the dog learn to surf?,coco_fallback
355110,coco,http://images.cocodataset.org/train2014/COCO_train2014_000000355110.jpg,Is that a sandwich on the ground? | Why did someone choose to photograph a piece of food lying in the street? | Did you drop the donut? | Why is there a sandwich on the ground? | Why is there a doughnut in the street?,coco_fallback
575703,coco,http://images.cocodataset.org/train2014/COCO_train2014_000000575703.jpg,Is this at a farm? | What are those cows looking at | Are these bulls all tagged? | What are in the cows ears? | Are the cows milked regularly?,coco_fallback
7524,coco,http://images.cocodataset.org/train2014/COCO_train2014_000000007524.jpg,What kind of horse is that? | What are the police doing? | How much weight can the horse hold? | Is the officer ticketing the horse rider? | Where is this?,coco_fallback
92319,coco,http://images.cocodataset.org/train2014/COCO_train2014_000000092319.jpg,Who made the cake? | Is the cake tasty? | Was this somebody's birthday cake? | How long did the cake last? | Is that a wedding cake?,coco_fallback
19146,coco,http://images.cocodataset.org/train2014/COCO_train2014_000000019146.jpg,Is this a hotel? | Are all the lights on? | Which hotel is this? | Which hotel is this? | Is this a hotel room?,coco_fallback
370,coco,http://images.cocodataset.org/train2014/COCO_train2014_000000000370.jpg,Did she grow that herself? | Does she always eat her vegetables? | How old is the little girl? | What is in the girl's hand? | What is the child's name?,coco_fallback
373063,coco,http://images.cocodataset.org/train2014/COCO_train2014_000000373063.jpg,What is that bird behind the giraffe? | How tall is that giraffe? | How tall is this giraffe? | Did you feed him? | How tall is that giraffe?,coco_fallback
286336,coco,http://images.cocodataset.org/train2014/COCO_train2014_000000286336.jpg,Which country are these planes in? | Which airport is this? | What airport is this? | Are these airplanes being repaired? | Where is that plane going?,coco_fallback
429820,coco,http://images.cocodataset.org/train2014/COCO_train2014_000000429820.jpg,Where is the plane going? | Is that a prison? | Where is this? | Is that Alcatraz? | Where is the plane going?,coco_fallback
423107,coco,http://images.cocodataset.org/train2014/COCO_train2014_000000423107.jpg,Where are these kites being flown? | Where are they flying kites? | What are those kites supposed to look like? | Is it a windy day? | Where is this?,coco_fallback
493626,coco,http://images.cocodataset.org/train2014/COCO_train2014_000000493626.jpg,When is this picture from? | Where is the man going? | Where is the plane going? | Where is he going with the plane? | Is the man getting on the plane?,coco_fallback
52256,coco,http://images.cocodataset.org/train2014/COCO_train2014_000000052256.jpg,Where is Rhode Island Ave? | Is the sky very cloudy? | Where was this taken? | How big is that house? | What town do you think this is is?,coco_fallback
25723,coco,http://images.cocodataset.org/train2014/COCO_train2014_000000025723.jpg,Is that a picture of your kitchen? | Is the tea hot? | Who are the couple pictured on the frdige? | Does the owner mind the small kitchen? | Does a single person live here?,coco_fallback
260513,coco,http://images.cocodataset.org/train2014/COCO_train2014_000000260513.jpg,Can this bike be driven on the snow? | Was this bicycle forgotten? | What city is this street in? | Who is the owner of that bike? | How much snow is on the ground?,coco_fallback
197243,coco,http://images.cocodataset.org/train2014/COCO_train2014_000000197243.jpg,What are they both doing in the bathroom? | How drunk are these two? | Did the water line to the toilet break? | Why is the toilet leaking? | Why is he dressed like that?,coco_fallback
373666,coco,http://images.cocodataset.org/train2014/COCO_train2014_000000373666.jpg,Are the bananas in this bowl ripe? | Whose fruits are these? | Do you eat a lot of fruit? | Where did they get all those vegetables? | What are all those fruit doing together?,coco_fallback
358190,coco,http://images.cocodataset.org/train2014/COCO_train2014_000000358190.jpg,What happened here? | What happens if there's a fire? | What happened to this fire hydrant? | Who broke the fire hydrant? | How did the fire hydrant fall?,coco_fallback
142806,coco,http://images.cocodataset.org/train2014/COCO_train2014_000000142806.jpg,Why is there no carpet? | Did you remodel? | What sort of view can you see from the window? | Where is this? | Where is this apartment located?,coco_fallback
387750,coco,http://images.cocodataset.org/train2014/COCO_train2014_000000387750.jpg,What beach is that? | Is it going to rain? | How high did the man allow his kite to fly? | What beach is this? | How do you steer a kite in the wind?,coco_fallback
442400,coco,http://images.cocodataset.org/train2014/COCO_train2014_000000442400.jpg,Is this where you work? | Where can I buy that storage bin? | What kind of laptop is this? | Is this your desk at work? | What program is open on the laptop?,coco_fallback
464593,coco,http://images.cocodataset.org/train2014/COCO_train2014_000000464593.jpg,What is his name? | What is that tie made of? | What kind of tie is he wearing? | What does the tie tag say? | Is this person showing their tie brand?,coco_fallback
383760,coco,http://images.cocodataset.org/train2014/COCO_train2014_000000383760.jpg,What ocean is that? | What beach is that? | Where was this photo taken? | Who owns the surfboard? | Was it a bad day to surf?,coco_fallback
166122,coco,http://images.cocodataset.org/train2014/COCO_train2014_000000166122.jpg,When did you go skiing? | How old is the child? | Did the child enjoy his day skiing? | Was this his fist time skiing? | How old is the chld?,coco_fallback
579621,coco,http://images.cocodataset.org/train2014/COCO_train2014_000000579621.jpg,What establishment is the barbed wire fence protecting? | What kind of bird is that? | Why is the bird on barbed wire? | Why do the birds not get electrocuted? | Does that bird know how to not get hurt by those barbs?,coco_fallback
563334,coco,http://images.cocodataset.org/train2014/COCO_train2014_000000563334.jpg,Is this a hotel room? | Are those closet doors? | How much do you think this hotel room costs? | Is this an apartment? | How much does this hotel room cost per night?,coco_fallback
82984,coco,http://images.cocodataset.org/train2014/COCO_train2014_000000082984.jpg,What kind of sandwich is the boy eating? | Does he eat in the car a lot? | What is the little boy's name? | What is the kid looking at? | What kind of sandwich is he eating?,coco_fallback
331876,coco,http://images.cocodataset.org/train2014/COCO_train2014_000000331876.jpg,Is this sign easy to read? | How big is that sign? | Where is this sign located? | Where is Newbury road at? | Why does the sign read confusingly?,coco_fallback
283188,coco,http://images.cocodataset.org/train2014/COCO_train2014_000000283188.jpg,Do you want a bathroo like this one? | How many people live in this house? | Did you custom-design this bathroom yourself? | Who designed this bathroom? | Where is the enclosure on the shower?,coco_fallback
86221,coco,http://images.cocodataset.org/train2014/COCO_train2014_000000086221.jpg,Why is she on the phone while she is eating? | Who is she calling? | Where are they eating? | Who is the woman talking to? | Is this woman taking a business call?,coco_fallback
364815,coco,http://images.cocodataset.org/train2014/COCO_train2014_000000364815.jpg,What kind of bat is that? | Don't they have bats his size? | How does that game work? | How old is this little boy? | Did he have fun?,coco_fallback
235177,coco,http://images.cocodataset.org/train2014/COCO_train2014_000000235177.jpg,What body of water are they sailing in? | What is the name of that boat? | Is it safe to be swimming in those waters? | Did everyone jump in? | What is the person in the water trying to accomplish?,coco_fallback
56132,coco,http://images.cocodataset.org/train2014/COCO_train2014_000000056132.jpg,What happened that caused the accident? | Why are they in the intersection? | Was anyone injured in the accident? | What caused an accident here? | Was there an accident?,coco_fallback
155244,coco,http://images.cocodataset.org/train2014/COCO_train2014_000000155244.jpg,Who lives here? | Is that bathtub in the bedroom or is it a mirror? | What hotel is that? | Is this a hotel room? | Is this bathroom from a five-star hotel?,coco_fallback
61524,coco,http://images.cocodataset.org/train2014/COCO_train2014_000000061524.jpg,Do all the benches in town have messages? | Where am I almost there? | Where is this? | Where am I almost to? | Who painted the bench?,coco_fallback
96414,coco,http://images.cocodataset.org/train2014/COCO_train2014_000000096414.jpg,Is that your son at bat? | Who won the game? | What sport is being played? | What's the score in the game? | Who are the teams playing in this baseball game?,coco_fallback
428244,coco,http://images.cocodataset.org/train2014/COCO_train2014_000000428244.jpg,Is this bathroom on a boat? | Is that in a spaceship? | Is this bathroom on a space ship? | Do you hit your head on the top? | What kind of bathroom is this?,coco_fallback
424029,coco,http://images.cocodataset.org/train2014/COCO_train2014_000000424029.jpg,What kind of bird is that? | What type of bird is that? | What kind of bird is this? | What kind of bird is he? | What kind of bird is it?,coco_fallback
26497,coco,http://images.cocodataset.org/train2014/COCO_train2014_000000026497.jpg,What kind of truck is that? | To whom does the truck belong? | What brand is that truck? | Does the truck have 4-wheel drive? | What color is the truck?,coco_fallback
304319,coco,http://images.cocodataset.org/train2014/COCO_train2014_000000304319.jpg,What kind of electronic device is shown? | Have you heard of the band on that flyer? | Is that a new phone? | Whose device is that? | What kind of cell phone is that?,coco_fallback
220449,coco,http://images.cocodataset.org/train2014/COCO_train2014_000000220449.jpg,Did you bake those? | Are the breads homebaked? | What is in the bowl to the left? | What kind of bread is in the bowl? | Is the bread homemade?,coco_fallback
322911,coco,http://images.cocodataset.org/train2014/COCO_train2014_000000322911.jpg,Where did you get that? | What kind of food is this? | What are they making? | What dish is being prepared? | What kind of meat is that with the broccoli?,coco_fallback
515057,coco,http://images.cocodataset.org/train2014/COCO_train2014_000000515057.jpg,Is this phone active? | Is there a symbolic meaning to this photo? | What kind of cell phone is that? | What model of phone is that? | Whose phone is this?,coco_fallback
191457,coco,http://images.cocodataset.org/train2014/COCO_train2014_000000191457.jpg,What airport was this taken at? | How long did it take to board? | What model plane is this? | What country is KLM Airlines from? | How did you get so close?,coco_fallback
391720,coco,http://images.cocodataset.org/train2014/COCO_train2014_000000391720.jpg,How much money do the people that live here make? | What kind of counter top is that? | what is on the toilet? | Did you recently remodel the bathroom? | What are the tiles made of?,coco_fallback
276870,coco,http://images.cocodataset.org/train2014/COCO_train2014_000000276870.jpg,Does that stuffed animal teach about skydiving safety? | What is the doll for? | What is he doing? | Why is the man holding that teddy bear? | Is the man holding a puppet?,coco_fallback
420922,coco,http://images.cocodataset.org/train2014/COCO_train2014_000000420922.jpg,What is the man showing off a picture of? | What kind of cell phone is that? | Is this man displaying a phone? | What is on the phone? | What kind of phone is that?,coco_fallback
563250,coco,http://images.cocodataset.org/train2014/COCO_train2014_000000563250.jpg,What kind of plane is that? | What are those things that look like airplane boots? | Is that your plane? | Are it's windows tinted? | What kind of plane is this?,coco_fallback
19964,coco,http://images.cocodataset.org/train2014/COCO_train2014_000000019964.jpg,Is this a National Park? | Why is this photo in black and white? | What year is that pick up truck? | Is that shelter a bus stop? | Is this a camp ground?,coco_fallback
423214,coco,http://images.cocodataset.org/train2014/COCO_train2014_000000423214.jpg,Why is the dog so tired? | What is the dog's name? | Did the dog do anything wrong? | Why is the dog pouting? | Does that dog look fat to you?,coco_fallback
130093,coco,http://images.cocodataset.org/train2014/COCO_train2014_000000130093.jpg,Did he have to repair the kite with tape? | Is the man going to fly a kite? | Do you fly kites often? | Does this man know how to fly a kite? | What is his name?,coco_fallback
204721,coco,http://images.cocodataset.org/train2014/COCO_train2014_000000204721.jpg,What kind of craft project is this? | What will be made from this cloth? | What do you plan on making with the fabric strips? | What kind of fabric is that? | When did you start sewing?,coco_fallback
119529,coco,http://images.cocodataset.org/train2014/COCO_train2014_000000119529.jpg,Where was this taken? | Have you seen ones that light before? | Are the giraffes hiding? | How tall are those giraffes? | Is the giraffe on the far right eating?,coco_fallback
69745,coco,http://images.cocodataset.org/train2014/COCO_train2014_000000069745.jpg,Is he allowed on the couch? | Is this a friendly dog? | How old is the dog? | Is the dog messing that couch? | Is the dog allowed to lay on the couch?,coco_fallback
345238,coco,http://images.cocodataset.org/train2014/COCO_train2014_000000345238.jpg,What kind of dog is that? | How long has this dog been sleeping? | Can you make yarn from the dog's hair? | How do you get close enough to photograph a sleeping dog? | What type of dog is that?,coco_fallback
204897,coco,http://images.cocodataset.org/train2014/COCO_train2014_000000204897.jpg,"What glaze is that doughnut? | Why is he holding up 6 fingers? | Why is he holding up six? | What does the ""7"" mean that this guy is showing? | Why is he eating a doughnut?",coco_fallback
231078,coco,http://images.cocodataset.org/train2014/COCO_train2014_000000231078.jpg,Why is a man flying a kite that looks like it was made for a little girl? | He wasn't embarrassed by the kite? | What is the name of the cartoon character on the kite? | Is this guy flying his sister's kite? | Why is he flying a princess kite?,coco_fallback
81611,coco,http://images.cocodataset.org/train2014/COCO_train2014_000000081611.jpg,Was that a wild giraffe? | What was he eating? | How old is the giraffe? | How tall is the giraffe? | Does the giraffe like to stay in the shade?,coco_fallback
154443,coco,http://images.cocodataset.org/train2014/COCO_train2014_000000154443.jpg,How tall is this giraffe? | Do the zebras and giraffes always mingle together? | Do the zebras ever frighten the giraffes? | Were those animals at a zoo? | Are those miniture zebras?,coco_fallback
99851,coco,http://images.cocodataset.org/train2014/COCO_train2014_000000099851.jpg,What kind of doughnut is that? | Was the pastry delicious? | Is that a cake doughnut? | Do you feel guilty eating donuts? | Is this dessert too sweet?,coco_fallback
219489,coco,http://images.cocodataset.org/train2014/COCO_train2014_000000219489.jpg,Where is this zoo? | Could you pet them? | Are these animals in a zoo? | How tall are giraffes? | Where was this taken?,coco_fallback
320649,coco,http://images.cocodataset.org/train2014/COCO_train2014_000000320649.jpg,Does she not want you to work? | What is your cats name? | What is the cat's name? | Why do cats love sitting on keyboards anyways? | Does this cat like the heat from the laptop?,coco_fallback
431625,coco,http://images.cocodataset.org/train2014/COCO_train2014_000000431625.jpg,What kind of device is this? | What is that device used for? | What is on that screen? | What does that device do? | How much did you pay for that?,coco_fallback
386530,coco,http://images.cocodataset.org/train2014/COCO_train2014_000000386530.jpg,Was this toilet on a plane or in a hotel in Japan? | What country is this oddly shaped toilet located in? | What is the orange circle on the wall used for? | Where is this bathroom located? | Is this in a plane?,coco_fallback
421655,coco,http://images.cocodataset.org/train2014/COCO_train2014_000000421655.jpg,Is anyone watching the dog? | Who owns that dog? | Is it really safe for that dog to be there? | Is he there every day? | What is the dogs name?,coco_fallback
64602,coco,http://images.cocodataset.org/train2014/COCO_train2014_000000064602.jpg,Where is this? | Where are they shopping? | Are those bananas or plantains? | Are the bananas to the right ripe? | What sort of tour is being given?,coco_fallback
536112,coco,http://images.cocodataset.org/train2014/COCO_train2014_000000536112.jpg,is the dog attacking something? | How did the dog learn to catch? | What is the dog's name? | What is the dog catching? | What breed of dog is that?,coco_fallback
514800,coco,http://images.cocodataset.org/train2014/COCO_train2014_000000514800.jpg,Why is there a toy gun in this collection? | Who owns these items? | Why does this person have so much clutter in their bag | Why is everything separated? | Are these items the contents of the bag?,coco_fallback
389213,coco,http://images.cocodataset.org/train2014/COCO_train2014_000000389213.jpg,What kind of toppings are on the pizza? | What was all on the pizza? | Is this a pizza? | Did you make this? | Who made this pizza?,coco_fallback
189559,coco,http://images.cocodataset.org/train2014/COCO_train2014_000000189559.jpg,Why is there only one cow on there? | Why does the truck have no sides? | Do you know why only one calf? | What kind of animals are usually transported in this vehicle? | Why do you believe there is only one animal on that large truck?,coco_fallback
181628,coco,http://images.cocodataset.org/train2014/COCO_train2014_000000181628.jpg,Is this a room in a museum? | Is the safe on the left locked? | Is that antique? | Is this is a display or do you own this old dresser and safe? | How old is that writing desk?,coco_fallback
440032,coco,http://images.cocodataset.org/train2014/COCO_train2014_000000440032.jpg,What is the name of the street the woman is riding on? | Where is she riding to? | What city is this picture in? | What country was this in? | What city is this?,coco_fallback
323737,coco,http://images.cocodataset.org/train2014/COCO_train2014_000000323737.jpg,Are those types of buses common in that area? | Is the bus system here reliable? | What city does this bus belong to? | Is there a reason the bus is purple? | What kind of bus is that?,coco_fallback
128286,coco,http://images.cocodataset.org/train2014/COCO_train2014_000000128286.jpg,How big are those kites? | Are those kites? | Which beach do you think this is at? | What are those type of kites called? | How do the big ones stay up?,coco_fallback
556512,coco,http://images.cocodataset.org/train2014/COCO_train2014_000000556512.jpg,What were they all looking at? | Why are there so many people around the surf board? | Are they all using the surf board? | Why are all those swimmers around the surfboard? | Are the people all riding the same surf board?,coco_fallback
9539,coco,http://images.cocodataset.org/train2014/COCO_train2014_000000009539.jpg,Why haven't they cleaned up? | Whose house is this? | What model of bike is that? | How many people live in this home? | Is that a picture of your house?,coco_fallback
121555,coco,http://images.cocodataset.org/train2014/COCO_train2014_000000121555.jpg,Where is that bus going? | What country is this? | Why do you need double decker buses? | Does the bus stop at that building every day? | Was this taken in Great Britain?,coco_fallback
348639,coco,http://images.cocodataset.org/train2014/COCO_train2014_000000348639.jpg,Where are those trains going? | What station is this one? | Where is this train station? | Where are you going? | How much did the train fare cost?,coco_fallback
105633,coco,http://images.cocodataset.org/train2014/COCO_train2014_000000105633.jpg,Are those college students? | How tall is the girl in the shorts? | Where are those girls headed? | What is she looking at on the phone? | Who are they talking to?,coco_fallback
121559,coco,http://images.cocodataset.org/train2014/COCO_train2014_000000121559.jpg,What is the name of this tower? | How tall is the clock tower? | Is it going to rain? | What time is displayed on the clock? | Is that Big Ben?,coco_fallback
167180,coco,http://images.cocodataset.org/train2014/COCO_train2014_000000167180.jpg,Would you consider this a healthy meal? | Was the sandwich good? | What type of sandwich is that? | Where can I order this exact dish? | Was it good?,coco_fallback
150614,coco,http://images.cocodataset.org/train2014/COCO_train2014_000000150614.jpg,How old is the little boy playing baseball? | Is it dangerous to have someone so young as the bat boy? | Who won the game? | How long ago was this picture taken? | How old is the boy?,coco_fallback
329118,coco,http://images.cocodataset.org/train2014/COCO_train2014_000000329118.jpg,How much does the elephant weigh? | Where are the elephants going? | Are the elephants related? | Are they sick? | Where is this?,coco_fallback
25541,coco,http://images.cocodataset.org/train2014/COCO_train2014_000000025541.jpg,Was it alone? | How old do you think it is? | Is this at a zoo? | What zoo was this? | Is the elephant a baby?,coco_fallback
520341,coco,http://images.cocodataset.org/train2014/COCO_train2014_000000520341.jpg,Who will buy the apples? | Are these apples for sale? | How many apples are in the bags? | Are they organic? | What type of apple is that?,coco_fallback
305208,coco,http://images.cocodataset.org/train2014/COCO_train2014_000000305208.jpg,What suit jacket is this? | Is this an expensive suit? | What does the patch below the pocket of this jacket mean? | What are the Royal Lancers? | What does that patch mean?,coco_fallback
540899,coco,http://images.cocodataset.org/train2014/COCO_train2014_000000540899.jpg,Do you work with models a lot? | Are these vehicles stopped in traffic? | Where was this taken? | Why do those cars look fake? | Where is this?,coco_fallback
46786,coco,http://images.cocodataset.org/train2014/COCO_train2014_000000046786.jpg,"Why has no one written ""in the name of love"" below ""Stop""? | Is it night out? | Where is this stop sigh? | Why take a photo of a stop sign? | Does that street sign read ""The Dike?",coco_fallback
191031,coco,http://images.cocodataset.org/train2014/COCO_train2014_000000191031.jpg,Is that a picture of your bathroom? | Is that a new sink? | Who did the tile work in your bathroom? | Who cleaned the bathroom last? | Is the shower turned on?,coco_fallback
422270,coco,http://images.cocodataset.org/train2014/COCO_train2014_000000422270.jpg,When did she start collecting bears? | How many do you have? | Does the polar bear have a name? | Is that a Coca-Cola bear? | Who owns these teddy bears?,coco_fallback
539263,coco,http://images.cocodataset.org/train2014/COCO_train2014_000000539263.jpg,Why does he look so sad? | Is the dog sad too see you leave? | What breed of dog is it? | Is the dog outside or inside? | What's your dog's name?,coco_fallback
223154,coco,http://images.cocodataset.org/train2014/COCO_train2014_000000223154.jpg,How cold is it in this picture? | Were there any accidents in this snow storm? | How much snow fell here? | When will the storm end? | Were the roads icy?,coco_fallback
236155,coco,http://images.cocodataset.org/train2014/COCO_train2014_000000236155.jpg,Do you think that little girl ate the whole thing? | How old is this child? | Is this the first time that little girl has had a Moonpie? | What is the little girl eating? | Did she eat the whole thing?,coco_fallback
148409,coco,http://images.cocodataset.org/train2014/COCO_train2014_000000148409.jpg,Why is everything separated? | How old is the banana? | Why are these objects in a group? | Is the banana rotten? | Does this look like a set of tools MacGyver would use?,coco_fallback
61830,coco,http://images.cocodataset.org/train2014/COCO_train2014_000000061830.jpg,What kind of animal is on the grass? | What mountain is that? | Where is this? | What mountains are shown here? | What mountain range is that?,coco_fallback
167505,coco,http://images.cocodataset.org/train2014/COCO_train2014_000000167505.jpg,Would a hard turn cause that bus to tip over? | Where is the bus going? | Where is the bus going? | How much was the bus fare? | Have you ever been on a double decker bus like that before?,coco_fallback
146313,coco,http://images.cocodataset.org/train2014/COCO_train2014_000000146313.jpg,Isn't her skirt too short to be decent? | Can you see what you are looking for through that tarp? | When will it stop raining? | Why is the woman wearing a hood when she's using an umbrella? | How old is this girl?,coco_fallback
477774,coco,http://images.cocodataset.org/train2014/COCO_train2014_000000477774.jpg,Is she is a lgbt parade? | Is this woman in a parade? | Where was this taken? | Who is that lady? | Is this picture of a man in drag?,coco_fallback
400742,coco,http://images.cocodataset.org/train2014/COCO_train2014_000000400742.jpg,Do you think this man grooms his beard every day? | What type of hat is the man wearing? | What's his name? | What is he drinking? | Is this man your date?,coco_fallback
21931,coco,http://images.cocodataset.org/train2014/COCO_train2014_000000021931.jpg,Is that a puppy? | Does he understand? | What kind of dog is that? | How old is the puppy? | How old is the dog?,coco_fallback
12138,coco,http://images.cocodataset.org/train2014/COCO_train2014_000000012138.jpg,Is the plane taking off or landing? | Where is the airplane headed? | What kind of plane is that? | How many people does this airplane hold? | What type of aircraft is this?,coco_fallback
141931,coco,http://images.cocodataset.org/train2014/COCO_train2014_000000141931.jpg,What kind of plane is that? | Why is the plane flying so low? | Where is the plane going? | What airport did that plane come from? | Is that snow in this image?,coco_fallback
97218,coco,http://images.cocodataset.org/train2014/COCO_train2014_000000097218.jpg,Is this a meeting or a restaurant? | What are these people doing together? | Was this the work conference you mentioned? | What are they meeting for? | Are they all studying?,coco_fallback
482802,coco,http://images.cocodataset.org/train2014/COCO_train2014_000000482802.jpg,Is that a stove? | Is that a home-constructed oven? | Does the stove actually work? | How old is that stove? | What exactly is that white machine connected to a pipe?,coco_fallback
90490,coco,http://images.cocodataset.org/train2014/COCO_train2014_000000090490.jpg,Is this in an apple store? | Is this a convention? | Did you buy any? | Is he working? | What kind of products were they showing off?,coco_fallback
174554,coco,http://images.cocodataset.org/train2014/COCO_train2014_000000174554.jpg,Who's living room is that? | What hotel is this? | How big is this room? | Are you planning on purchasing this place? | Is that a picture of your house?,coco_fallback
484277,coco,http://images.cocodataset.org/train2014/COCO_train2014_000000484277.jpg,Does it take good photos? | How old is that flip phone? | What kind of cell phone is that? | What is she looking at? | What kind of phone is that?,coco_fallback
210097,coco,http://images.cocodataset.org/train2014/COCO_train2014_000000210097.jpg,Is this a zoo or the wild? | What are those animals doing | Are giraffe's friendly to zebra's? | Where is this? | How do they fill the food up in the giraffe feeder?,coco_fallback
95753,coco,http://images.cocodataset.org/train2014/COCO_train2014_000000095753.jpg,Did the cat break it? | Is this man breaking vases on purpose to fix them? | What is the man's name? | What is he making? | Why is the pottery broken?,coco_fallback
48229,coco,http://images.cocodataset.org/train2014/COCO_train2014_000000048229.jpg,Whose surfboard was left unattended? | Why is the surf board stuck in the sand? | how is that surfboard standing | Why is that board in the ground like that? | How did it stay that way?,coco_fallback
42800,coco,http://images.cocodataset.org/train2014/COCO_train2014_000000042800.jpg,Where does the bus go? | Why is the bus a double decker? | Is this bus parked? | Is it in service? | Did you ride that bus?,coco_fallback
256353,coco,http://images.cocodataset.org/train2014/COCO_train2014_000000256353.jpg,What size is that hat? | How did they make the photos line up so perfect? | How'd you do that? | Did you photoshop this? | How old is this man?,coco_fallback
320353,coco,http://images.cocodataset.org/train2014/COCO_train2014_000000320353.jpg,What model of bike is that? | What type of motorcycle is this? | Is that a police motorcycle? | What type of motorcycle is that? | How fast is that bike?,coco_fallback
564330,coco,http://images.cocodataset.org/train2014/COCO_train2014_000000564330.jpg,Are the animals waiting on someone? | Are these pets resting? | Do the cats sleep all day? | Do you allow the animals on the bed? | Is the cat in the foreground male or female?,coco_fallback
426773,coco,http://images.cocodataset.org/train2014/COCO_train2014_000000426773.jpg,Is the boy reading to the woman? | Are they reading to the dog? | What kind of dog is this? | What is the dog's name? | How old is the dog?,coco_fallback
83862,coco,http://images.cocodataset.org/train2014/COCO_train2014_000000083862.jpg,What type of sandwich is that? | What kind of sandwich is that? | What is on that sandwich? | Is that two kinds of sausages on one sandwich? | How many calories are in that sandwich?,coco_fallback
91735,coco,http://images.cocodataset.org/train2014/COCO_train2014_000000091735.jpg,How much does that animal weigh? | Are there multiple cows on the grass? | What will the cows be used for? | Why are the mountains so white? | Is that snow in the background?,coco_fallback
3521,coco,http://images.cocodataset.org/train2014/COCO_train2014_000000003521.jpg,Could you buy those bears by any chance? | Is the piano real? | Where do you think you can buy teddy bears like this? | Was this taken on Valentine's Day? | What shop is this?,coco_fallback
560532,coco,http://images.cocodataset.org/train2014/COCO_train2014_000000560532.jpg,Does that hot dog look unappetizing to you? | Does that hot dog have a condiment? | What happened to the hot dog? | What type of hot dogs are those? | How much did those hot dogs cost?,coco_fallback
37782,coco,http://images.cocodataset.org/train2014/COCO_train2014_000000037782.jpg,What kind of wine are they drinking? | What was the occasion? | What are your friends celebrating | What are they drinking? | What are these women celebrating?,coco_fallback
49315,coco,http://images.cocodataset.org/train2014/COCO_train2014_000000049315.jpg,What building is this? | Is this a school? | What is this building? | Where was this taken? | Was this a school tour?,coco_fallback
314738,coco,http://images.cocodataset.org/train2014/COCO_train2014_000000314738.jpg,Are these vegetables fresh? | Are these squash from your Grandmother's garden? | Are those vegetables at a farmer's market? | Is someone planning to cook the squash? | Did you grow that yourself?,coco_fallback
429688,coco,http://images.cocodataset.org/train2014/COCO_train2014_000000429688.jpg,What's the score in the game? | Do they always play barefoot? | Are they playing beach soccer? | Who won this game? | How old are the children playing soccer?,coco_fallback
407509,coco,http://images.cocodataset.org/train2014/COCO_train2014_000000407509.jpg,did you fiddle with the color? | What kind of bear is that? | Was this taken in the wild? | What is the bear looking at? | Is that bear in Alaska?,coco_fallback
530284,coco,http://images.cocodataset.org/train2014/COCO_train2014_000000530284.jpg,How old is the television? | Does that TV appear to be teetering dangerously on the shelf? | Is that a tube TV? | Why aren't they watching the TV? | What size tv is that?,coco_fallback
36544,coco,http://images.cocodataset.org/train2014/COCO_train2014_000000036544.jpg,What kind of cake is that? | Who crafted that gorgeous chocolate cake? | Was that hard to make? | How many kgs would this cake be? | Are those rolled sticks of chocolate?,coco_fallback
363464,coco,http://images.cocodataset.org/train2014/COCO_train2014_000000363464.jpg,Is that a Mac? | Are you switching computers? | What kind of laptop is that? | Is that a new computer? | Is the first computer working?,coco_fallback
497821,coco,http://images.cocodataset.org/train2014/COCO_train2014_000000497821.jpg,How did he learn to skate? | How old is the boy? | Will you get him a dirt board? | How fast is the boy skating? | Is the kid a good skater?,coco_fallback
534284,coco,http://images.cocodataset.org/train2014/COCO_train2014_000000534284.jpg,What are the stalls for? | Is this a church? | How old are these stained glass windows? | Where is the stained glass? | Where is this?,coco_fallback
247338,coco,http://images.cocodataset.org/train2014/COCO_train2014_000000247338.jpg,How tall are those giraffes? | What zoo is this? | Is the giraffe in front resting? | Where was this taken? | What is the giraffe doing beside the tree?,coco_fallback
539395,coco,http://images.cocodataset.org/train2014/COCO_train2014_000000539395.jpg,Where is the train going? | Is this train coming or going? | Where is the train going? | Where is the train headed? | Is the train moving?,coco_fallback
484418,coco,http://images.cocodataset.org/train2014/COCO_train2014_000000484418.jpg,Was this plane featured in an airshow? | What kind of plane is that? | Why is there smoke coming out of the plane? | Is this plane spraying pesticide? | What type of plane is that?,coco_fallback
212610,coco,http://images.cocodataset.org/train2014/COCO_train2014_000000212610.jpg,How do you make those? | What are the shells made of? | What is in that dish? | How much did you pay for that? | What food is this?,coco_fallback
70659,coco,http://images.cocodataset.org/train2014/COCO_train2014_000000070659.jpg,Who is the guy wearing a tie? | Why are there so many horses? | What movie was this from? | How old is the photo? | How long ago was this picture taken?,coco_fallback
192436,coco,http://images.cocodataset.org/train2014/COCO_train2014_000000192436.jpg,Is this a hotel room? | Are you planning to get a bookcase for the bedroom? | Where did you get the bedspread? | Is that coverlet homemade? | How many days were you there?,coco_fallback
42156,coco,http://images.cocodataset.org/train2014/COCO_train2014_000000042156.jpg,Where is this train? | Why were you on the tracks? | What train line is this? | Is First the name of the train or company? | What train station is this?,coco_fallback
63261,coco,http://images.cocodataset.org/train2014/COCO_train2014_000000063261.jpg,How tall is that giraffe? | Did you see the giraffe run? | How far can a giraffe rotate its neck? | Was he alone? | Where is this?,coco_fallback
321173,coco,http://images.cocodataset.org/train2014/COCO_train2014_000000321173.jpg,What type of desserts are they? | How did that taste? | What kind of cake is this? | What kind of dessert is that? | Who made the deserts?,coco_fallback
455169,coco,http://images.cocodataset.org/train2014/COCO_train2014_000000455169.jpg,How good was the donut? | Why is the person only having one donut? | Is there jelly inside the donut? | Do they server chocolate covered donuts? | Does the coffee have sugar in it?,coco_fallback
163571,coco,http://images.cocodataset.org/train2014/COCO_train2014_000000163571.jpg,Do you think that dog enjoys going on rides? | Does that dog like riding on the bike? | Where were they going ? | Is the man transporting his dog? | Can the dog jump out?,coco_fallback
418609,coco,http://images.cocodataset.org/train2014/COCO_train2014_000000418609.jpg,Where is the truck going? | Did you ride that bus? | What kind of bus is that? | What is the purpose of that truck? | Where is this?,coco_fallback
15870,coco,http://images.cocodataset.org/train2014/COCO_train2014_000000015870.jpg,Where is this? | Is the polar bear attacking? | Is that polar bear warm? | How much does it cost to visit this animal? | Does the polar bear like living here?,coco_fallback
248320,coco,http://images.cocodataset.org/train2014/COCO_train2014_000000248320.jpg,Where did you get that purse? | What is the phone attached to? | Who's purse is that? | Is the owner nearby? | What kind of purse is that?,coco_fallback
388807,coco,http://images.cocodataset.org/train2014/COCO_train2014_000000388807.jpg,What do you think the bear's wrap says? | Are these stuffed animals in China or Japan? | What gift shop is this in? | Why are the bears hanging?,coco_fallback
422307,coco,http://images.cocodataset.org/train2014/COCO_train2014_000000422307.jpg,What body of water is shown here? | What ocean is that? | Which ocean is that? | What kind of carts are those? | Where is this?,coco_fallback
20398,coco,http://images.cocodataset.org/train2014/COCO_train2014_000000020398.jpg,Does it still work? | Why does that hydrant seem to be busting out of the sidewalk? | Why is the hydrant yellow? | Why isnt' the fire hydrant red? | Does that fire hydrant look like a pig?,coco_fallback
460903,coco,http://images.cocodataset.org/train2014/COCO_train2014_000000460903.jpg,Is this woman posing like a rabbit? | Why is she posing like that? | What mountain is she on? | Where is this person snowshoeing? | Why did she color her hair orange?,coco_fallback
107705,coco,http://images.cocodataset.org/train2014/COCO_train2014_000000107705.jpg,What city is that in? | Where is this? | Is this building as pink in the daylight? | Is the man entering the store? | What is the name of this building?,coco_fallback
371651,coco,http://images.cocodataset.org/train2014/COCO_train2014_000000371651.jpg,What are these surfers waiting for? | Are those surfboards or skim boards? | What ocean is that? | Is the sun setting or rising? | Have they finished their swim?,coco_fallback
123552,coco,http://images.cocodataset.org/train2014/COCO_train2014_000000123552.jpg,What are they doing with that bike? | Why is this bicycle being lifted up in the air? | What are they doing to that bicycle? | Is the bike being loaded to a bus or camper? | Is he pulling the bike on the roof?,coco_fallback
517340,coco,http://images.cocodataset.org/train2014/COCO_train2014_000000517340.jpg,Will you make a pie with them? | Are those fruit safe to eat? | Will anyone eat this fruit? | How old is this fruit? | How quickly were those eaten?,coco_fallback
342277,coco,http://images.cocodataset.org/train2014/COCO_train2014_000000342277.jpg,Did you get an autograph? | What baseball game was this? | Which ball player is this? | What position on the field does the batter play? | What's this player's name?,coco_fallback
509800,coco,http://images.cocodataset.org/train2014/COCO_train2014_000000509800.jpg,Are those sheep in that truck? | What is that truck transporting? | Where are all those elephants going? | Are there animals in the back of this truck? | How long have the animals been packed in that truck?,coco_fallback
169854,coco,http://images.cocodataset.org/train2014/COCO_train2014_000000169854.jpg,What book is the little girl reading? | Can she read? | Is the girl reading to the bear? | What book is the girl reading? | What is she reading?,coco_fallback
395005,coco,http://images.cocodataset.org/train2014/COCO_train2014_000000395005.jpg,Is this a picture of your brother at Comic Con? | Why was he dressed up? | What is the costume? | Why is this man wearing a costume? | Why is he dressed that way?,coco_fallback
68764,coco,http://images.cocodataset.org/train2014/COCO_train2014_000000068764.jpg,What is that meter recording? | Will that be enough time on the parking meter? | How much does parking cost? | How much does parking cost here? | How does it cost for each minute?,coco_fallback
529887,coco,http://images.cocodataset.org/train2014/COCO_train2014_000000529887.jpg,Is there an ocean nearby? | What kind of bird is that? | What is that bird staring at? | Where is this park? | Where was the photograph of the baby seagull taken?,coco_fallback
408506,coco,http://images.cocodataset.org/train2014/COCO_train2014_000000408506.jpg,Where is that bus going? | How fast do these buses go? | How far does the bus have to go? | Is that a public transportation bus? | Where is this bus?,coco_fallback
269738,coco,http://images.cocodataset.org/train2014/COCO_train2014_000000269738.jpg,What is on that wrap? | How many calories are in the wrap? | Do you ever personalize your kid's lunches? | Who packed the food? | How did you cut those carrots?,coco_fallback
293853,coco,http://images.cocodataset.org/train2014/COCO_train2014_000000293853.jpg,Are these girls sisters? | Why isn't the girl on the left smiling? | Why do the girls all have umbrellas? | Why do they think they look cute like that? | Is the sky cloudy?,coco_fallback
211686,coco,http://images.cocodataset.org/train2014/COCO_train2014_000000211686.jpg,Does this cat have any idea what he's looking at? | What show is the cat watching? | What kind of music is being played? | What's the cat's name? | What kind of piano is that?,coco_fallback
168854,coco,http://images.cocodataset.org/train2014/COCO_train2014_000000168854.jpg,What is the reason for this large heart balloon flying? | How big do you think that kite really is? | Is that a kite in the air? | What kind of kite is that? | Where was this kite being flown?,coco_fallback
36166,coco,http://images.cocodataset.org/train2014/COCO_train2014_000000036166.jpg,How many pizzas did you order? | What type of restaurant do you think this is? | How big was tat pizza? | What kind of pizza is that? | Who made the pizzas?,coco_fallback
83468,coco,http://images.cocodataset.org/train2014/COCO_train2014_000000083468.jpg,Why is the elephant's forehead red? | Are they trying to ride an elephant? | Did she splash you? | How is he not falling off of the elephant? | What animal are they riding?,coco_fallback
473695,coco,http://images.cocodataset.org/train2014/COCO_train2014_000000473695.jpg,Did you ride the ferry? | What body of water is this? | What kind of boat is in the background? | What kind of bird is that? | Have you been on a big boat before?,coco_fallback
45097,coco,http://images.cocodataset.org/train2014/COCO_train2014_000000045097.jpg,Is he sniffing that banana before eating it? | Why is he looking so angry? | Does this guy like the taste of the banana peel as well? | Did you choose the fruit to match the wall? | Is he smelling the banana?,coco_fallback
570742,coco,http://images.cocodataset.org/train2014/COCO_train2014_000000570742.jpg,Is that an amusement park behind the bench? | What country was this in? | Where is this? | Is this a junkyard or a museum? | What does the writing on that wall say?,coco_fallback
228808,coco,http://images.cocodataset.org/train2014/COCO_train2014_000000228808.jpg,What type of sheep is this? | How old would the sheep be? | Are these sheep in the British isles? | How much grass do sheep eat in a day? | How many pounds of wool will that sheep produce?,coco_fallback
142741,coco,http://images.cocodataset.org/train2014/COCO_train2014_000000142741.jpg,where are the trains going? | Is this train stopped or moving? | Where is this train? | Where is the train going? | Do these trains carry passenger's or cargo?,coco_fallback
173580,coco,http://images.cocodataset.org/train2014/COCO_train2014_000000173580.jpg,How tall is that giraffe? | Is that giraffe's neck skinnier than most? | Is this giraffe eating? | Would you pet a giraffe? | Where is this?,coco_fallback
275406,coco,http://images.cocodataset.org/train2014/COCO_train2014_000000275406.jpg,Why is it so misty? | Is the ship manned? | What islands are those? | Was it the only boat? | Is the water safe?,coco_fallback
108850,coco,http://images.cocodataset.org/train2014/COCO_train2014_000000108850.jpg,They don't make you wear helmets? | What beach is this? | Would you ever ride in a bikini? | WHAT BEACH IS THAT? | Why are those girls riding horses in bikinis?,coco_fallback
138878,coco,http://images.cocodataset.org/train2014/COCO_train2014_000000138878.jpg,Where were you headed? | Where were you going? | Who is this man? | Is this man going to wokr/ | Where is he going?,coco_fallback
502285,coco,http://images.cocodataset.org/train2014/COCO_train2014_000000502285.jpg,Are these birds domesticated or wild? | Who owns these parrots? | What country are these parrots in? | Is someone feeding the birds? | What are the birds being fed?,coco_fallback
171081,coco,http://images.cocodataset.org/train2014/COCO_train2014_000000171081.jpg,What meal are they eating? | What kind of dish is that? | What is the purple item on the plate? | What dish is that? | What is the deep purple food with sauce on top?,coco_fallback
41575,coco,http://images.cocodataset.org/train2014/COCO_train2014_000000041575.jpg,Is that a comfortable sofa bed? | Is this where yo are staying? | What hotel is this? | Is that a picture of your bedroom? | Who sleeps in this room?,coco_fallback
264987,coco,http://images.cocodataset.org/train2014/COCO_train2014_000000264987.jpg,Did the train take you through many small towns? | Where is the train going? | Where was this train? | where is this train? | Where is this train headed to?,coco_fallback
426551,coco,http://images.cocodataset.org/train2014/COCO_train2014_000000426551.jpg,Are these two people siblings? | How long does that much last? | What is the couple preparing? | What are they making? | What are they cooking?,coco_fallback
280469,coco,http://images.cocodataset.org/train2014/COCO_train2014_000000280469.jpg,Why don't all hydrants look the same? | Why is the hydrant yellow? | How cold is it outside? | Is the bike's owner nearby? | Why isn't the fire hydrant red?,coco_fallback
250607,coco,http://images.cocodataset.org/train2014/COCO_train2014_000000250607.jpg,Would you use this toilet or look for another one? | How small is this bathroom? | What kind of toilet is that? | Did all the bathrooms look like that? | Why are there so many pipes by this toilet?,coco_fallback
298641,coco,http://images.cocodataset.org/train2014/COCO_train2014_000000298641.jpg,Does he bite at the air? | What is the dog looking at | What is the dog looking at? | Is the dog howling? | What is he howling at?,coco_fallback
437714,coco,http://images.cocodataset.org/train2014/COCO_train2014_000000437714.jpg,Do people ride that zebra? | Can it be ridden? | Is the zebra in a zoo? | Is this a horse or a zebra? | What other animals were there?,coco_fallback
269934,coco,http://images.cocodataset.org/train2014/COCO_train2014_000000269934.jpg,Did you recently remodel the bathroom? | What is that thing on the wall near the trashcan? | Who designed this bathroom? | Is this bathroom small? | Is this the hotel room?,coco_fallback
344720,coco,http://images.cocodataset.org/train2014/COCO_train2014_000000344720.jpg,What part of the city is this? | Is this photo old? | What year was this photograph taken? | What city is that in? | How old is that brown car?,coco_fallback
67114,coco,http://images.cocodataset.org/train2014/COCO_train2014_000000067114.jpg,Are these jets doing a training? | Why are they flying like that? | What is that formation called? | Do you think this is from an airshow? | Did you have fun?,coco_fallback
67116,coco,http://images.cocodataset.org/train2014/COCO_train2014_000000067116.jpg,Where is this? | What kind of plant is that? | How big is this room? | Is that a city apartment? | How many people live in this home?,coco_fallback
67117,coco,http://images.cocodataset.org/train2014/COCO_train2014_000000067117.jpg,What's he looking at? | Where is he riding to? | Why would you ride a bike standing up? | How is he riding his bike with no hands? | Where is he going?,coco_fallback
474434,coco,http://images.cocodataset.org/train2014/COCO_train2014_000000474434.jpg,What breed of cat is that? | Are the cats siblings? | Is she in heat? | Is the cat sneaking into the garage? | How tall is that cat?,coco_fallback
189951,coco,http://images.cocodataset.org/train2014/COCO_train2014_000000189951.jpg,Would you ride in that hot air balloon? | Was this at a hot balloon festival? | Is there fog? | Did the balloon get in the air? | Is this a hot air balloon festival?,coco_fallback
159897,coco,http://images.cocodataset.org/train2014/COCO_train2014_000000159897.jpg,"What beach is that? | Is this picture photoshopped? | Have you ever heard the saying ""Red clouds in morning, sailor's warning""? | What is this body of water? | What time of day is this?",coco_fallback
367967,coco,http://images.cocodataset.org/train2014/COCO_train2014_000000367967.jpg,What did they do to the sheep's head? | Do you often leave some on top? | Where is this sheep farm located? | Why does the goat have hair? | Are those sheep?,coco_fallback
375208,coco,http://images.cocodataset.org/train2014/COCO_train2014_000000375208.jpg,Is this toothpaste almost empty? | Is this picture in the bathroom? | Why did they choose that particular toothpaste? | Whose teeth supplies are these? | Why did they take a picture of a toothbrush?,coco_fallback
483045,coco,http://images.cocodataset.org/train2014/COCO_train2014_000000483045.jpg,Where did the flowers come from? | What kind of flower is that? | What kind of flowers are those? | What do these flowers symbolize? | What type of flower is in the vase?,coco_fallback
412194,coco,http://images.cocodataset.org/train2014/COCO_train2014_000000412194.jpg,What is the large fruit called? | Is the bowl made of metal? | When was this food purchased? | Does that bowl help ripen the fruit and vegetables? | What store did this produce come from?,coco_fallback
183237,coco,http://images.cocodataset.org/train2014/COCO_train2014_000000183237.jpg,Where are the men drinking? | Do these people look like they deserve a cool boat? | What type of drink are they drinking? | Did they leave the kids at home? | Whose boat is this?,coco_fallback
450102,coco,http://images.cocodataset.org/train2014/COCO_train2014_000000450102.jpg,Is the zebra alone? | How old is the zebra? | Is the zebra sick? | Is this zebra at a zoo? | What is wrong with this zebra's face?,coco_fallback
365707,coco,http://images.cocodataset.org/train2014/COCO_train2014_000000365707.jpg,Why is the cart filled with bananas? | Why would you buy that many bananas? | Are these bananas fresh? | Did somebody just buy all of these bananas? | How many bananas are in there?,coco_fallback
380284,coco,http://images.cocodataset.org/train2014/COCO_train2014_000000380284.jpg,Is that a beach or lake? | How do they make those thatch tiki hut roofs? | How warm is the water? | How long are you on vacation? | Is the sun setting here?,coco_fallback
158965,coco,http://images.cocodataset.org/train2014/COCO_train2014_000000158965.jpg,Did you remodel? | Why is the bathroom out of date? | Is that a pot in the window sill? | What is the pink stuff in the bottle? | Whose bathroom is this?,coco_fallback
285018,coco,http://images.cocodataset.org/train2014/COCO_train2014_000000285018.jpg,Are they renovating that bathroom? | Why is the toilet taped? | Whose bathroom is this? | What color are the tiles on the wall? | Is that bathroom brand new?,coco_fallback
437391,coco,http://images.cocodataset.org/train2014/COCO_train2014_000000437391.jpg,Is that a recessed tub? | Why is the shower so close to the toilet? | What is next to the toilet? | How do you clean the tub so well? | Why is the tub so small?,coco_fallback
284543,coco,http://images.cocodataset.org/train2014/COCO_train2014_000000284543.jpg,Does he land that jump? | Do they do a lot of stunts? | How long have you been skateboarding? | How high is the skateboarder jumping? | Is the skateboarding going to make the jump?,coco_fallback
15906,coco,http://images.cocodataset.org/train2014/COCO_train2014_000000015906.jpg,What book is it? | Is that chair comfortable? | Where is this? | Where can I buy that chair? | Does that chair recline?,coco_fallback
141236,coco,http://images.cocodataset.org/train2014/COCO_train2014_000000141236.jpg,How long did it take you to master that pizza cutting device? | What kind of pizza was it? | What pizzeria is this? | Does that typeof pizza cutter really work? | Is this a professional kitchen?,coco_fallback
319005,coco,http://images.cocodataset.org/train2014/COCO_train2014_000000319005.jpg,Are those apartments or condos? | Was it hot outside? | Are those apartments where you live? | Is the umbrella to shield from the sun? | Where is this?,coco_fallback
242133,coco,http://images.cocodataset.org/train2014/COCO_train2014_000000242133.jpg,Is he coming in or going out? | Is the man done surfing? | Is it a good day to surfe? | Did he catch good waves that day? | What kind of surfboard is that?,coco_fallback
511508,coco,http://images.cocodataset.org/train2014/COCO_train2014_000000511508.jpg,Where is the rest of this train? | Is this passenger car still in use? | How old is that train car? | What filter did you use? | What type of train is that?,coco_fallback
47202,coco,http://images.cocodataset.org/train2014/COCO_train2014_000000047202.jpg,What type of food is that? | What course would this be? | What is this food called? | What kind of dessert is that? | What type of dish is this?,coco_fallback
417487,coco,http://images.cocodataset.org/train2014/COCO_train2014_000000417487.jpg,Where were these kites flown? | Are all the kites shaped like animals? | Is this a kite festival? | What celebration is behind these kites? | Did you fly one?,coco_fallback
207381,coco,http://images.cocodataset.org/train2014/COCO_train2014_000000207381.jpg,Is this train stopped? | Did you ride the train? | What kind of train is that? | What train station is this? | Is this train getting ready to leave the station?,coco_fallback
382017,coco,http://images.cocodataset.org/train2014/COCO_train2014_000000382017.jpg,What other vegetables are they growing? | What can we cook with carrots and cauliflower? | Are those vegetables organic? | What do you think they're going to use those vegetables for? | Are they both vegetables?,coco_fallback
99840,coco,http://images.cocodataset.org/train2014/COCO_train2014_000000099840.jpg,Does the cat think he can type? | What is the cat's name? | Is the cat pressing the keys on the laptop? | What is the cat's name? | What brand of laptop is the cat touching?,coco_fallback
465407,coco,http://images.cocodataset.org/train2014/COCO_train2014_000000465407.jpg,What species of bird is in the image? | What does he eat? | What kind of bird is this? | What was he fishing for? | What kind of bird is this?,coco_fallback
426420,coco,http://images.cocodataset.org/train2014/COCO_train2014_000000426420.jpg,How often do you bath her? | Is that your horse? | Should you be able to count the ribs on a well-fed horse? | Why is this horse so skinny? | Whose horse is that?,coco_fallback
47680,coco,http://images.cocodataset.org/train2014/COCO_train2014_000000047680.jpg,Why does the man look surprised? | Is he a good cook? | How old is he? | What is he doing in the kitchen? | Does this man know how to cook?,coco_fallback
87602,coco,http://images.cocodataset.org/train2014/COCO_train2014_000000087602.jpg,What's the score in the game? | Do you think he'll strike out? | Is there anyone on base on this situation? | How long has this kid been playing baseball? | Does he hit runs a lot?,coco_fallback
317672,coco,http://images.cocodataset.org/train2014/COCO_train2014_000000317672.jpg,How did the umbrella break? | Did someone try to turn this umbrella into a kite? | Who broke the umbrella? | Why is there an umbrella laying on the gorund? | Did this umbrella break on its own?,coco_fallback
180968,coco,http://images.cocodataset.org/train2014/COCO_train2014_000000180968.jpg,Why does the rope go around the elephant's tail? | Is this elephant ride a service or a treat? | Did you ride it too? | Is the elephant eating? | How old is that elephant?,coco_fallback
144646,coco,http://images.cocodataset.org/train2014/COCO_train2014_000000144646.jpg,What were the people protesting for? | Why are the people gathering? | Why are the bikes two different colors? | Was this at a protest in Europe? | Do those cops carry guns?,coco_fallback
354070,coco,http://images.cocodataset.org/train2014/COCO_train2014_000000354070.jpg,What are they drinking? | How many wines did you taste? | Did you taste more than one wine? | Are they wine tasting? | How do they all know each other?,coco_fallback
156284,coco,http://images.cocodataset.org/train2014/COCO_train2014_000000156284.jpg,Where are the cliffs located at? | Do the horses ever look up and enjoy the view? | Are they mules or donkeys? | What country are these horses grazing in? | What body of water is this?,coco_fallback
315861,coco,http://images.cocodataset.org/train2014/COCO_train2014_000000315861.jpg,Why is the bathroom yellow? | Why are there so many sinks? | Have you seen sinks like that before? | Where is this public restroom located? | Is this bathroom clean?,coco_fallback
402224,coco,http://images.cocodataset.org/train2014/COCO_train2014_000000402224.jpg,What mountain is this? | Where is this? | Who is going to win the race? | What sort of event is this? | How much longer do they have to go?,coco_fallback
47519,coco,http://images.cocodataset.org/train2014/COCO_train2014_000000047519.jpg,Are the children by themselves? | How old is the baby? | Are those children related? | Are those children old enough to babysit that baby? | Where are the parents?,coco_fallback
388662,coco,http://images.cocodataset.org/train2014/COCO_train2014_000000388662.jpg,Is she brushing the woman's teeth? | What is in the woman's teeth? | What is she putting on her teeth? | What is she doing to her teeth? | What is she doing to that woman's teeth?,coco_fallback
29114,coco,http://images.cocodataset.org/train2014/COCO_train2014_000000029114.jpg,What kind of pizza is that? | Whose pizza is this? | How big is that pizza? | How many people does this pizza feed? | What sort of topping is on this pizza?,coco_fallback
127388,coco,http://images.cocodataset.org/train2014/COCO_train2014_000000127388.jpg,What's the name of that park? | How many people showed up? | Are those grown-up Power-Rangers? | Is this a mother and son? | How good at they at Frisbee?,coco_fallback
72715,coco,http://images.cocodataset.org/train2014/COCO_train2014_000000072715.jpg,What is the backsplash made out of? | Did you recently remodel the kitchen? | What kind of vase is that? | Did you remodel the kitchen? | Is that a real granite counter top?,coco_fallback
66406,coco,http://images.cocodataset.org/train2014/COCO_train2014_000000066406.jpg,How old is the baby elephant? | Why is the elephant being bottle fed? | How old is it? | Is he giving milk to the elephant? | What is he feeding that elephant?,coco_fallback
164327,coco,http://images.cocodataset.org/train2014/COCO_train2014_000000164327.jpg,Is that a squid or a kite? | Are the kites custom made or mass produced? | How big is this kite? | Is that your kite? | How many people were flying kites?,coco_fallback
527907,coco,http://images.cocodataset.org/train2014/COCO_train2014_000000527907.jpg,Are the people friends? | Who were they all talking too? | What is he doing on his phone? | Is he texting someone? | Where was this taken?,coco_fallback
27777,coco,http://images.cocodataset.org/train2014/COCO_train2014_000000027777.jpg,Is that a special ship for events? | Why is that ship in that small marina? | What kind of boat was that? | Who owns this boat? | What type of boat is that?,coco_fallback
365451,coco,http://images.cocodataset.org/train2014/COCO_train2014_000000365451.jpg,What mountain range is that? | Does the horse eat the flowers? | What is the moutain range in the back? | Is it free range? | Is the horse alone?,coco_fallback
513854,coco,http://images.cocodataset.org/train2014/COCO_train2014_000000513854.jpg,Are they playing frisbee? | How did he get so dirty? | Where is this? | How do you get muddy playing Frisbee? | How many people are playing?,coco_fallback
8531,coco,http://images.cocodataset.org/train2014/COCO_train2014_000000008531.jpg,What kind of tools are those? | Who is this gift for? | How long have been gardening? | Whose items are these? | Are the materials in the pot for gardening?,coco_fallback
136032,coco,http://images.cocodataset.org/train2014/COCO_train2014_000000136032.jpg,Where was this located? | Do you like outdoor markets? | Where is this produce stand located? | Where is this market? | Do we need to buy any lemons?,coco_fallback
140717,coco,http://images.cocodataset.org/train2014/COCO_train2014_000000140717.jpg,Is the weather very stormy? | Are those power lines? | What time of day do you think this snow scene was shot? | How many feet of snow are on the ground? | What mountain is this?,coco_fallback
67974,coco,http://images.cocodataset.org/train2014/COCO_train2014_000000067974.jpg,Did you eat too? | What is the man eating? | What is he eating? | What ocean is that? | What is the man having for a meal?,coco_fallback
466987,coco,http://images.cocodataset.org/train2014/COCO_train2014_000000466987.jpg,Where was this picture taken from? | How long was the helicopter ride? | What ocean is this? | How far out at sea is the boat? | Does this boat just depend on wind power?,coco_fallback
206656,coco,http://images.cocodataset.org/train2014/COCO_train2014_000000206656.jpg,Does the cat ever try to use the remote? | Does the cat know to use the remote? | Can the cat operate the remote? | Does the cat play with the remote control? | What is the cat staring at?,coco_fallback
196332,coco,http://images.cocodataset.org/train2014/COCO_train2014_000000196332.jpg,What street was this on? | Does he land this? | What kind of trick is he doing? | Did he fall off the stair railing? | How big is that skate park?,coco_fallback
522185,coco,http://images.cocodataset.org/train2014/COCO_train2014_000000522185.jpg,Why is she taking a picture in the bathroom? | What is her name? | How old is the woman? | Who is the lady taking a picture? | Was the photo taken at work?,coco_fallback
14502,coco,http://images.cocodataset.org/train2014/COCO_train2014_000000014502.jpg,Will the ball end up hitting the tree if he hits it? | Did he hit the ball? | How many people were playing? | Are they playing wiffleball? | Do you think he's going to hit the ball?,coco_fallback
257668,coco,http://images.cocodataset.org/train2014/COCO_train2014_000000257668.jpg,What's so special about that toilet that there's a picture of it? | Why is the bathroom door open? | Is there a sink in this bathroom? | How big is that bathroom? | Is the bathroom clean?,coco_fallback
425219,coco,http://images.cocodataset.org/train2014/COCO_train2014_000000425219.jpg,Why is the hydrant yellow? | What is the fire hydrant there for? | Has the fire hydrant been dug up? | Why is the fire hydrant up so high? | Why is a fire hydrant in the grass?,coco_fallback
273497,coco,http://images.cocodataset.org/train2014/COCO_train2014_000000273497.jpg,Whose birthday is it? | Who is this cake for? | Is that iced with marzipan? | Is someone actually turning 100? | Who is this birthday cake for?,coco_fallback
359909,coco,http://images.cocodataset.org/train2014/COCO_train2014_000000359909.jpg,Why are those zebras amongst people? | Were the zebras friendly? | Is it safe to be out in the open with zebra like that? | Which zoo was this photo taken at? | What zoo is that?,coco_fallback
305986,coco,http://images.cocodataset.org/train2014/COCO_train2014_000000305986.jpg,Is this at a dog park? | Is that a small dog or huge frisbee? | What kind of dog is that? | What does the owner of that dog look like? | Does this little dog love to play Frisbee?,coco_fallback
188511,coco,http://images.cocodataset.org/train2014/COCO_train2014_000000188511.jpg,Was this a newly made bathroom? | Who used the bathroom last?? | Why would anyone paint their bathroom that color? | How big is that bathroom? | Who decided to paint the bathroom orange?,coco_fallback
136928,coco,http://images.cocodataset.org/train2014/COCO_train2014_000000136928.jpg,How much does that bus driver make a day? | Do you ride on any of these routes? | What is the bus drivers name? | What city is this in? | Which one did you take?,coco_fallback
87123,coco,http://images.cocodataset.org/train2014/COCO_train2014_000000087123.jpg,What kind of flowers are those? | What type of flower is that? | What kind of plant is that? | What is the name of that plant? | Are those flowers real?,coco_fallback
25951,coco,http://images.cocodataset.org/train2014/COCO_train2014_000000025951.jpg,How many calories are in a slice of that pizza? | Is that pizza burnt? | Why did the food item get broken in half? | What kind of pizza is that? | What is the story behind this abandoned pizza?,coco_fallback
143439,coco,http://images.cocodataset.org/train2014/COCO_train2014_000000143439.jpg,What kind of plane is that? | Was this an air show? | What kind of planes are those? | What kind of jets are those? | Did you get to see the planes take off?,coco_fallback
23287,coco,http://images.cocodataset.org/train2014/COCO_train2014_000000023287.jpg,What are they playing? | Where was this taken? | Is this a frisbee team? | What game are they playing? | Were you playing a game or just throwing a frisbee?,coco_fallback
404266,coco,http://images.cocodataset.org/train2014/COCO_train2014_000000404266.jpg,Are these cats siblings? | Are the cats related? | Are those cats siblings? | How old are the cats? | Are these fluffy kittens siblings?,coco_fallback
431997,coco,http://images.cocodataset.org/train2014/COCO_train2014_000000431997.jpg,Was all of that equipment yours? | Is this vehicle full of stuff? | Where is someone traveling? | What did they pack for? | Is the trunk full?,coco_fallback
259288,coco,http://images.cocodataset.org/train2014/COCO_train2014_000000259288.jpg,What kind of bird is that? | What type of bird is this? | What kind of bird is that? | What type of bird is that? | How tiny do you think that bird is?,coco_fallback
95990,coco,http://images.cocodataset.org/train2014/COCO_train2014_000000095990.jpg,Where was this taken? | Can that truck town the plane? | What model plane is this? | Where is the plane going? | How do such small vehicles move such big planes?,coco_fallback
557783,coco,http://images.cocodataset.org/train2014/COCO_train2014_000000557783.jpg,What kinds of wines are they? | Why did this person drink so much wine? | Is that a wine tasting? | Was that a wine tasting? | Is everyone drinking wine?,coco_fallback
580685,coco,http://images.cocodataset.org/train2014/COCO_train2014_000000580685.jpg,Is there a hot dog somewhere on that bun? | Do you like chili dogs? | What kind of hot dog is it? | What toppins are on that hot dog? | How good was the food?,coco_fallback
35217,coco,http://images.cocodataset.org/train2014/COCO_train2014_000000035217.jpg,How old is the zebra? | Was that at a zo | Where is this? | Are the zebras interacting? | How much does the zebra weigh?,coco_fallback
286149,coco,http://images.cocodataset.org/train2014/COCO_train2014_000000286149.jpg,What kind of dog is that? | What kind of rat is that? | Are they both babies? | Is that a dog or a mouse below? | How old is the little girl?,coco_fallback
161054,coco,http://images.cocodataset.org/train2014/COCO_train2014_000000161054.jpg,"Whose bathroom is this? | How big is this bathroom? | Is this bathroom located in a hotel? | Is there a shower curtain? | Was there a shower, too?",coco_fallback
184470,coco,http://images.cocodataset.org/train2014/COCO_train2014_000000184470.jpg,How much did it cost for the dozen doughnuts? | Did someone take a bite out of that donut on the bottom left? | How much were these donuts? | What were the hearts filled with? | How much did a dozen donuts cost?,coco_fallback
366558,coco,http://images.cocodataset.org/train2014/COCO_train2014_000000366558.jpg,How much does that elephant weigh? | Was this photo taken at a zoo? | Where are these elephants located? | DO the elephants ever resist the authority of those that captured them? | Is there something wrong with that elephants skin?,coco_fallback
523109,coco,http://images.cocodataset.org/train2014/COCO_train2014_000000523109.jpg,What time is on the clock? | Is this tower part of a church? | What is the name of that tower? | What is happening toward the rear of this photo? | What time does the clock say?,coco_fallback
287415,coco,http://images.cocodataset.org/train2014/COCO_train2014_000000287415.jpg,Are they European? | Are they texting each other? | What was so interesting to them? | What can be so interesting that they need to look at their phones on the sidewalk? | Are the two people here talking to each other?,coco_fallback
172574,coco,http://images.cocodataset.org/train2014/COCO_train2014_000000172574.jpg,Is this a scheduled stop? | What type of trees are those? | How long is the train? | Do you know if this is a Canadian train tour? | What kind of train is that?,coco_fallback
89390,coco,http://images.cocodataset.org/train2014/COCO_train2014_000000089390.jpg,What kind of parade is this? | Have you heard of Nathan's before? | What kind of car is that? | How old is this classic car? | Were you in the car show?,coco_fallback
368729,coco,http://images.cocodataset.org/train2014/COCO_train2014_000000368729.jpg,Is that your mom's recipie? | What it is the name of this recipe? | What's the recipe? | Where did you get the recipe? | How do you make a dish like that?,coco_fallback
516417,coco,http://images.cocodataset.org/train2014/COCO_train2014_000000516417.jpg,What does C.F.R. stand for? | Can adults ride the train? | Did you ride the steam engine? | Where is this train headed? | Is that a real train?,coco_fallback
294900,coco,http://images.cocodataset.org/train2014/COCO_train2014_000000294900.jpg,Can you tell which way they are facing instantly? | How is that giraffe so bent? | Is the giraffe on the left reaching for something? | How tall are those giraffes? | Is the sun setting?,coco_fallback
103566,coco,http://images.cocodataset.org/train2014/COCO_train2014_000000103566.jpg,Can you get these donuts in your city? | Is that your favorite kind of doughnut? | How many did you eat? | How many Krispy kernes did you eat? | Did you eat the last donut?,coco_fallback
199952,coco,http://images.cocodataset.org/train2014/COCO_train2014_000000199952.jpg,Who dressed the cat? | Do you think the cat enjoys wearing the tie? | Does the collar bother the cat? | What is the cat looking at? | What is printed on the cats tie?,coco_fallback
468619,coco,http://images.cocodataset.org/train2014/COCO_train2014_000000468619.jpg,What kind of flowers are those? | What kind of flo | What kind of flowers are in the vase? | What type of flower is in the glass? | What type of stones are in the glass?,coco_fallback
159554,coco,http://images.cocodataset.org/train2014/COCO_train2014_000000159554.jpg,How old is that skateboard? | What kind of skateboard is that? | Who made that skateboard? | Do you think he knows any tricks? | What brand of skateboard is that?,coco_fallback
294909,coco,http://images.cocodataset.org/train2014/COCO_train2014_000000294909.jpg,How old is that cat? | What breed of cat is that? | What is the name of the cat? | Is the cat on this woman happy? | How long has she had that cat?,coco_fallback
127657,coco,http://images.cocodataset.org/train2014/COCO_train2014_000000127657.jpg,What is wrong with this kid? | Is the kid sick? | Does he have clothes somewhere by the bed? | What is this child sick from? | What is he laying on?,coco_fallback
417627,coco,http://images.cocodataset.org/train2014/COCO_train2014_000000417627.jpg,Who made the biggest mistake during this tennis volley? | Did they make it to the ball? | Are they playing doubles? | What sport are they playing? | Is the man going to make the swing in time?,coco_fallback
394776,coco,http://images.cocodataset.org/train2014/COCO_train2014_000000394776.jpg,What fuel economy does that car get? | What does the upper right sign say? | Is that an electric car? | What kind of car is that? | What year was the red car manufactured?,coco_fallback
131865,coco,http://images.cocodataset.org/train2014/COCO_train2014_000000131865.jpg,What is the pitcher doing? | Did this pitcher win the game? | Is he going to throw a strike? | What teams are playing? | Who won the game?,coco_fallback
287095,coco,http://images.cocodataset.org/train2014/COCO_train2014_000000287095.jpg,"What kind of bear is that? | Was this in a zoo? | Is the polar bear unhappy? | Is this bear captive in a zoo, or in the wild? | Does the bear catch fish in the water?",coco_fallback
51041,coco,http://images.cocodataset.org/train2014/COCO_train2014_000000051041.jpg,Was the smoke on purpose? | What kind of plane is that? | Is the helicopter on fire? | Did someone pay for that message? | What kind of plane was that?,coco_fallback
91508,coco,http://images.cocodataset.org/train2014/COCO_train2014_000000091508.jpg,Is this plane taking off? | What kind of plane is that? | Is that plane landing or taking off? | What type of plane is this? | How'd you get so close?,coco_fallback
181562,coco,http://images.cocodataset.org/train2014/COCO_train2014_000000181562.jpg,Was it a good surf day? | What ocean is this? | What ocean is this? | Where is he surfing? | Will this sea have lots of waves?,coco_fallback
22026,coco,http://images.cocodataset.org/train2014/COCO_train2014_000000022026.jpg,Why is the man photographing the mirror? | Why is he taking a picture in the bathroom? | Is the medicine cabinet empty? | Did you remodel? | What kind of camera is that?,coco_fallback
381629,coco,http://images.cocodataset.org/train2014/COCO_train2014_000000381629.jpg,Is that your new place? | Does this room have good quality furniture? | Where did you get the living room set? | Why are there no paintings on the wall? | What accent colors would you add to this room?,coco_fallback
358744,coco,http://images.cocodataset.org/train2014/COCO_train2014_000000358744.jpg,What is the baby giraffe doing? | What zoo is this? | Is that little giraffe the big giraffe's baby> | Are those wild giraffes? | How tall is that giraffe?,coco_fallback
575842,coco,http://images.cocodataset.org/train2014/COCO_train2014_000000575842.jpg,How soon until those bananas are inedible? | Why won't they throw out that old fruit? | What show is playing on the TV? | What's in the serving dish? | Do you think it's still safe to eat those bananas?,coco_fallback
393195,coco,http://images.cocodataset.org/train2014/COCO_train2014_000000393195.jpg,What is her name? | Is this woman taking a trip? | What kind of hat is she wearing? | What lake are they in? | How old is that woman?,coco_fallback
323182,coco,http://images.cocodataset.org/train2014/COCO_train2014_000000323182.jpg,Where was this taken? | Do you think the castle is cool? | Can you go inside? | Is that a church? | Is that clock on a castle wall?,coco_fallback
522534,coco,http://images.cocodataset.org/train2014/COCO_train2014_000000522534.jpg,How tall is this hill? | Did you really climb that? | Is it foggy? | What mountain is he on? | How high is he going to climb?,coco_fallback
565947,coco,http://images.cocodataset.org/train2014/COCO_train2014_000000565947.jpg,What is the rubble from? | Is that a fire hydrant? | What is the fire hydrant overlooking? | Is this a nice neighborhood? | Why are they taking a picture of the fire hydrant at that angle?,coco_fallback
359162,coco,http://images.cocodataset.org/train2014/COCO_train2014_000000359162.jpg,What airlines is that plane from? | What type of plane is that? | Is there a storm coming? | what airline is this | Have you flown before?,coco_fallback
447932,coco,http://images.cocodataset.org/train2014/COCO_train2014_000000447932.jpg,Is this bear yawning? | Where is this? | Why is the bear roaring? | Is that a bear yawning? | How much does that bear weigh?,coco_fallback
420488,coco,http://images.cocodataset.org/train2014/COCO_train2014_000000420488.jpg,What kind of bus is that? | How many people does this bus hold? | Where is the bus going? | Where is this bus in route to? | Did you ride the bus?,coco_fallback
258226,coco,http://images.cocodataset.org/train2014/COCO_train2014_000000258226.jpg,How old is that television? | Is this cabinet completely full? | Does the TV get a good picture? | Where did they buy the cabinets from? | What kind of TV is that?,coco_fallback
546046,coco,http://images.cocodataset.org/train2014/COCO_train2014_000000546046.jpg,Where were they all headed? | Are the buses going to the same destination? | Did you ride the bus? | Is that in Great Britain? | Are all of these buses owned by the same company?,coco_fallback
413903,coco,http://images.cocodataset.org/train2014/COCO_train2014_000000413903.jpg,Why is everything separated? | Why are these things being displayed? | Who owns this assortment of items? | Why is all of this laying on the ground? | Whose items are these?,coco_fallback
489145,coco,http://images.cocodataset.org/train2014/COCO_train2014_000000489145.jpg,Are they wearing Alpine or Nordic skis? | What mountain range are they skiing in? | Are these people satisfied with the snow pack? | Are they both skiing today? | Did she ski without poles?,coco_fallback
370873,coco,http://images.cocodataset.org/train2014/COCO_train2014_000000370873.jpg,DO you think the boy on the far right has trouble keeping his hat on when skiing quickly downhill? | Are these people part of your family? | Do you know who they were? | How old is that picture? | When was this picture taken?,coco_fallback
69578,coco,http://images.cocodataset.org/train2014/COCO_train2014_000000069578.jpg,How long has she been surfing? | How old is she? | How old is the girl? | Where is this? | Is this girl surfing too close to the rocks?,coco_fallback
289333,coco,http://images.cocodataset.org/train2014/COCO_train2014_000000289333.jpg,Who made that food? | Are you dieting? | Is there any sauce for that pasta? | Was the pasta good? | What kind of pasta is that?,coco_fallback
364803,coco,http://images.cocodataset.org/train2014/COCO_train2014_000000364803.jpg,Are all of these vegetables going to be used in the same recipe? | What are you making? | What would you make with these vegetables? | What will these vegetables be used for? | What food are they preparing?,coco_fallback
374174,coco,http://images.cocodataset.org/train2014/COCO_train2014_000000374174.jpg,Why is that car being towed? | Did you realize that was your car being towed away? | Where is the truck towing the car to? | Whose car was being towed? | What city is this in?,coco_fallback
403521,coco,http://images.cocodataset.org/train2014/COCO_train2014_000000403521.jpg,Where did they get that clock? | Are the times shown on the clocks accurate? | Is this a popular tourist spot? | What is the Cicero Guest House? | Which time zone of USA is that?,coco_fallback
73916,coco,http://images.cocodataset.org/train2014/COCO_train2014_000000073916.jpg,What was he looking at? | What parts can't a giraffe reach with that neck? | Why did giraffes evolve to have such long necks? | Did you take this picture at the zoo? | How tall is that giraffe?,coco_fallback
73442,coco,http://images.cocodataset.org/train2014/COCO_train2014_000000073442.jpg,what does Mike N Willie's serve? | What kind of business is Mike N' Willie's? | What kind of food does the truck serve? | Is Mike N' Willie's a food truck? | What city is this street in?,coco_fallback
462401,coco,http://images.cocodataset.org/train2014/COCO_train2014_000000462401.jpg,Where are they going surfing at? | Are they going to the beach? | Are these surfers brothers? | Where is the beach they are going to surf at? | is this group heading out to surf?,coco_fallback
493707,coco,http://images.cocodataset.org/train2014/COCO_train2014_000000493707.jpg,What toppings are on that food? | What kind of toppings are those? | What restaurant is that? | What is all on the pizza? | What toppings are on the pizza?,coco_fallback
492129,coco,http://images.cocodataset.org/train2014/COCO_train2014_000000492129.jpg,Who are the kids that are skateboarding? | What park are they at? | Where is this skate park? | Why are they filming skateboarding? | How long have you been skateboarding?,coco_fallback
65457,coco,http://images.cocodataset.org/train2014/COCO_train2014_000000065457.jpg,Aren't you mad the cat is in the sink? | Is the cat asking someone to turn the water on? | What happens when you turn the water on? | Why is the cat in the sink? | Why is the cat in the sink?,coco_fallback
155505,coco,http://images.cocodataset.org/train2014/COCO_train2014_000000155505.jpg,Where are those tractors headed? | Where is this? | Are these tractors operational? | Where are they taking these tractors? | What kind of tractors are they?,coco_fallback
348593,coco,http://images.cocodataset.org/train2014/COCO_train2014_000000348593.jpg,Did you recently remodel the kitchen? | Is that an oven? | What are they cooking in the oven? | Whose kitchen is that? | What is cooking in the oven?,coco_fallback
298008,coco,http://images.cocodataset.org/train2014/COCO_train2014_000000298008.jpg,Is it comfortable to sit on that? | Where the people on this motorcycle going? | Where were you going? | What city are they riding in? | Did the man pay for a ride on the bike?,coco_fallback
36228,coco,http://images.cocodataset.org/train2014/COCO_train2014_000000036228.jpg,What food is she making? | What is he cooking? | What is in the oven? | What is she cooking? | What is the woman cooking?,coco_fallback
289275,coco,http://images.cocodataset.org/train2014/COCO_train2014_000000289275.jpg,How many cows did you see? | How much does that cow weigh? | How old are those cows? | Di you pet them? | Where were they going?,coco_fallback
332960,coco,http://images.cocodataset.org/train2014/COCO_train2014_000000332960.jpg,What are the round kites called? | Are these people celebrating a specific event? | What flag are the people holding? | Is this a kite festival in Brazil? | What kind of kite is that?,coco_fallback
75458,coco,http://images.cocodataset.org/train2014/COCO_train2014_000000075458.jpg,What resort is this room at? | Has the bed been slept in? | Would you stay in a hotel like this? | How long was your stay there? | What is that rug made of?,coco_fallback
460139,coco,http://images.cocodataset.org/train2014/COCO_train2014_000000460139.jpg,Does the moped work? | Do they both run? | Is the scooter on the right broken? | what language is that writing in | What is the mechanic working on?,coco_fallback
75455,coco,http://images.cocodataset.org/train2014/COCO_train2014_000000075455.jpg,Was it a stray? | Is this dog homeless? | Would you take that puppy home? | Is this dog finding a cool respite in the meager shade of the park bench? | Why is the dog all alone?,coco_fallback
110209,coco,http://images.cocodataset.org/train2014/COCO_train2014_000000110209.jpg,Is this ride shaking? | What other toys did they like playing with? | How old is she? | Is the child at daycare? | What is the child's name?,coco_fallback
131315,coco,http://images.cocodataset.org/train2014/COCO_train2014_000000131315.jpg,Is this your family? | How do these two know each other? | Are they having a business meeting? | What are all those papers on their table? | Are you doing taxes?,coco_fallback
248481,coco,http://images.cocodataset.org/train2014/COCO_train2014_000000248481.jpg,What are those two bumps on the elephant's head? | What kind of elephant is that? | Is the elephant near a building? | Did they enjoy those branches? | What species of elephant is this?,coco_fallback
413874,coco,http://images.cocodataset.org/train2014/COCO_train2014_000000413874.jpg,Is the tennis match over? | Who is winning this match? | What was the score? | Who won? | What sport are they playing?,coco_fallback
46065,coco,http://images.cocodataset.org/train2014/COCO_train2014_000000046065.jpg,What are those desserts filled with? | How do you make those? | Did you make these chocolates with orange? | How many calories are these chocolates? | What flavor is the filling in those truffles?,coco_fallback
159176,coco,http://images.cocodataset.org/train2014/COCO_train2014_000000159176.jpg,Who was the best skateboarder? | Is this a home made skateboard park? | What country is this? | How big is that skate park? | Did you try doing it?,coco_fallback
240490,coco,http://images.cocodataset.org/train2014/COCO_train2014_000000240490.jpg,Is this the little boys first time playing T-ball? | What park is this? | How well did he do? | Is the bat heavy? | How many players are on the boy's team?,coco_fallback
204714,coco,http://images.cocodataset.org/train2014/COCO_train2014_000000204714.jpg,How big is the tv? | Whose house is this? | Does this TV function properly? | Is this a nice entertainment center? | What does the sculpture on the left depict?,coco_fallback
130221,coco,http://images.cocodataset.org/train2014/COCO_train2014_000000130221.jpg,Is the cow going to hit the barb wire? | When was barbed wire invented? | Why has the cow been tagged? | Does this cow feel confined? | Do the cows ever try to break free?,coco_fallback
171885,coco,http://images.cocodataset.org/train2014/COCO_train2014_000000171885.jpg,What is that building used for? | What city is this in? | What time does the clock say? | What would you call those statues on the building's facade? | What time is displayed on the clock?,coco_fallback
245802,coco,http://images.cocodataset.org/train2014/COCO_train2014_000000245802.jpg,Where is this? | Where is this field located? | Who is playing? | Which team won? | Which teams are playing?,coco_fallback
413879,coco,http://images.cocodataset.org/train2014/COCO_train2014_000000413879.jpg,Are those three elephants a family? | Did you see other animals? | How old are those elephants? | Where was this taken? | At what age do they start growing tusks?,coco_fallback
494383,coco,http://images.cocodataset.org/train2014/COCO_train2014_000000494383.jpg,Is that considered street art? | Do you know the artist? | Who did the artwork? | Who painted that? | What is the purpose of the toaster on this wall?,coco_fallback
536109,coco,http://images.cocodataset.org/train2014/COCO_train2014_000000536109.jpg,Did you go on a train? | Is that a train in front of the cars? | When does the train leave? | Where is this train headed? | What day does the garbage get collected?,coco_fallback
310867,coco,http://images.cocodataset.org/train2014/COCO_train2014_000000310867.jpg,Is there a curtain for the shower? | Is that your bathroom? | Is that sink smaller than one on an airplane? | What is in the box? | How does one live without a mirror above the bathroom sink?,coco_fallback
97049,coco,http://images.cocodataset.org/train2014/COCO_train2014_000000097049.jpg,Does he go for a lot of rides? | What country was this taken in? | How often do you take the dog out for rides? | What is in the mirror? | What is the dog looking at?,coco_fallback
499719,coco,http://images.cocodataset.org/train2014/COCO_train2014_000000499719.jpg,Where is this sign located at? | Why are there 2 stop signs next to each other? | Where am I supposed to stop here? | What is the name of the road at this intersection? | Is it morning?,coco_fallback
43522,coco,http://images.cocodataset.org/train2014/COCO_train2014_000000043522.jpg,What train station is that? | Where is this train station located? | Where is this train station? | Is that a high speed train? | Where is the train going?,coco_fallback
300580,coco,http://images.cocodataset.org/train2014/COCO_train2014_000000300580.jpg,Do you like to fly? | Is the plane taking off or landing? | What airline is that? | Where was the plane flying to? | Is that plane landing or taking off?,coco_fallback
261879,coco,http://images.cocodataset.org/train2014/COCO_train2014_000000261879.jpg,Why are those guys in bed together | Why is he making an obsene jesture? | Does he bleach his socks? | Why is he flipping the bird? | Is the man on the left rude?,coco_fallback
316474,coco,http://images.cocodataset.org/train2014/COCO_train2014_000000316474.jpg,How old is that plane? | How do they choose color schemes for planes? | Did this plane crash? | Is this plane operational? | How did part of this plane break apart?,coco_fallback
122948,coco,http://images.cocodataset.org/train2014/COCO_train2014_000000122948.jpg,Who is number 46? | Did he strike the batter? | Did he strike? | Which arm is he throwing with? | Who are the Orioles playing against?,coco_fallback
75185,coco,http://images.cocodataset.org/train2014/COCO_train2014_000000075185.jpg,What kind of sprayer is that? | What is that hose on the toilet seat? | What's on the floor? | What is that tube hooked up to the toilet? | Is the toilet broken?,coco_fallback
443940,coco,http://images.cocodataset.org/train2014/COCO_train2014_000000443940.jpg,Do you think that bird bites hard? | Is this bird staring intently at a bug? | What kind of bird is this? | What kind of bird is that? | What kind of bird is this?,coco_fallback
261060,coco,http://images.cocodataset.org/train2014/COCO_train2014_000000261060.jpg,Did you ride the train? | Where are you headed? | Do those trains travel long distances? | Have you ever seen a train station before? | Where are these people traveling?,coco_fallback
335696,coco,http://images.cocodataset.org/train2014/COCO_train2014_000000335696.jpg,Are these women sisters? | What are they talking about? | What are the women talking about? | What were these two talking about? | What are these ladies discussing?,coco_fallback
466681,coco,http://images.cocodataset.org/train2014/COCO_train2014_000000466681.jpg,Is that really in the middle of an intersection? | Was this picture taken before color cameras? | How long has that structure with a curved top been in existence? | Is that a famous piece of sculpture? | Where is this?,coco_fallback
387903,coco,http://images.cocodataset.org/train2014/COCO_train2014_000000387903.jpg,What side did you sleep on? | What's in the bag? | How much a night was it to stay at this hotel? | Who's bag is that? | Where is this hotel room located at?,coco_fallback
387901,coco,http://images.cocodataset.org/train2014/COCO_train2014_000000387901.jpg,What mountain are they on? | What ski resort is this? | Do the kids enjoy it? | Is this at a ski resort? | Are the people learning to ski?,coco_fallback
390513,coco,http://images.cocodataset.org/train2014/COCO_train2014_000000390513.jpg,Is there a guitar in that case to the right? | What is that cabinet called? | Whose room is this? | Is that an instrument by the door? | What kind of room is this?,coco_fallback
187886,coco,http://images.cocodataset.org/train2014/COCO_train2014_000000187886.jpg,How old is that computer? | Does he ever clean his desk? | why is their desk so cluttered? | Is this what your desk top looks like? | How long have you been collecting action figures?,coco_fallback
219327,coco,http://images.cocodataset.org/train2014/COCO_train2014_000000219327.jpg,Why is the sky so red? | Was the sky really that color? | What religion worships in this church? | Why is the sky red? | Why did you edit this?,coco_fallback
534854,coco,http://images.cocodataset.org/train2014/COCO_train2014_000000534854.jpg,Has it been raining all day? | Where did you buy that fabulous umbrella? | Where was the photograph taken? | Do you know who makes those adorable boots? | Why is the child so far behind everyone else?,coco_fallback
223447,coco,http://images.cocodataset.org/train2014/COCO_train2014_000000223447.jpg,Where are those fields at? | Is that a race track in a farm field | How tall is that horse? | Where is he riding to? | Is he a professional jokey?,coco_fallback
463024,coco,http://images.cocodataset.org/train2014/COCO_train2014_000000463024.jpg,Is this the tie they are wearing today? | Where did you get the tie? | Are they going to wear the tie? | What type of tie is this? | Do you know how to tie it?,coco_fallback
534859,coco,http://images.cocodataset.org/train2014/COCO_train2014_000000534859.jpg,Did all the pizza get eaten? | Where is that pizza from? | How many pizzas did they order? | Why were there so many pizzas? | Does the pizza from Dominoes taste good?,coco_fallback
289312,coco,http://images.cocodataset.org/train2014/COCO_train2014_000000289312.jpg,What model plane is this? | Are people boarding the plane? | Where is the airport located? | Is that the plane you took? | What kind of plane is that?,coco_fallback
482989,coco,http://images.cocodataset.org/train2014/COCO_train2014_000000482989.jpg,What kind of tent are they in? | Is it comfortable to sleep in? | Is this a tent or a room in a house? | Why are the windows covered? | Does the netting keep the mosquitos out?,coco_fallback
85452,coco,http://images.cocodataset.org/train2014/COCO_train2014_000000085452.jpg,Why is the oven in the bathroom? | Why is a microwave in the bathroom? | Why would someone put a microwave oven in a bathroom? | Why is the microwave in the bathroom? | Why is the microwave in the bathrom?,coco_fallback
300052,coco,http://images.cocodataset.org/train2014/COCO_train2014_000000300052.jpg,Are the umbrellas for sale? | Where is this? | What else is sold in this store? | Do they only sale umbrellas? | Is that an umbrella shop?,coco_fallback
113152,coco,http://images.cocodataset.org/train2014/COCO_train2014_000000113152.jpg,Did you buy any coconuts? | Where is he rowing? | Where is he rowing to? | What exactly is the man delivering? | How far does he have to go in the boat?,coco_fallback
500662,coco,http://images.cocodataset.org/train2014/COCO_train2014_000000500662.jpg,What brand is the luggage? | How old is this picture? | Is that your luggage? | Are those vintage suitcases? | Where can I get those suitcases?,coco_fallback
32598,coco,http://images.cocodataset.org/train2014/COCO_train2014_000000032598.jpg,What kind of tie is that? | What kind of knot did you use for the tie? | What is that jacket made out of? | Is this man a professor? | Where would you wear that tie?,coco_fallback
437588,coco,http://images.cocodataset.org/train2014/COCO_train2014_000000437588.jpg,Is that fire hydrant still able to work? | How is there so much rust on the fire hydrant? | Are you replacing those pipes? | Are they ever going to update or replace the fire hydrant? | Does that fire hydrant work?,coco_fallback
6197,coco,http://images.cocodataset.org/train2014/COCO_train2014_000000006197.jpg,What year is that trailer? | What breed of dog is that? | Is the dog heading over to the truck? | What year model is that Airstream? | What is the towing capacity of the truck?,coco_fallback
141695,coco,http://images.cocodataset.org/train2014/COCO_train2014_000000141695.jpg,Where did you take this picture of the cow? | Did you pet him? | What breed of cow is this? | Why were you creeping up on a bison? | Are there cows in the field with the bull?,coco_fallback
97260,coco,http://images.cocodataset.org/train2014/COCO_train2014_000000097260.jpg,What does the stop sign translate too? | Is the water safe to get in? | What does the sign mean? | What does DUR mean? | What language is that?,coco_fallback
11631,coco,http://images.cocodataset.org/train2014/COCO_train2014_000000011631.jpg,What kind of bike is that? | What is the age minimum for riding a bike like this? | Does he jump high a lot? | do you think he lands the trick? | How often do you go bike riding?,coco_fallback
42493,coco,http://images.cocodataset.org/train2014/COCO_train2014_000000042493.jpg,How steep a trail do you ride? | Where are these bikers going? | How wide are those bike tires? | Are they on a cliff? | Where are they biking?,coco_fallback
452412,coco,http://images.cocodataset.org/train2014/COCO_train2014_000000452412.jpg,Where is this? | Where are the zebras roaming from? | Are the zebras in the wilderness? | Are the zebra's in a zoo or park? | How many zebras are in the herd?,coco_fallback
422427,coco,http://images.cocodataset.org/train2014/COCO_train2014_000000422427.jpg,Do you need a new power supply? | Do people still use old phones? | What are the specs on the laptop? | What kind of cell phone is that? | Did you transfer pictures from your phone to your laptop?,coco_fallback
362072,coco,http://images.cocodataset.org/train2014/COCO_train2014_000000362072.jpg,Where is this fruit from? | Who made the fruit platter? | When was this fruit purchased? | Is the fruit in the bowl ripe? | Is some of the fruit rotten?,coco_fallback
2732,coco,http://images.cocodataset.org/train2014/COCO_train2014_000000002732.jpg,Where is this rail yard at? | Was the yellow train moving at all? | What do you think is in those freight cars? | What city is this in? | Where was the train going?,coco_fallback
58831,coco,http://images.cocodataset.org/train2014/COCO_train2014_000000058831.jpg,Are these tennis players? | Is this singles or doubles tennis? | Are they a doubles team? | Who won the match? | What's the score in the game?,coco_fallback
301207,coco,http://images.cocodataset.org/train2014/COCO_train2014_000000301207.jpg,Is the man in front going to land safely? | How high is that ledge? | Are any of the skaters famous? | What type of trick is that? | Is he a very experienced skateboarder?,coco_fallback
294580,coco,http://images.cocodataset.org/train2014/COCO_train2014_000000294580.jpg,What is her name? | Does this person have any fashion sense? | Is this man protecting his eyes from the sun? | Why is his tie so short? | Why is his tie so short?,coco_fallback
524063,coco,http://images.cocodataset.org/train2014/COCO_train2014_000000524063.jpg,Have you ever really watched a whole soccer game? | What league is this soccer game a part of? | What is the score in the game? | How old are these players? | Who's winning the soccer game?,coco_fallback
436161,coco,http://images.cocodataset.org/train2014/COCO_train2014_000000436161.jpg,Does that cake have coconut in it? | What kind of cake is that? | What flavor cake is that? | What type of desert is this? | What kind of cake is that?,coco_fallback
13182,coco,http://images.cocodataset.org/train2014/COCO_train2014_000000013182.jpg,What kind of trees do you think those are? | What trail are they riding on? | Did the horse mind the toy? | Are there many horses? | Who is that riding the horse?,coco_fallback
121168,coco,http://images.cocodataset.org/train2014/COCO_train2014_000000121168.jpg,Do a lot of kids go to this skateboard park? | Where is this? | Where is this skate park? | Is that a boy or girl? | What does Sky Fall mean?,coco_fallback
406826,coco,http://images.cocodataset.org/train2014/COCO_train2014_000000406826.jpg,What are the paper objects? | What are those wrapped up things? | What is being made? | What is below the scissors? | Is this some kind of origami?,coco_fallback
197471,coco,http://images.cocodataset.org/train2014/COCO_train2014_000000197471.jpg,Where is the plane going? | What airport is this at? | Does this small passenger plane connect the islands? | What airline owns this plane? | How many people are in the plane?,coco_fallback
353260,coco,http://images.cocodataset.org/train2014/COCO_train2014_000000353260.jpg,Is that a special lane for motorcycles on this highway? | How long will they be stuck in traffic? | How fast is the motorcycle going? | What country is this located in? | Is that bike in the appropriate lane?,coco_fallback
440147,coco,http://images.cocodataset.org/train2014/COCO_train2014_000000440147.jpg,What ocean is this? | Where is this? | What body of water is that? | Where is the ferry going? | Is this ship a cruise ship?,coco_fallback
99536,coco,http://images.cocodataset.org/train2014/COCO_train2014_000000099536.jpg,Where is this carriage going? | What is the Palmetto Carriage? | How much do the tours cost? | Do you ever ride in them? | Did you take a carraige ride?,coco_fallback
210333,coco,http://images.cocodataset.org/train2014/COCO_train2014_000000210333.jpg,How many oranges are in the basket? | Why is a cat behind the fresh fruit? | Why is there a random basket of oranges? | Are those oranges? | Why is the cat looking at oranges?,coco_fallback
57500,coco,http://images.cocodataset.org/train2014/COCO_train2014_000000057500.jpg,What is the pattern on the left wall? | Is that a full size Juke Box? | Did you remodel? | Is that your livingroom? | Does the jukebox play records or CDs?,coco_fallback
524736,coco,http://images.cocodataset.org/train2014/COCO_train2014_000000524736.jpg,Were you in the competition? | Was there a surfing competition? | Does everyone have a surf board? | What is the event? | Is this the start of some kind of surfing competition?,coco_fallback
208372,coco,http://images.cocodataset.org/train2014/COCO_train2014_000000208372.jpg,Where are they taking those cows? | Why are the cows on the road? | Why are there cows in the street? | Where is the RV going? | How are the cows in the city?,coco_fallback
138069,coco,http://images.cocodataset.org/train2014/COCO_train2014_000000138069.jpg,Is the bathroom in the basement? | DO you enjoy the light in this bathroom? | Whose bathroom is this? | Is this a hotel or an apartment ? | Does the bathtub leak?,coco_fallback
517910,coco,http://images.cocodataset.org/train2014/COCO_train2014_000000517910.jpg,Is this photo taken in a train museum? | Is this trolley car housed in a museum? | What year did this trolley stop running? | Why is the trolley inside | Is that a trolley?,coco_fallback
212974,coco,http://images.cocodataset.org/train2014/COCO_train2014_000000212974.jpg,What kind of dessert is that? | What type of cake is in the bottom right? | What were you making? | What types of foods are these? | Does the candy go in the batter?,coco_fallback
105605,coco,http://images.cocodataset.org/train2014/COCO_train2014_000000105605.jpg,Why is there a giant phone walking around? | Was it harassing people? | Why is there a giant cell phone? | Was this for some type of promotional deal? | Is there a person inside the phone?,coco_fallback
459201,coco,http://images.cocodataset.org/train2014/COCO_train2014_000000459201.jpg,Was this at a zoo? | Why do zebras have stripes? | Why are the zebras close to the rocks? | Are the zebras part of a herd? | Are these zebras in a zoo?,coco_fallback
105600,coco,http://images.cocodataset.org/train2014/COCO_train2014_000000105600.jpg,Is this an experienced cross-country skier? | How old Is the skier? | Where was this taken? | Is the snow very high? | How old is this little skiier?,coco_fallback
290938,coco,http://images.cocodataset.org/train2014/COCO_train2014_000000290938.jpg,Do you ever light any candles? | Are those candles handmade? | What type of flower is in the back vase? | What time does the clock say? | What is in that vase?,coco_fallback
80554,coco,http://images.cocodataset.org/train2014/COCO_train2014_000000080554.jpg,What game were you playing? | Are these people playing Wii Bowling? | What Wii game are the women playing? | What are they playing? | What game are they playing on the Wii?,coco_fallback
162163,coco,http://images.cocodataset.org/train2014/COCO_train2014_000000162163.jpg,What is he cooking? | What is he cooking? | where are his hot dogs? | How do you keep the hot dog buns from burning? | How many people showed up to the cookout?,coco_fallback
278467,coco,http://images.cocodataset.org/train2014/COCO_train2014_000000278467.jpg,Why does this pizza cheese look bad? | Where did the pizza come from? | What is on the pizza? | What is on that pizza? | Was it home made?,coco_fallback
259715,coco,http://images.cocodataset.org/train2014/COCO_train2014_000000259715.jpg,Who were you rooting for in the race? | Did many motorcycles crash? | How fast do you think they're going? | How do they keep from wiping out? | How fast are they going?,coco_fallback
251027,coco,http://images.cocodataset.org/train2014/COCO_train2014_000000251027.jpg,Did you remodel? | What kind of flooring is that? | Is there a forest outside the window? | Where's the shower? | Is that vinyl flooring?,coco_fallback
179618,coco,http://images.cocodataset.org/train2014/COCO_train2014_000000179618.jpg,Are you a health nut? | What kind of blender is this and where can I buy it? | What are the ingredients in this shake? | What is being made here? | What flavor is it?,coco_fallback
125266,coco,http://images.cocodataset.org/train2014/COCO_train2014_000000125266.jpg,Is that truck an armored truck? | Do you think it's strange they can still advertise alcohol like that? | What does Garda mean? | Why were you in the city? | Where is that truck going?,coco_fallback
85706,coco,http://images.cocodataset.org/train2014/COCO_train2014_000000085706.jpg,Where is this mountain? | Is it safe for so many people to be on the ski slope? | Was the wait for the lift long? | Where is this ski resort at? | Is this a skiing slope?,coco_fallback
44138,coco,http://images.cocodataset.org/train2014/COCO_train2014_000000044138.jpg,How many more computers do you need? | Why do they have so many screens? | What brands are all of these TVs and laptops? | What kind of laptop is that? | How many computers does he need?,coco_fallback
58231,coco,http://images.cocodataset.org/train2014/COCO_train2014_000000058231.jpg,Are these bananas? | What on earth are these? | What is the name of this type of fruit? | How do you prepare plaintains? | Will you throw out those bananas?,coco_fallback
254729,coco,http://images.cocodataset.org/train2014/COCO_train2014_000000254729.jpg,What moun | Where is the plane going? | Where is this? | What mountain range is below? | Is that snow recent?,coco_fallback
412296,coco,http://images.cocodataset.org/train2014/COCO_train2014_000000412296.jpg,What beach is this? | Who is the little boy surfing? | Has he had lessons? | Where is this? | How long has he been surfing?,coco_fallback
437416,coco,http://images.cocodataset.org/train2014/COCO_train2014_000000437416.jpg,What kind of rug is that? | What style are those vintage chairs? | How old is the furniture? | Is that a picture of your liv | What kind of room is this?,coco_fallback
388352,coco,http://images.cocodataset.org/train2014/COCO_train2014_000000388352.jpg,How much does that dog weigh? | Is the dog washing his ball in the water bowl? | Is there ice in the bowl with the ball? | Is that ball the only thing in that bowl? | Do you think this is a hint to play fetch or fill his bowl?,coco_fallback
548278,coco,http://images.cocodataset.org/train2014/COCO_train2014_000000548278.jpg,Who's kitchen is that? | Do you think people hit their head on that low ceiling? | Was it just remodeled? | Is there a dishwasher in this kitchen? | Did you recently remodel the kitchen?,coco_fallback
458914,coco,http://images.cocodataset.org/train2014/COCO_train2014_000000458914.jpg,Is that a real bird? | What type of bird is that? | Do you fly kites often? | What kind of kite is that? | Do you think the bird is curious about the kite?,coco_fallback
371647,coco,http://images.cocodataset.org/train2014/COCO_train2014_000000371647.jpg,Why is the clock so dark lit? | What time does the clcok on the wall say? | Were you waiting for someone? | What kind of mood does this evoke? | What country was this taken in?,coco_fallback
149583,coco,http://images.cocodataset.org/train2014/COCO_train2014_000000149583.jpg,How old is the polar bear? | Is the polar bear yelling? | Where is this? | Who brought this bear to the zoo? | How much does that bear weigh?,coco_fallback
125063,coco,http://images.cocodataset.org/train2014/COCO_train2014_000000125063.jpg,Where is this? | How much does that zebra weigh? | What type of zebra are these? | How old are those zebra's? | Are the zebras related?,coco_fallback
371643,coco,http://images.cocodataset.org/train2014/COCO_train2014_000000371643.jpg,What is the name of that dessert? | Who made this dessert? | Which desert looks best? | Do you think you could make this dessert? | What will be eaten first?,coco_fallback
134344,coco,http://images.cocodataset.org/train2014/COCO_train2014_000000134344.jpg,Is it hot outside? | Did she get sunburned in spite of the umbrella? | Is this lady at a track meet? | Why is she holding an umbrella when it is sunny? | What is the lady's name?,coco_fallback
29345,coco,http://images.cocodataset.org/train2014/COCO_train2014_000000029345.jpg,Where was this taken? | Is there a certain distance you had to stay from the giraffes? | Are these giraffes on a golf course? | How high up are they? | How many giraffe are left in the world?,coco_fallback
216480,coco,http://images.cocodataset.org/train2014/COCO_train2014_000000216480.jpg,Does this cat meow a lot? | How old is the cat? | Is that why you have two chairs? | Is this cat a bit overweight? | How old is the cat?,coco_fallback
478636,coco,http://images.cocodataset.org/train2014/COCO_train2014_000000478636.jpg,Is she loading or unloading the horses? | Are the horses being loaded? | How often do you have to let the horses out to stretch their legs? | Where are the horse going? | Is she loading the horse on the trailer?,coco_fallback
164502,coco,http://images.cocodataset.org/train2014/COCO_train2014_000000164502.jpg,How old is the zebra? | Do you feel like you're looking at an optical illusion? | How tall is the zebra? | Where is this zebra? | Is the zebra looking at the camera?,coco_fallback
360813,coco,http://images.cocodataset.org/train2014/COCO_train2014_000000360813.jpg,What's the score in the game? | What do you call that kind of pitching arm? | Is this how a fastball is thrown? | What speed do you think the ball will be thrown at? | DO you think pitchers need a good sense of balance?,coco_fallback
341270,coco,http://images.cocodataset.org/train2014/COCO_train2014_000000341270.jpg,What is the cat's name? | How old is the cat? | Was the cat drinking out of the fountain? | Does the cat drink out of the bird bath? | What is the cat looking at?,coco_fallback
102080,coco,http://images.cocodataset.org/train2014/COCO_train2014_000000102080.jpg,Was it playful? | Is the baby elephant following the larger elephant? | How old is this baby elephant? | How old is that elephant? | How old is the baby elephant?,coco_fallback
524115,coco,http://images.cocodataset.org/train2014/COCO_train2014_000000524115.jpg,Where was this taken? | Is this a baby elephant? | Why is this young elephant particularly wrinkly? | How old is the baby elephant? | Where's his mom?,coco_fallback
211449,coco,http://images.cocodataset.org/train2014/COCO_train2014_000000211449.jpg,What breed of dog is this? | What kind of motorcycle is that? | is that dog riding a motorcycle | Is the dog chained to the motorcycle? | What kind of dog is that?,coco_fallback
96886,coco,http://images.cocodataset.org/train2014/COCO_train2014_000000096886.jpg,How long is the train trip? | Is the train in service? | Where is the train going? | Did you ride the train? | Do you think passengers of this train buy a lot of items at the Mall of America?,coco_fallback
106644,coco,http://images.cocodataset.org/train2014/COCO_train2014_000000106644.jpg,Is this set up for a restaurant? | What type of muffins are in the picture? | What kind of muffins are they? | What kind of muffins are they? | Who set up those treats?,coco_fallback
490935,coco,http://images.cocodataset.org/train2014/COCO_train2014_000000490935.jpg,Why is the bathroom so dirty? | Why isn't the bathroom clean? | Is this bathroom portable? | Why is the bathroom so dirty? | Where is this?,coco_fallback
158601,coco,http://images.cocodataset.org/train2014/COCO_train2014_000000158601.jpg,How do you get this time-lapsed effect? | What type of cat is that? | What are they packing for? | Where was this taken? | What type of fabric is the blanket?,coco_fallback
123949,coco,http://images.cocodataset.org/train2014/COCO_train2014_000000123949.jpg,Who is she talking to? | Who is she talking to? | Is that a cardboard cutout of a woman? | How old is that woman? | Who is she talking to?,coco_fallback
362677,coco,http://images.cocodataset.org/train2014/COCO_train2014_000000362677.jpg,How did the giraffe get out? | How tall is that giraffe? | Where was this taken? | Is this giraffe in a zoo? | How tall is the giraffe?,coco_fallback
371791,coco,http://images.cocodataset.org/train2014/COCO_train2014_000000371791.jpg,Was this picture taken during the fall or spring? | Is that always a popular place to hang out? | Where is this? | Is this a public place? | Why is everybody flying kites?,coco_fallback
210426,coco,http://images.cocodataset.org/train2014/COCO_train2014_000000210426.jpg,Is this a passenger train? | Where is this train headed? | What do you call that kind of walkway? | What train model is that? | Where is the train coming from?,coco_fallback
279104,coco,http://images.cocodataset.org/train2014/COCO_train2014_000000279104.jpg,What is on that sandwich? | What type of sandwich and soup? | Was the soup good? | What kind of soup is that? | Is the bread for this sandwich toasted?,coco_fallback
470799,coco,http://images.cocodataset.org/train2014/COCO_train2014_000000470799.jpg,What do you think is the story behind this knitted thing? | What is this thing? | What is the benefit of that fabric around the post? | What is strapped to that pole? | Why is there a crochet around a street pole?,coco_fallback
291973,coco,http://images.cocodataset.org/train2014/COCO_train2014_000000291973.jpg,What type of bird are these? | What bird is on top of the banana? | How many bananas are growing there? | What kind of parrots are those? | Are they native?,coco_fallback
119207,coco,http://images.cocodataset.org/train2014/COCO_train2014_000000119207.jpg,Whose bed is this? | Are those design plates there by the computer? | Is this room messy? | What kind of bed is that? | What do you call that kind of bed?,coco_fallback
178674,coco,http://images.cocodataset.org/train2014/COCO_train2014_000000178674.jpg,In what country was that taken? | Who owns the cat? | Is the cat part of the delivery? | What breed of cat is that? | Who owns that cat?,coco_fallback
275415,coco,http://images.cocodataset.org/train2014/COCO_train2014_000000275415.jpg,Is that an orange? | What kind of bird is that? | What is the bird trying to get? | Did that bird steal that orange? | What kind of bird is that?,coco_fallback
76372,coco,http://images.cocodataset.org/train2014/COCO_train2014_000000076372.jpg,Where is the plane flying? | What kind of jet is that? | What year was this jet manufactured? | What type of jet is that? | What kind of plane is that?,coco_fallback
59947,coco,http://images.cocodataset.org/train2014/COCO_train2014_000000059947.jpg,Where is this? | Is the restaurant open? | What is served in this restaurant? | Do you think those are rental bikes? | Where is this restaurant located?,coco_fallback
518933,coco,http://images.cocodataset.org/train2014/COCO_train2014_000000518933.jpg,Are these zebra in their natural habitat? | Where is this? | Are there any predators nearby? | Where are the zebras? | How many zebras were in the herd?,coco_fallback
53405,coco,http://images.cocodataset.org/train2014/COCO_train2014_000000053405.jpg,Who made the dress? | is the woman trying on dresses? | What is her name? | Where would you wear that? | How old is the woman?,coco_fallback
274437,coco,http://images.cocodataset.org/train2014/COCO_train2014_000000274437.jpg,Who won the game? | Who won the game? | Is that a major league pitcher? | What team does the pitcher play for? | How fast can he throw?,coco_fallback
207065,coco,http://images.cocodataset.org/train2014/COCO_train2014_000000207065.jpg,Do those giraffes have a baby nearby? | How tall are those giraffes? | How many giraffes were there? | Is it cloudy outside? | Are those wild giraffes?,coco_fallback
222371,coco,http://images.cocodataset.org/train2014/COCO_train2014_000000222371.jpg,Why were you dressed up? | What is this man's name? | Why is he wearing women's sunglasses? | What is that player's name? | How many games do you go to?,coco_fallback
303370,coco,http://images.cocodataset.org/train2014/COCO_train2014_000000303370.jpg,What are the police looking at? | Where are they off to? | Does the man standing alone look suspicious? | What are those cops looking at? | Are those security officers really just looking at her roller bag?,coco_fallback
80826,coco,http://images.cocodataset.org/train2014/COCO_train2014_000000080826.jpg,Is there ham on the pizza in front? | Did you like the pizza? | What kind of pizza is this? | What kind of food is in the bowl? | Would you eat the whole thing in one sitting?,coco_fallback
479698,coco,http://images.cocodataset.org/train2014/COCO_train2014_000000479698.jpg,Is everyone flying a kite? | Are those parasailers? | How high are the kites? | Who is kite surfing? | Did you go parasalling?,coco_fallback
423875,coco,http://images.cocodataset.org/train2014/COCO_train2014_000000423875.jpg,When did you go there? | What kind of motorcycle is the man on? | Where is this? | Why does he have a broom on his motorcycle | What does he keep in the crate?,coco_fallback
256380,coco,http://images.cocodataset.org/train2014/COCO_train2014_000000256380.jpg,How many times did he fall trying this trick before he landed? | Are they all the same person? | Does he jump a lot? | Are there four people in that photo? | Who is that skiing?,coco_fallback
399154,coco,http://images.cocodataset.org/train2014/COCO_train2014_000000399154.jpg,Is this bathroom clean? | Was this in your hotel room? | How does the water not overflow from that sink? | Did you recently remodel the bathroom? | Who designed the bathroom?,coco_fallback
256385,coco,http://images.cocodataset.org/train2014/COCO_train2014_000000256385.jpg,What game is he playing? | Do you play a lot? | What game is he playing? | What games were you guys playing on the wii? | Is he playing a Nintendo Wii?,coco_fallback
487783,coco,http://images.cocodataset.org/train2014/COCO_train2014_000000487783.jpg,What kind of vehicle is on the back of this truck? | Why is the truck towing the John Deere? | What is that green thing on the truck bed? | What is the truck hauling? | What is the semi carrying?,coco_fallback
62225,coco,http://images.cocodataset.org/train2014/COCO_train2014_000000062225.jpg,Is that a Top Gun jet? | Have you ever flown a remote controlled airplane before? | What kind of model plane is that? | Is this a model plane? | What kind of toy plane is this?,coco_fallback
575273,coco,http://images.cocodataset.org/train2014/COCO_train2014_000000575273.jpg,How do you keep a black sink looking clean? | Is this boy brushing his teeth? | Did he just learn to brush his teeth? | Is this child brushing properly? | How old is he?,coco_fallback
202723,coco,http://images.cocodataset.org/train2014/COCO_train2014_000000202723.jpg,Is this an ice cream truck? | Is that an ice cream truck? | What did you order from the food truck? | What kind of food truck is that? | What food does the truck serve?,coco_fallback
123835,coco,http://images.cocodataset.org/train2014/COCO_train2014_000000123835.jpg,Were there any problems with your flight? | What airport is this? | What airport is this? | Where is the plane going? | What type of plane is this?,coco_fallback
138315,coco,http://images.cocodataset.org/train2014/COCO_train2014_000000138315.jpg,Is that lunch? | What is special about this banana? | How much does the banana cost? | Is this banana organic? | Is that a Dole Banana?,coco_fallback
333571,coco,http://images.cocodataset.org/train2014/COCO_train2014_000000333571.jpg,Are they performing in an air show? | Have you flown in one? | What kind of planes are those? | What kind of planes are those? | Are these plans single engine?,coco_fallback
310861,coco,http://images.cocodataset.org/train2014/COCO_train2014_000000310861.jpg,Are these animals located on a reserve? | Where are these zebra at? | Are those wild zebra? | How much do the zebras weigh? | Was he scared of you?,coco_fallback
18389,coco,http://images.cocodataset.org/train2014/COCO_train2014_000000018389.jpg,Is this a public park somewhere? | What park is this? | Do you visit this path often? | Which park is this? | Is this couple having a pleasant conversation?,coco_fallback
54758,coco,http://images.cocodataset.org/train2014/COCO_train2014_000000054758.jpg,What kind of sink bowl is that? | Is this a hotel bathroom? | Whose bathroom is this? | What is outside the window? | What's in the little boxes on the left?,coco_fallback
78000,coco,http://images.cocodataset.org/train2014/COCO_train2014_000000078000.jpg,Was the zebra friendly? | How old is the zebra? | Is it a male or female zebra? | Is the zebra an adult? | Why does the zebra have so many wiskers?,coco_fallback
480239,coco,http://images.cocodataset.org/train2014/COCO_train2014_000000480239.jpg,Do you have a tub? | Where did you buy that framed picture? | Is that bathroom in a motel? | Is that bathroom in a house or hotel? | Is that a picture of your bathroom?,coco_fallback
157237,coco,http://images.cocodataset.org/train2014/COCO_train2014_000000157237.jpg,How long did it take to get a good shot? | Is this picture an advertisement? | How do you capture that kind of shot with a baby? | Don’t you think that baby would be a great model for a Coca-Cola ad? | How old ins the baby?,coco_fallback
269054,coco,http://images.cocodataset.org/train2014/COCO_train2014_000000269054.jpg,Did you place that there? | Is the dog asleep? | What kind of dog is that? | Did this puppy have too much Coca Cola? | Is the puppy sleeping?,coco_fallback
83148,coco,http://images.cocodataset.org/train2014/COCO_train2014_000000083148.jpg,Why does he look angry? | Are these zebras caged? | Is that an electric fence? | How many lines are on a zebra? | Is this zebra thinking about jumping the fence?,coco_fallback
347048,coco,http://images.cocodataset.org/train2014/COCO_train2014_000000347048.jpg,Where is this? | Do elephants eat oranges? | Were you nervous being that close? | Do elephants like oranges? | Will the elephant eat the orange?,coco_fallback
132493,coco,http://images.cocodataset.org/train2014/COCO_train2014_000000132493.jpg,Do the food colors on that plate look appetizing to you? | Where are they eating? | What types of food? | What kind of pizza is tht? | Does this pizza have sauce?,coco_fallback
136131,coco,http://images.cocodataset.org/train2014/COCO_train2014_000000136131.jpg,Who is the statue of? | What does the statue mean? | What does the statue represent? | What is that a statue of? | What is this statue?,coco_fallback
132497,coco,http://images.cocodataset.org/train2014/COCO_train2014_000000132497.jpg,What is the name of this building? | What time does the clock display? | What is the name of the clock tower? | What city is that in? | What church is shown here?,coco_fallback
433607,coco,http://images.cocodataset.org/train2014/COCO_train2014_000000433607.jpg,Are those plates above the stove? | Why do they have so many plates? | Is the kitchen in an old house? | How old is that kitchen? | Are those plates on the wall from Holland?,coco_fallback
473843,coco,http://images.cocodataset.org/train2014/COCO_train2014_000000473843.jpg,What kind of dog is that? | What do you call fur like that? | What is the dog's name? | Does he mind the snow? | What breed of dog is that?,coco_fallback
302343,coco,http://images.cocodataset.org/train2014/COCO_train2014_000000302343.jpg,How long are those boat? | How many people can fit on those boats? | Where are these type docked at? | Do the boats have motors? | Where is this body of water?,coco_fallback
565767,coco,http://images.cocodataset.org/train2014/COCO_train2014_000000565767.jpg,Where are they skating? | Does he compete? | Is this a competition? | Does this kid know how to snowboard down a hill? | Can that kid do tricks on his snowboard?,coco_fallback
151761,coco,http://images.cocodataset.org/train2014/COCO_train2014_000000151761.jpg,Where is this? | Is that little elephant asleep? | How old is the baby elephant? | Are the elephants healthy? | Is the elephant caring for the baby elephant?,coco_fallback
132258,coco,http://images.cocodataset.org/train2014/COCO_train2014_000000132258.jpg,What kind of phone is on his waste? | Was it ever cool to wear a cell phone on your belt? | What brand of phone is that? | What model of phone is that? | Who is that in the picture?,coco_fallback
300908,coco,http://images.cocodataset.org/train2014/COCO_train2014_000000300908.jpg,Is her heal supposed to be lose? | Is this a famous skiier? | What place did she finish? | How much further does she have to go? | Is this a professional skiier?,coco_fallback
364028,coco,http://images.cocodataset.org/train2014/COCO_train2014_000000364028.jpg,Does lots of people drive those where this picture was taken? | What is that? | Does she whistle while she rides? | What brand is this motorcycle? | What city is this street in?,coco_fallback
267988,coco,http://images.cocodataset.org/train2014/COCO_train2014_000000267988.jpg,Do you use the scale a lot? | How old is that scale? | Are the toaster and the toaster oven the same brand? | Is anything on the scale? | Is that your kit,coco_fallback
37999,coco,http://images.cocodataset.org/train2014/COCO_train2014_000000037999.jpg,Do birds generally like bananas? | How did the bird get a banana? | Do you think someone gave that bird a banana? | Did that parrot peel a banana himself? | Does the bird eat anything other than bananas?,coco_fallback
273555,coco,http://images.cocodataset.org/train2014/COCO_train2014_000000273555.jpg,How far did he hit the ball? | Which team won this game? | What baseball game is this? | Did he hit the ball? | Did the batter check swing?,coco_fallback
421658,coco,http://images.cocodataset.org/train2014/COCO_train2014_000000421658.jpg,Were those wild elephants? | Is the car going to stop for the elephant family? | Is the elephant going to get hit by the car coming? | How close did you get? | Are all the elephants adults?,coco_fallback
537213,coco,http://images.cocodataset.org/train2014/COCO_train2014_000000537213.jpg,Would this sight scare you at the library? | How old is the cat? | How did he get up there? | Do you think they emptied that shelf just for this cat? | What happened to the books on the shelf?,coco_fallback
222206,coco,http://images.cocodataset.org/train2014/COCO_train2014_000000222206.jpg,Does she want to hurt Piglet? | Is this afraid of her piglet doll? | Did she get in trouble for this? | Did that girl beat up the bear with the bat? | How old is your daughter?,coco_fallback
317995,coco,http://images.cocodataset.org/train2014/COCO_train2014_000000317995.jpg,How long do you think this would take to clean up? | Why is the bathroom so damaged? | Why was this house abandoned? | Why don't they just knock this building down? | Do you know how long it's been abandoned?,coco_fallback
570023,coco,http://images.cocodataset.org/train2014/COCO_train2014_000000570023.jpg,Is this train moving? | Is the train leaving or arriving? | What train station is this? | What train station is this? | Where is this train?,coco_fallback
517579,coco,http://images.cocodataset.org/train2014/COCO_train2014_000000517579.jpg,Who are the men on horses? | Where are the police going? | Are the officers on duty? | Can those horse police even catch bad guys? | Why were the police riding horses?,coco_fallback
264885,coco,http://images.cocodataset.org/train2014/COCO_train2014_000000264885.jpg,Is the kitty posing in front of the mirror for you? | Is the cat looking at it's own reflection? | Does the cat know it's him in the mirror? | How old is that cat? | How would you describe that cat's expression?,coco_fallback
471771,coco,http://images.cocodataset.org/train2014/COCO_train2014_000000471771.jpg,Did you get to feed the animals? | How did you get that close to a zebra? | Did you get to pet them? | What zoo is this? | Are the two zebras the same age?,coco_fallback
157344,coco,http://images.cocodataset.org/train2014/COCO_train2014_000000157344.jpg,Does cake fill the whole shape of that keg? | Who created this awesome keg cake? | Is that barrel a cake? | Is that a cake made to look like a keg? | What is in that barrel?,coco_fallback
347603,coco,http://images.cocodataset.org/train2014/COCO_train2014_000000347603.jpg,Is the plane getting ready to take off? | Is the plane taking off or landing? | Who owns that plane? | What country is KLM airlines from? | Is that plane landing?,coco_fallback
179470,coco,http://images.cocodataset.org/train2014/COCO_train2014_000000179470.jpg,What kind of bird is this? | Were you feeding the birds? | Did the bird poop on your hand? | What is the pigeon eating? | Isn't he in danger of contracting anything from pigeons?,coco_fallback
100591,coco,http://images.cocodataset.org/train2014/COCO_train2014_000000100591.jpg,Do all the cows have collars? | Is that a camper or a cow hauler? | Is that a building or a vehicle on the right? | What is the mountain in the background? | Are any cows in the trailer?,coco_fallback
189836,coco,http://images.cocodataset.org/train2014/COCO_train2014_000000189836.jpg,What is the purpose of that lattice panel? | Does he compete well? | How old is that dog? | Does the dog get along with the cows? | Does the dog do a good job of herding the cattle?,coco_fallback
242541,coco,http://images.cocodataset.org/train2014/COCO_train2014_000000242541.jpg,Where is this dog at? | How old is that dog? | Does the dog like water? | Does he ever swim? | What breed of dog is that?,coco_fallback
433116,coco,http://images.cocodataset.org/train2014/COCO_train2014_000000433116.jpg,Did you get to touch it? | What kind of bird is this? | What kind of hawk is it? | Is that a golden eagle? | Where is the eagle flying to?,coco_fallback
31567,coco,http://images.cocodataset.org/train2014/COCO_train2014_000000031567.jpg,What's the dog's name? | What is the dog looking at? | Is the dog waiting to leave? | Does he like to ride? | How old is the dog?,coco_fallback
503091,coco,http://images.cocodataset.org/train2014/COCO_train2014_000000503091.jpg,What type of airplane is this? | Is that plane going to take off? | Did you get t see inside? | How old do you think that plane is? | WHO DOES THAT PLANE BELONG TOO.,coco_fallback
287312,coco,http://images.cocodataset.org/train2014/COCO_train2014_000000287312.jpg,Are the man and the girl in this photo related? | Did you buy any fruit? | Does he always sit on the fire hydrant? | What country is this market in? | I wonder if the fire hydrant is hurting his butt?,coco_fallback
385405,coco,http://images.cocodataset.org/train2014/COCO_train2014_000000385405.jpg,What's the name of this score? | what kind of a store is this? | What kind of shop is this? | Where was this taken? | Where is this pet shop located?,coco_fallback
496818,coco,http://images.cocodataset.org/train2014/COCO_train2014_000000496818.jpg,What kind of dog is that? | Does the dog jump in the air to catch toys? | What is the dog's name? | Where was this taken? | How high can the dog jump?,coco_fallback
23676,coco,http://images.cocodataset.org/train2014/COCO_train2014_000000023676.jpg,What's the score in the game? | What year was this photograph taken? | Are they playing against men? | Did this person hit a foul ball? | Who won the game?,coco_fallback
366414,coco,http://images.cocodataset.org/train2014/COCO_train2014_000000366414.jpg,What city is this police officer patrolling? | Where is he driving? | What police department does that officer belong to? | What country is this police officer from? | What kind of motorcycle is that?,coco_fallback
144561,coco,http://images.cocodataset.org/train2014/COCO_train2014_000000144561.jpg,Do you like southwest airlines? | Did they let passengers out right there? | Are all Southwest planes this color? | Which flight were you on? | Where is the plane going?,coco_fallback
338497,coco,http://images.cocodataset.org/train2014/COCO_train2014_000000338497.jpg,Is the train moving on the track? | Does that bridge look safe? | How sturdy is that bridge? | Where is this? | What is the train's next stop?,coco_fallback
169311,coco,http://images.cocodataset.org/train2014/COCO_train2014_000000169311.jpg,Does the dog watch all the trains that pass? | What is the dog looking at? | Is this dog a stray? | Do you think it's safe for that do to be so close to the trains? | Is that a wild dog?,coco_fallback
327536,coco,http://images.cocodataset.org/train2014/COCO_train2014_000000327536.jpg,What is the child eating? | Is this boy well behaved? | How old is he? | What is he eating? | What kind of pizza is that?,coco_fallback
365464,coco,http://images.cocodataset.org/train2014/COCO_train2014_000000365464.jpg,Did they run away after? | How many Zebras did you see? | How old is that zebra? | Did the zebras run from you? | Was this taken in the wild?,coco_fallback
341894,coco,http://images.cocodataset.org/train2014/COCO_train2014_000000341894.jpg,Whose wood-burning stove is that? | How useful is that archaic stove? | How old is that stove? | How old is that stove? | How old would you say that stove/oven is?,coco_fallback
486123,coco,http://images.cocodataset.org/train2014/COCO_train2014_000000486123.jpg,Is there a building owned by Google nearby? | What street is that? | Where was this taken? | Is the traffic light going to change soon? | Is the street really called googe?,coco_fallback
483442,coco,http://images.cocodataset.org/train2014/COCO_train2014_000000483442.jpg,Are these animals located on a reserve? | Where are those zebras at? | D the birds just stay in the water? | Where was this taken? | Did the zebras make the flamingos fly?,coco_fallback
341899,coco,http://images.cocodataset.org/train2014/COCO_train2014_000000341899.jpg,How much does that elephant weigh? | Is that elephant dancing? | Is the elephant in a zoo? | Was something chasing it? | Did you get close to the elephant?,coco_fallback
51453,coco,http://images.cocodataset.org/train2014/COCO_train2014_000000051453.jpg,Is this an American dish? | What kind of noodles are those? | What kind of noodles are those? | Did you cook that yourself? | What type of food is that?,coco_fallback
159411,coco,http://images.cocodataset.org/train2014/COCO_train2014_000000159411.jpg,What is the name of this dish? | Do you enjoy salads like this one? | What type of dish is that? | What kind of dish is this? | What kind of food is that?,coco_fallback
310606,coco,http://images.cocodataset.org/train2014/COCO_train2014_000000310606.jpg,How old is this photo? | What is he working on? | How old is that laptop? | What is this man smiling about? | Is that a new computer?,coco_fallback
239581,coco,http://images.cocodataset.org/train2014/COCO_train2014_000000239581.jpg,Do you think the giraffes are happy? | Is the far giraffe trying to eat something? | How many giraffes live there? | Are the giraffes a make and female? | Are those giraffes related?,coco_fallback
318850,coco,http://images.cocodataset.org/train2014/COCO_train2014_000000318850.jpg,Why is the fire hydrant two different colors? | Are all the fire hydrants painted blue at the top? | How old is the sign? | Why is the fire hydrant blue on top? | Where is this?,coco_fallback
154907,coco,http://images.cocodataset.org/train2014/COCO_train2014_000000154907.jpg,What kind of kite is that? | What is the name of this event? | Where is this? | How high is that kite flying? | is that kite shaped like a person?,coco_fallback
338120,coco,http://images.cocodataset.org/train2014/COCO_train2014_000000338120.jpg,What stops the dog from jumping off the boat? | What kind of boat is that? | Is that Venice? | Is this picture taken in Italy? | Where was this taken?,coco_fallback
474637,coco,http://images.cocodataset.org/train2014/COCO_train2014_000000474637.jpg,Are those Matchbox cars next to the computer monitor? | What were you doing there? | What is RED? | Do you drink at work? | How often does this person clean their desk?,coco_fallback
123055,coco,http://images.cocodataset.org/train2014/COCO_train2014_000000123055.jpg,What kind of bird is that? | What kind of bird is that? | What type of bird is this? | What kind of bird is that? | What is the bird doing?,coco_fallback
95213,coco,http://images.cocodataset.org/train2014/COCO_train2014_000000095213.jpg,What restaurant is this? | What restaurant is this kitchen in? | What restaurant is this? | Do you think the inspector just left this kitchen? | What restaurant is this?,coco_fallback
257670,coco,http://images.cocodataset.org/train2014/COCO_train2014_000000257670.jpg,What kind of phone was she using? | Is she taking your picture? | Is that an iphone? | What kind of cell phone is that? | Are you taking photos of each other?,coco_fallback
575496,coco,http://images.cocodataset.org/train2014/COCO_train2014_000000575496.jpg,Why is this toy on the ground like this? | Is the teddy bear misplaced? | Does this teddy bear make you nostalgic for your own old friend? | What kind of bear is that? | Why is the bear on the ground?,coco_fallback
72650,coco,http://images.cocodataset.org/train2014/COCO_train2014_000000072650.jpg,Did you go surfing too? | What's the name of this beach? | Why does he want to surf when there are no waves? | What beach is this? | How large were the waves?,coco_fallback
471773,coco,http://images.cocodataset.org/train2014/COCO_train2014_000000471773.jpg,Is this man a professional tennis player? | What tournament is he at? | What is the tennis player's name? | who is this tennis player | Who is that tennis player?,coco_fallback
226501,coco,http://images.cocodataset.org/train2014/COCO_train2014_000000226501.jpg,Was that your first time on a train? | Did you ride the train? | Do you think those trains are for rich people? | Where is this train located? | Where is this locomotive headed?,coco_fallback
575490,coco,http://images.cocodataset.org/train2014/COCO_train2014_000000575490.jpg,Is this an old picture of your Dad playing baseball? | Was this a strike? | Who is batting? | Did he get a base hit? | Did the man connect with the baseball?,coco_fallback
385538,coco,http://images.cocodataset.org/train2014/COCO_train2014_000000385538.jpg,Is the train moving across the bridge? | What river is that? | Is the water still? | How long is this bridge? | What is the name of the bridge?,coco_fallback
267454,coco,http://images.cocodataset.org/train2014/COCO_train2014_000000267454.jpg,Are these birds flocking? | Does this picture make you think of a Hitchcock film? | Where is this lake located? | Is that a beach or lake? | What lake is that?,coco_fallback
509255,coco,http://images.cocodataset.org/train2014/COCO_train2014_000000509255.jpg,What's the score in the tennis game? | Who is that tennis player? | How old is the tennis player? | Did she win the match? | Is this a famous player?,coco_fallback
23253,coco,http://images.cocodataset.org/train2014/COCO_train2014_000000023253.jpg,How fast do you think he was going? | How fast do you think that motorcycle is going? | How did you get a non-blurry shot? | How fast is that guy going? | How fast did it go?,coco_fallback
544556,coco,http://images.cocodataset.org/train2014/COCO_train2014_000000544556.jpg,What year was this kitchen remodeled in? | What are they making in this kitchen? | Does that wall design make you dizzy to look at? | Did you recently remodel the kitchen? | Is that a picture of your kitchen?,coco_fallback
354791,coco,http://images.cocodataset.org/train2014/COCO_train2014_000000354791.jpg,Did he strike out? | What color are the batters gloves? | What position does this baseball player play? | Did he get any hits? | What is his batting average?,coco_fallback
507370,coco,http://images.cocodataset.org/train2014/COCO_train2014_000000507370.jpg,What kind of camera is that? | Is that the bathroom in your hotel? | Where is that bathroom? | Was there anyone in a stall? | What type of camera is that?,coco_fallback
461505,coco,http://images.cocodataset.org/train2014/COCO_train2014_000000461505.jpg,What type of dog is that? | What breed mix is he? | What kind of dog is that? | Will the dog bring the ball back? | Where can I buy that ball?,coco_fallback
114510,coco,http://images.cocodataset.org/train2014/COCO_train2014_000000114510.jpg,Is he a Star Wars fan? | Why is she taking a selfie? | Whose room is this? | Is that a picture of your bedroom? | Is this a dorm room?,coco_fallback
34629,coco,http://images.cocodataset.org/train2014/COCO_train2014_000000034629.jpg,Are they supposed to be loose? | Where are the horses going? | Are these two wild horses? | Who owns these horses? | Do the horses ever go inside the building?,coco_fallback
110962,coco,http://images.cocodataset.org/train2014/COCO_train2014_000000110962.jpg,Did he cook that pizza over the fire? | How long did it take for the pizza to cook? | How do you make a pizza oven like that? | What type of pizza is that? | What is his name?,coco_fallback
92336,coco,http://images.cocodataset.org/train2014/COCO_train2014_000000092336.jpg,Is bike racing dangerous? | Who ended up winning the race? | How fast are those sport bikes? | Were there any crashes in the race? | Which number is in the lead?,coco_fallback
343812,coco,http://images.cocodataset.org/train2014/COCO_train2014_000000343812.jpg,Is he skateboarding on a rail? | What trick were you attempting? | Is he any good? | Did this skateboarder fall at the end of the maneuver? | Is he good at skateboarding?,coco_fallback
30962,coco,http://images.cocodataset.org/train2014/COCO_train2014_000000030962.jpg,Is that a subway? | Is that a public monorail train? | Which city is this located in? | What is the building behind the train? | Is that factory still operational?,coco_fallback
131780,coco,http://images.cocodataset.org/train2014/COCO_train2014_000000131780.jpg,What beach is this? | Can the whale kite fly hi? | Was this some sort of festival? | Is that a kite? | Where can I get a whale kite?,coco_fallback
564950,coco,http://images.cocodataset.org/train2014/COCO_train2014_000000564950.jpg,What kind of phone is that? | what kind of phone does he have | Is this man pointing his camera phone forward? | Is he showing off his phone? | What is his name?,coco_fallback
100159,coco,http://images.cocodataset.org/train2014/COCO_train2014_000000100159.jpg,How many bottles of milk do you think that cow makes in a day? | How many cows did they own? | Was this photo taken in the early 1900s? | How old is this photograph? | How much does tat cow weigh?,coco_fallback
88835,coco,http://images.cocodataset.org/train2014/COCO_train2014_000000088835.jpg,When did you go there? | Do you think this road is in florida? | What time of day was this photo taken? | Why do you think they were headed towards Tampa? | Are they getting off the highway?,coco_fallback
335027,coco,http://images.cocodataset.org/train2014/COCO_train2014_000000335027.jpg,Does the woman know how to surf? | Is she a surfer? | Is that your mother? | Does she actually surf? | Is she carrying a surf board?,coco_fallback
403683,coco,http://images.cocodataset.org/train2014/COCO_train2014_000000403683.jpg,How high are the kites flying? | Did you fly one? | Which kite is flying the highest? | Why were there so many people flying kites? | Why are there so many people flying kites at the same time?,coco_fallback
239928,coco,http://images.cocodataset.org/train2014/COCO_train2014_000000239928.jpg,Is this some sort of competition? | Is this a race? | What kind of horse event is this? | Are they racing the horses? | What kind of event involves all those horses?,coco_fallback
177476,coco,http://images.cocodataset.org/train2014/COCO_train2014_000000177476.jpg,"Who's bag is that? | What is the object in the background, on the floor? | Where is this? | Why is the wall painted blue? | Is this an office or a bedroom?",coco_fallback
366967,coco,http://images.cocodataset.org/train2014/COCO_train2014_000000366967.jpg,Who won the game? | What is the pitcher's era? | How old is this ball player? | What baseball game is this? | Do you think sometimes baseball pitchers look like ballerina's in pose?,coco_fallback
7544,coco,http://images.cocodataset.org/train2014/COCO_train2014_000000007544.jpg,What flavor cake is that? | Did you put all the candles on it? | What does it say around the cake in letters? | Did you make this? | Whose birthday is it?,coco_fallback
100486,coco,http://images.cocodataset.org/train2014/COCO_train2014_000000100486.jpg,How old is this giraffe? | Was this photo taken at a zoo? | How tall is that giraffe? | How old is the giraffe? | How tall is that giraffe?,coco_fallback
125298,coco,http://images.cocodataset.org/train2014/COCO_train2014_000000125298.jpg,What is inside the luggage? | Is this a fancy set of luggage? | Did you buy this pink luggage? | Whose pink luggage? | Who owns this luggage?,coco_fallback
114202,coco,http://images.cocodataset.org/train2014/COCO_train2014_000000114202.jpg,Do they mind being stared at all day? | Are these giraffes in a zoo? | How tall is that giraffe? | How tall are the giraffes? | How old are the giraffes?,coco_fallback
356938,coco,http://images.cocodataset.org/train2014/COCO_train2014_000000356938.jpg,"Is this town clock located in London, or Dublin? | Where is this clock located at? | What time is it? | How much is the Rolex clock worth? | How much do you think that clock costs?",coco_fallback
397269,coco,http://images.cocodataset.org/train2014/COCO_train2014_000000397269.jpg,How big is that pizza? | Was this pizza home made? | How thick is the crust? | Was this homemade? | Who made that pizza?,coco_fallback
103821,coco,http://images.cocodataset.org/train2014/COCO_train2014_000000103821.jpg,Is the blue thing being sharpened? | What is the person sharpening? | What are you doing? | What are you making? | What is he sharpening?,coco_fallback
150100,coco,http://images.cocodataset.org/train2014/COCO_train2014_000000150100.jpg,Is the man teaching the women how to tie a tie? | Are these two people a couple? | Why is she wearing a tie? | Are you going to wear ties now? | What is their relationship?,coco_fallback
288846,coco,http://images.cocodataset.org/train2014/COCO_train2014_000000288846.jpg,Who designed this teddy bear? | What is around the bear's neck? | Is that bear a collector's item? | Is that stuffed bear really as small as it looks? | Is this for a baby gift?,coco_fallback
429803,coco,http://images.cocodataset.org/train2014/COCO_train2014_000000429803.jpg,Is that elephant full-grown? | Where was the elephant going? | In what country was this picture taken? | How old would the elephant be? | How is he not falling off the elephant?,coco_fallback
266038,coco,http://images.cocodataset.org/train2014/COCO_train2014_000000266038.jpg,Who packed the bag? | Will the cat miss you when you're gone? | How will they get the cat hair off that herringbone fabric? | Is the cat ready to leave? | Is the cat going on the trip too?,coco_fallback
577448,coco,http://images.cocodataset.org/train2014/COCO_train2014_000000577448.jpg,Did you ride it? | What train is that? | Where is this located? | Do the women and the man know each other? | Is this a subway?,coco_fallback
411881,coco,http://images.cocodataset.org/train2014/COCO_train2014_000000411881.jpg,What kind of beverage is that? | Is that hot chocolate? | What drink is that? | What is in the cup? | What was in the mug?,coco_fallback
532617,coco,http://images.cocodataset.org/train2014/COCO_train2014_000000532617.jpg,What are you growing? | What kind of dog is that? | Is that catnip on the bench? | Is that a cat in the plants? | What plants are they growing?,coco_fallback
370511,coco,http://images.cocodataset.org/train2014/COCO_train2014_000000370511.jpg,Where are the kite flyers at? | What city is that in the background? | Are those kites? | Where is this square located at? | Who is flying the kite?,coco_fallback
431731,coco,http://images.cocodataset.org/train2014/COCO_train2014_000000431731.jpg,How many cows do you think there are? | Were the dogs friendly? | Why is there not a fence between the cows and the camera person? | Are those steers? | Are these milk cows or beef cows?,coco_fallback
304777,coco,http://images.cocodataset.org/train2014/COCO_train2014_000000304777.jpg,How old is that computer | Is this typically where you eat breakfast? | What kind of cereal is shown here? | Is that a bowl of vomit? | What's on the laptop screen?,coco_fallback
260175,coco,http://images.cocodataset.org/train2014/COCO_train2014_000000260175.jpg,Are there high speed trains in colors other than purple? | Did you ride the bus? | Is that a high speed train? | Is this train currently letting people board? | Why does that train look so odd?,coco_fallback
567858,coco,http://images.cocodataset.org/train2014/COCO_train2014_000000567858.jpg,Is this in Great Britain? | What year was this taken in? | Are those horses and riders in a parade? | What city is this? | What building are they heading towards?,coco_fallback
373641,coco,http://images.cocodataset.org/train2014/COCO_train2014_000000373641.jpg,What type of elephants are those? | How much does the elephant weigh? | Are the elephants kissing? | Are the elephants talking to each other? | How many babies were in the herd?,coco_fallback
65195,coco,http://images.cocodataset.org/train2014/COCO_train2014_000000065195.jpg,What's the name of this waterway? | How much does the elephant weigh? | Is the elephant a danger for the people? | Was he selling rides? | Is that unusual?,coco_fallback
456438,coco,http://images.cocodataset.org/train2014/COCO_train2014_000000456438.jpg,Does the dog not notice the bird? | Who owns the dog? | Do they all get along? | Does the bird notice the cat? | Does the dog aware there is a bird next to him?,coco_fallback
118777,coco,http://images.cocodataset.org/train2014/COCO_train2014_000000118777.jpg,What kind of plane is that? | Where is this? | Was this an act in an air show? | Was this taken at an air show? | Is that plane in an air show?,coco_fallback
13678,coco,http://images.cocodataset.org/train2014/COCO_train2014_000000013678.jpg,What is the cat's name? | What is the cat's name? | Does he play in your shoes too? | What is the cat's name? | Does the cat like shoes?,coco_fallback
98612,coco,http://images.cocodataset.org/train2014/COCO_train2014_000000098612.jpg,Is this dog looking at something in particular? | Can the dog jump out? | Is the dog looking for fish? | Is the dog excited? | Did the dog go in the water?,coco_fallback
231134,coco,http://images.cocodataset.org/train2014/COCO_train2014_000000231134.jpg,What mountain are they on? | How long did he ski? | How fast is she skiing? | Would you ski down a slope like this? | Where is he skiing at?,coco_fallback
405057,coco,http://images.cocodataset.org/train2014/COCO_train2014_000000405057.jpg,Why are they so serious about frisbee? | What game are they playing? | Who is the lady catching the frisbee? | What are they playing? | What game are they playing?,coco_fallback
116572,coco,http://images.cocodataset.org/train2014/COCO_train2014_000000116572.jpg,What is in this sandwich? | Where did you buy it? | Is that mustard near the sandwich? | Why is the mustard just plopped there? | Did someone bite this sandwich?,coco_fallback
6765,coco,http://images.cocodataset.org/train2014/COCO_train2014_000000006765.jpg,Is this an old train? | What kind of train is that? | Are those train cars still used? | What is the train's destination? | Where is this?,coco_fallback
173365,coco,http://images.cocodataset.org/train2014/COCO_train2014_000000173365.jpg,Is that cat a male? | Do you think that cat is playing the piano? | Does she play well? | What is the cat's name? | Why is the cat on the keyboard?,coco_fallback
23815,coco,http://images.cocodataset.org/train2014/COCO_train2014_000000023815.jpg,What is the cat's name? | What kind of cat is it? | Is this cat drinking from the toilet? | Does this cat know to flush after using the toilet? | What's the cat's name?,coco_fallback
84815,coco,http://images.cocodataset.org/train2014/COCO_train2014_000000084815.jpg,Where was this tray served? | Is that a bowl of butter? | How much did this meal cost? | What is the yellow stuff in the bowl? | What is that yellow stuff in the bowl?,coco_fallback
409909,coco,http://images.cocodataset.org/train2014/COCO_train2014_000000409909.jpg,Is the giraffe tired? | Do they ever lay their necks flat to rest? | How tall is that giraffe? | why is that giraffe wrinkled | Do giraffes enjoy the sun?,coco_fallback
318184,coco,http://images.cocodataset.org/train2014/COCO_train2014_000000318184.jpg,Where is she taking that horse? | Does that woman own that horse? | Why isn't she riding the horse? | Do you think she actually rides that horse? | How does she have a horse?,coco_fallback
19766,coco,http://images.cocodataset.org/train2014/COCO_train2014_000000019766.jpg,Is he going to make this jump? | What kind of board is he riding? | Which river is in the background? | Where is this? | What is the name of the large building in the background?,coco_fallback
213344,coco,http://images.cocodataset.org/train2014/COCO_train2014_000000213344.jpg,What's the occasion? | What was the special occasion? | What is the cake for? | Whose birthday is it? | What is a wandering club?,coco_fallback
553753,coco,http://images.cocodataset.org/train2014/COCO_train2014_000000553753.jpg,Have you ever been on a subway train? | Are there any people on this train station? | Did you ride the train? | Is the train on the right in use? | Is the train leaving or arriving?,coco_fallback
279883,coco,http://images.cocodataset.org/train2014/COCO_train2014_000000279883.jpg,Do you have as many stickers as they do? | What are they sitting so close together? | Are these two men at work? | Could there be more stickers on his computer? | WHERE WAS THAT AT?,coco_fallback
308110,coco,http://images.cocodataset.org/train2014/COCO_train2014_000000308110.jpg,How old is that train? | What is the train's next stop? | Where is the train going? | Where is the train going? | What kind of train is in the middle?,coco_fallback
82721,coco,http://images.cocodataset.org/train2014/COCO_train2014_000000082721.jpg,Why is that toilet so close to the shower? | Whose bathroom is that? | What type of wood is that door? | How old is the tile on the wall? | Did you recently remodel the bathroom?,coco_fallback
260400,coco,http://images.cocodataset.org/train2014/COCO_train2014_000000260400.jpg,Did those zebras survive? | How close did you get to the zebras? | Where are the two zebras going? | Did any come up to you? | Where in Africa was this taken?,coco_fallback
566099,coco,http://images.cocodataset.org/train2014/COCO_train2014_000000566099.jpg,Did he eat that entire pizza? | What kind of pie is that? | How big is that pizza? | Is that a pizza? | Where is this?,coco_fallback
56845,coco,http://images.cocodataset.org/train2014/COCO_train2014_000000056845.jpg,Which team won? | Who is winning this game of frisbee? | What game are they playing? | Does that guy know he has no chance at catching this frisbee? | What game is this?,coco_fallback
448662,coco,http://images.cocodataset.org/train2014/COCO_train2014_000000448662.jpg,What food is on that sandwich? | What kind of sandwich is that? | What toppings are on the sandwich? | Was this a good sandwich? | What would you call that sandwich?,coco_fallback
57242,coco,http://images.cocodataset.org/train2014/COCO_train2014_000000057242.jpg,Who sews and eats pizza at the same time? | Which restaurant was the pizza ordered from? | What is being sewn? | Where si the pizza from? | What toppings are at this pizza?,coco_fallback
54425,coco,http://images.cocodataset.org/train2014/COCO_train2014_000000054425.jpg,Was he trying to be sexy? | What is the girl looking at? | Is he pretending to be a monkey? | What is this man's name? | Why is that guy eating his banana so weirdly?,coco_fallback
141263,coco,http://images.cocodataset.org/train2014/COCO_train2014_000000141263.jpg,Why are there two keyboard? | What kind of computer is that? | How many phones are on the desk? | Why is the laptop on that thing? | Is the keyboard connected to the laptop?,coco_fallback
545440,coco,http://images.cocodataset.org/train2014/COCO_train2014_000000545440.jpg,Which screwdriver did you use the most? | Who's bathroom is this? | What brand is that drill in the mirror? | Was this a new installation? | What did you fix?,coco_fallback
265134,coco,http://images.cocodataset.org/train2014/COCO_train2014_000000265134.jpg,How big is that elephant? | How much does this elephant weigh? | Is this a baby elephant? | What kind of elephant is this? | How much does this elephant weigh?,coco_fallback
397461,coco,http://images.cocodataset.org/train2014/COCO_train2014_000000397461.jpg,Why do the cows sleep in the road? | Is this normal for this street? | Did the interrupt traffic? | Why are cows in the middle of the road? | What language is on the signs?,coco_fallback
414046,coco,http://images.cocodataset.org/train2014/COCO_train2014_000000414046.jpg,Is she scratching the cow's head? | What is this cow being raised for? | What breed is this cow? | Is she pulling the cow inside? | How many cows did they have?,coco_fallback
82894,coco,http://images.cocodataset.org/train2014/COCO_train2014_000000082894.jpg,What kind of meat is shown in the picture? | What kind of dish in front? | Is the drink made of alcohol? | Are they having brunch? | Did the food taste as good as it looks?,coco_fallback
399939,coco,http://images.cocodataset.org/train2014/COCO_train2014_000000399939.jpg,Is that woman herding the cattle? | Why is the man staring at the cows? | Are these cows grazing? | When was this photo taken? | How many cows are in the picture?,coco_fallback
494398,coco,http://images.cocodataset.org/train2014/COCO_train2014_000000494398.jpg,How old is that bear? | Did the bear see you? | Is this a baby bear? | What is he looking at? | Is that a black bear?,coco_fallback
88270,coco,http://images.cocodataset.org/train2014/COCO_train2014_000000088270.jpg,What brand are those sunglasses? | Does he work as a model? | Is it sunny enough for sunglasses? | Is this a photo shoot? | Is that man on a dock?,coco_fallback
173610,coco,http://images.cocodataset.org/train2014/COCO_train2014_000000173610.jpg,What kind of bird is this? | What types of birds are these? | Have you ever seen so many cormorants? | How many birds are on the pole? | What are the white birds called?,coco_fallback
199029,coco,http://images.cocodataset.org/train2014/COCO_train2014_000000199029.jpg,What is on that red sign? | What street was this shot taken from in San Francisco? | Are all street signs in Italy pictorial? | What is that tower in the background? | What does the red sign mean?,coco_fallback
366349,coco,http://images.cocodataset.org/train2014/COCO_train2014_000000366349.jpg,Who set the teddy bear up? | Why is the book on the teddy bear? | Is Drupal your preferred system for building web pages? | What is the bear holding? | What is the bear wearing?,coco_fallback
358081,coco,http://images.cocodataset.org/train2014/COCO_train2014_000000358081.jpg,Why is the fire hydrant surrounded by bricks? | Where is this? | What is special about this hydrant? | Why is the fire hydrant space so nicely decorated? | Why does this look like a fire hydrant shrine?,coco_fallback
23929,coco,http://images.cocodataset.org/train2014/COCO_train2014_000000023929.jpg,How old is that clock tower? | Is that clock in London? | Is that Big Ben? | What is the name of that tower? | Can you read roman numerals?,coco_fallback
114718,coco,http://images.cocodataset.org/train2014/COCO_train2014_000000114718.jpg,Why is one man wearing military attire? | What breed of horse is that? | Is the cow being released into the wild or a farm? | What animal is this? | Are they releasing the cow?,coco_fallback
227487,coco,http://images.cocodataset.org/train2014/COCO_train2014_000000227487.jpg,What kind of cake is she eating? | How old is that little girl? | What kind of cake is that? | What kind of cake is that? | How old is she?,coco_fallback
165253,coco,http://images.cocodataset.org/train2014/COCO_train2014_000000165253.jpg,Is this vehicle unique? | Did this truck sell icecream? | What kind of food truck is that? | Is the truck new? | What were they selling?,coco_fallback
412868,coco,http://images.cocodataset.org/train2014/COCO_train2014_000000412868.jpg,Is this display at the Museum of Natural History? | Is that a museum? | Would a rhinoceros be that close to a giraffe in the wild? | How tall is the giraffe? | What museum was this?,coco_fallback
219303,coco,http://images.cocodataset.org/train2014/COCO_train2014_000000219303.jpg,Do you fly much? | Is the plane arriving or departing? | Is the plane taking off? | What type of plane is this? | Where is the plane doing?,coco_fallback
191230,coco,http://images.cocodataset.org/train2014/COCO_train2014_000000191230.jpg,Do you think that building has residential tenants? | Are any of the windows broken in that building? | Where is this? | Are there any people on this street? | Is that an apartment building?,coco_fallback
121977,coco,http://images.cocodataset.org/train2014/COCO_train2014_000000121977.jpg,Whose flower is this? | What kind of flower is in this vase? | Is that a natural flower? | What kind of flowers are in the vase? | What kind of flower is this?,coco_fallback
81387,coco,http://images.cocodataset.org/train2014/COCO_train2014_000000081387.jpg,When did you get married? | What are their names? | What type of cake are they cutting? | Is it there wedding? | Will this couple be happy ten years from now?,coco_fallback
376320,coco,http://images.cocodataset.org/train2014/COCO_train2014_000000376320.jpg,Did someone hit the fire hydrant? | Did a car hit the fire hydrant? | Why is water coming from the ground? | What city is that in? | What is the emergency shown in this scene?,coco_fallback
196917,coco,http://images.cocodataset.org/train2014/COCO_train2014_000000196917.jpg,How many people are on the tour? | Where is this? | Where is this tour located? | Is the giraffe watching the vehicle? | Does the giraffe even pay attention to those people?,coco_fallback
63077,coco,http://images.cocodataset.org/train2014/COCO_train2014_000000063077.jpg,Is that a boy or girl doing a flip? | Did you try the ski jump? | What ski resort is this picture taken from? | How long do you think it took to master that? | What ski resort were you guys skiing at?,coco_fallback
294138,coco,http://images.cocodataset.org/train2014/COCO_train2014_000000294138.jpg,Is that a babe elephant? | How old is that elephant? | How old is that elephant? | How old was the little elephant? | Were there other animals there?,coco_fallback
222688,coco,http://images.cocodataset.org/train2014/COCO_train2014_000000222688.jpg,Is that one bite of pie? | How did it taste? | What kind of pie is that? | Do you enjoy lemon flavored desserts? | What kind of pie is that?,coco_fallback
46211,coco,http://images.cocodataset.org/train2014/COCO_train2014_000000046211.jpg,Is anyone afraid of that bear? | Is the bear looking for food? | Is the owner in the car? | Were you scared of the bear? | Did the bear get in the car?,coco_fallback
448069,coco,http://images.cocodataset.org/train2014/COCO_train2014_000000448069.jpg,Shouldn't she be using a napkin? | How long is that hot dog? | Did you get this sausage at a food festival? | Why is that hot dog so red? | Where was this hot dog ordered?,coco_fallback
20711,coco,http://images.cocodataset.org/train2014/COCO_train2014_000000020711.jpg,How steep was it really? | How often do you go skiing? | Could that bright sun melt the snow to quickly? | How fast is he skiing? | What mountain is this?,coco_fallback
7838,coco,http://images.cocodataset.org/train2014/COCO_train2014_000000007838.jpg,Is it sunny in this park? | Where is this? | Did you climb that tree? | What is the name of this park? | Are they sitting in the park?,coco_fallback
438485,coco,http://images.cocodataset.org/train2014/COCO_train2014_000000438485.jpg,What city was this taken in? | Do you always take your teddy bear for walks? | Do you take this bear everywhere? | What kind of hat is the stuffed animal wearing? | Why is the bear wearing a hat?,coco_fallback
173579,coco,http://images.cocodataset.org/train2014/COCO_train2014_000000173579.jpg,Why is the hydrant spewing? | Why is water bursting out like that? | Are the two people in front trying to fix the flooding? | How did the hydrant break? | Did someone open the fire hydrant intentionally?,coco_fallback
187897,coco,http://images.cocodataset.org/train2014/COCO_train2014_000000187897.jpg,How much did the sushi cost? | What type of sushi is on the plate | What types of foods are these? | What kind of sushi is that? | How many people would eat this meal?,coco_fallback
185652,coco,http://images.cocodataset.org/train2014/COCO_train2014_000000185652.jpg,Where is this train? | How old is this photo? | What station is the train leaving from? | What year model is that train? | How old is this picture?,coco_fallback
296613,coco,http://images.cocodataset.org/train2014/COCO_train2014_000000296613.jpg,What is the occasion for cake? | What kind of cake is that? | What flavor is this cake? | Whose party? | What flavor cake is this?,coco_fallback
444014,coco,http://images.cocodataset.org/train2014/COCO_train2014_000000444014.jpg,What beach is this? | Which beach are these surfers enjoying? | Where will they be surfing? | What beach is that? | What city is this beach in?,coco_fallback
308936,coco,http://images.cocodataset.org/train2014/COCO_train2014_000000308936.jpg,What type of instrument is that? | What instrument is being played? | Is this a professional musician? | What song do you think he's playing? | How long have you played the cello?,coco_fallback
16359,coco,http://images.cocodataset.org/train2014/COCO_train2014_000000016359.jpg,How old is she? | Did she finish the pizza??? | Is this a wholesale store? | How big is tat slice of pizza? | Where is she eating the pizza at?,coco_fallback
308277,coco,http://images.cocodataset.org/train2014/COCO_train2014_000000308277.jpg,What ocean is that? | What beach is this? | How old are these kids? | Why are all those people wearing the same kind of shirt? | Have you ever taken surfing lessons?,coco_fallback
85446,coco,http://images.cocodataset.org/train2014/COCO_train2014_000000085446.jpg,Is that a dog? | Whose pet it that? | How old is the dog? | What type of dog is that? | How long has that dog been lying there on the sofa?,coco_fallback
152857,coco,http://images.cocodataset.org/train2014/COCO_train2014_000000152857.jpg,Is this elephant herd wild? | What country are the elephants in? | What other types of animals visit the waterhole? | Are the elephants on their way to some place? | What country is that in?,coco_fallback
130122,coco,http://images.cocodataset.org/train2014/COCO_train2014_000000130122.jpg,Who is playing tennis? | What is the score of the match? | Who is that playing tennis? | Is he returning the tennis ball? | Who is that tennis player?,coco_fallback
61819,coco,http://images.cocodataset.org/train2014/COCO_train2014_000000061819.jpg,Did you get to see inside? | Why is this plane bedecked in ribbons? | Is the jet tied down? | What are those red tags hanging from the jet? | What kind of plane was that?,coco_fallback
341663,coco,http://images.cocodataset.org/train2014/COCO_train2014_000000341663.jpg,What is he watching? | What kind of remote is that? | Does that control everything? | What show are they watching? | Does the remote allow you to play games with it on TV?,coco_fallback
430260,coco,http://images.cocodataset.org/train2014/COCO_train2014_000000430260.jpg,"Do you know anyone that lives at 700 Jones? | Is 700 Jones the address? | The pretty purple flowers, what kind are they? | What is Zoo Jones? | Where is this?",coco_fallback
501381,coco,http://images.cocodataset.org/train2014/COCO_train2014_000000501381.jpg,Is this an indoor skate park? | Where is this skate park located? | Is this an indoor skate park? | What are the blue squares? | What kind of skate trick is he doing?,coco_fallback
166674,coco,http://images.cocodataset.org/train2014/COCO_train2014_000000166674.jpg,What beach is he surfing at/ | Is he near the ocean? | What beach is this? | How many years has this person been surfing? | Were the waves big that day?,coco_fallback
386603,coco,http://images.cocodataset.org/train2014/COCO_train2014_000000386603.jpg,Is that tofu on that hot dog? | Wat restaurant is this? | Was the food any good? | Is this healthy food? | What's on top of those hot dogs?,coco_fallback
56065,coco,http://images.cocodataset.org/train2014/COCO_train2014_000000056065.jpg,Were you flying somewhere? | Do you fly much? | Is this plane preparing to take off? | How busy was the terminal? | Is the plane arriving or departing?,coco_fallback
220463,coco,http://images.cocodataset.org/train2014/COCO_train2014_000000220463.jpg,Who is that eating the hotdog? | What is her name? | Did she wash that hot dog down with a beer? | Is she eating a hot dog? | What kind of hot dog is she eating?,coco_fallback
139214,coco,http://images.cocodataset.org/train2014/COCO_train2014_000000139214.jpg,What is the skyscraper in the background? | What city was this taken in? | Do the clouds always look so low? | Can you see the top of the skyscrapers? | In what city is this street?,coco_fallback
199152,coco,http://images.cocodataset.org/train2014/COCO_train2014_000000199152.jpg,Is this a surf competition? | What beach is this? | Is he in a surfing competition? | Did this guy lose a competition? | Why are so many watching?,coco_fallback
488060,coco,http://images.cocodataset.org/train2014/COCO_train2014_000000488060.jpg,What is the tubs for? | Is this a bathroom? | Where is the toilet? | What is that blue obkect below the green and white brush? | What's in the bucket?,coco_fallback
359917,coco,http://images.cocodataset.org/train2014/COCO_train2014_000000359917.jpg,What kind of bird is shown? | What kind of bird is that? | How would you describe the color of this bird's feathers? | What kind of bird is that? | What breed of bird is that?,coco_fallback
58046,coco,http://images.cocodataset.org/train2014/COCO_train2014_000000058046.jpg,Are these sheeps mainly used for their wool? | Are these wild sheep? | What breed are they? | How did you get there? | How many sheep do you have?,coco_fallback
426939,coco,http://images.cocodataset.org/train2014/COCO_train2014_000000426939.jpg,Will this plane take off? | Do you know the name of this jet? | What is that plane used for? | Was this plane in Finland or somewhere else? | How old is this airplane?,coco_fallback
428518,coco,http://images.cocodataset.org/train2014/COCO_train2014_000000428518.jpg,Do either of them catch the frisbee? | What game is this? | Who caught the frisbee? | Are they playing frisbee football? | What are they playing?,coco_fallback
518472,coco,http://images.cocodataset.org/train2014/COCO_train2014_000000518472.jpg,Why are you wearing bananas? | Where do you buy costumes like that? | Why are the people wearing banana costumes? | Why are they wearing banana suits? | What's with the banana heads?,coco_fallback
265566,coco,http://images.cocodataset.org/train2014/COCO_train2014_000000265566.jpg,How many people are staying in this room? | Where are they going? | What are bags for? | Who made the mess? | Is that a hotel room?,coco_fallback
57339,coco,http://images.cocodataset.org/train2014/COCO_train2014_000000057339.jpg,When was this photo taken? | How much does the elephant weigh? | Are the elephants related? | How old are those elephants? | Are the elephants in a zoo?,coco_fallback
45325,coco,http://images.cocodataset.org/train2014/COCO_train2014_000000045325.jpg,What are on the bottom row? | What type of cake is the white one? | What did you buy? | What are the cakes on the bottom? | What is the name of this bakery?,coco_fallback
146591,coco,http://images.cocodataset.org/train2014/COCO_train2014_000000146591.jpg,What is that a statue of? | Are those flowers from your garden? | What types of flowers are in the vase? | Who made that statue? | What does the plaque say?,coco_fallback
237663,coco,http://images.cocodataset.org/train2014/COCO_train2014_000000237663.jpg,Is that building a church? | What time is on the clock? | Can you go up in the top of the clock tower? | Where is this? | Is that a church?,coco_fallback
509620,coco,http://images.cocodataset.org/train2014/COCO_train2014_000000509620.jpg,How many people can fit in that bus? | Where is the bus going? | Does that bus go past the Tower of London? | How much does it cost to take the bus? | Are passengers entering this bus?,coco_fallback
17171,coco,http://images.cocodataset.org/train2014/COCO_train2014_000000017171.jpg,Does the dog chew on the frisbee? | Is the dog chewing on the frisbee? | Is he good at Frisbee yet? | Does the dog love playing frisbee? | Is that a puppy?,coco_fallback
308253,coco,http://images.cocodataset.org/train2014/COCO_train2014_000000308253.jpg,Is this train really from Alaska? | Does that train only travel in Alaska? | Will this train take you to Alaska? | What kind of train is that? | Is the train really from Alaska?,coco_fallback
506545,coco,http://images.cocodataset.org/train2014/COCO_train2014_000000506545.jpg,How cold was it? | Where is the cab going? | Why is it smoky? | Why is the ground steaming? | Does steam always come out of the manhole covers around here?,coco_fallback
134955,coco,http://images.cocodataset.org/train2014/COCO_train2014_000000134955.jpg,What are they being congratulated for? | Was this desert made for two people? | What are they celebrating? | Congratulations for what? | What is the celebration dessert for?,coco_fallback
180079,coco,http://images.cocodataset.org/train2014/COCO_train2014_000000180079.jpg,How tall is that building? | What building was this picture taken inside of? | What country is this clock tower in? | Do you ever imagine what goes on behind the walls of that clock-tower? | What is the name of that tower?,coco_fallback
314194,coco,http://images.cocodataset.org/train2014/COCO_train2014_000000314194.jpg,Is that bike an antique? | Is that motorcycle for sale? | Is the motorcycle functional? | Is this motorcycle for display only? | How much is this bike worth?,coco_fallback
186254,coco,http://images.cocodataset.org/train2014/COCO_train2014_000000186254.jpg,What is the skiers name? | What mountain is this? | Is this man going very fast? | How fast is he going? | Is he competing in a race?,coco_fallback
459184,coco,http://images.cocodataset.org/train2014/COCO_train2014_000000459184.jpg,Who is she talking to? | Did you stop in to talk to him? | Who is he talking to on the phone? | Who is he talking to? | What store was this?,coco_fallback
451196,coco,http://images.cocodataset.org/train2014/COCO_train2014_000000451196.jpg,What's the horse's name? | why isn't anyone riding this horse? | Where is the rider? | Is that a donkey or a horse? | WERE THERE OTHER HORSES?,coco_fallback
392657,coco,http://images.cocodataset.org/train2014/COCO_train2014_000000392657.jpg,How old is the boy in blue? | How old are those boys? | Are these boys playing a super-hero game? | Are these boys twins? | Are the boys twins?,coco_fallback
391874,coco,http://images.cocodataset.org/train2014/COCO_train2014_000000391874.jpg,How do they build a railroad over water? | What part of the country is this train trekking through? | Where is this waterway located? | What is the freight in this train? | What's the name if the river the train is crossing?,coco_fallback
105344,coco,http://images.cocodataset.org/train2014/COCO_train2014_000000105344.jpg,Are the clocks made to work? | How old is the building? | What would you call that kind of clock structure? | Is that an apartment building? | What time is displayed on the clock?,coco_fallback
334868,coco,http://images.cocodataset.org/train2014/COCO_train2014_000000334868.jpg,What airport is this? | What model plane is it? | How did you get so close? | Did the plane just arrive? | Is this plane being loaded?,coco_fallback
531662,coco,http://images.cocodataset.org/train2014/COCO_train2014_000000531662.jpg,How long did it take to row there? | Does the water look safe? | How many people usually ride in this boat? | Is this boat ready to enter the water? | Is anyone going to use the boat?,coco_fallback
271949,coco,http://images.cocodataset.org/train2014/COCO_train2014_000000271949.jpg,Who is going to be riding in the carriage? | Who is going to ride in the carriage? | Did you ride in the Cinderella wagon? | Is the carriage Cinderella themed? | Where did the wagon come from?,coco_fallback
45524,coco,http://images.cocodataset.org/train2014/COCO_train2014_000000045524.jpg,What are they playing? | What game are they playing? | Does this photo remind you of gym class? | Was anyone keeping score? | What game are the people playing?,coco_fallback
45526,coco,http://images.cocodataset.org/train2014/COCO_train2014_000000045526.jpg,What toppings are on that pizza? | Was this pizza homemade? | What are the pizza toppings? | What kind of pizza is that? | What kind of pizza is that?,coco_fallback
192454,coco,http://images.cocodataset.org/train2014/COCO_train2014_000000192454.jpg,How did that taste? | What type of food is displayed? | What type of food is this? | What do you think the purpose of the cake was? | What kind of food is that?,coco_fallback
231902,coco,http://images.cocodataset.org/train2014/COCO_train2014_000000231902.jpg,What airport is this? | Did it rain at the airport that day? | Is the plane getting ready to take off? | Which airport is this? | Is this the same RBS as the banking company?,coco_fallback
538977,coco,http://images.cocodataset.org/train2014/COCO_train2014_000000538977.jpg,When did you go skiing? | Why are they carrying their skis? | Where are they going skiing? | Are they going to ski? | How far is the top of the slope?,coco_fallback
48442,coco,http://images.cocodataset.org/train2014/COCO_train2014_000000048442.jpg,What are these boys playing? | How won the game? | What game are they playing? | What's the score in the game? | What sport are they playing?,coco_fallback
226011,coco,http://images.cocodataset.org/train2014/COCO_train2014_000000226011.jpg,What is the zebra looking at? | Was it very hot? | Is the Zebra all alone? | What country was this taken in? | Where was this taken?,coco_fallback
104814,coco,http://images.cocodataset.org/train2014/COCO_train2014_000000104814.jpg,Is this a working refridgerator? | Do you need a new one? | Why is that refrigerator so dirty? | Why is the fridge so dirty? | What is that?,coco_fallback
211586,coco,http://images.cocodataset.org/train2014/COCO_train2014_000000211586.jpg,Is that couch in an RV? | Where is this room? | Does the sofa make into a bed? | Is this the inside of an RV? | Was the sleeping couch comfortable?,coco_fallback
329368,coco,http://images.cocodataset.org/train2014/COCO_train2014_000000329368.jpg,Is the bathroom mat the cat's favorite spot? | Is he sick? | What's the cat's name? | What is the cat's name? | Why is the cat sleeping in the bathroom?,coco_fallback
285810,coco,http://images.cocodataset.org/train2014/COCO_train2014_000000285810.jpg,Who is he talking to? | Can you identify this street? | Why black and wihite? | What sign is visible in the picture? | What street is that?,coco_fallback
235792,coco,http://images.cocodataset.org/train2014/COCO_train2014_000000235792.jpg,Is this in a restaurant? | Do you like those kind of pans? | What is the chef cooking? | What dish is being prepared? | How many burners does the stove have?,coco_fallback
33732,coco,http://images.cocodataset.org/train2014/COCO_train2014_000000033732.jpg,Do the horses always roam around the cars like that? | Why would someone park a Porsche near horses? | Why are there a bunch of horses by your car? | Is that a wild horse? | Do you believe the horse or the car has more horsepower?,coco_fallback
294049,coco,http://images.cocodataset.org/train2014/COCO_train2014_000000294049.jpg,Does the color on that umbrella help reflect the sun better? | How long did you fly it? | Was it hard to get the kite so high? | Where is he? | What was the point of this picture?,coco_fallback
164680,coco,http://images.cocodataset.org/train2014/COCO_train2014_000000164680.jpg,What are the relationships among these people? | Were the hot dogs good? | Were the hot dogs good? | Did they buy the hot dogs from that stand? | How old is the boy?,coco_fallback
152277,coco,http://images.cocodataset.org/train2014/COCO_train2014_000000152277.jpg,How many times each day are the clock hands aligned straight like that? | Are we going to be late for the play? | Where is this clock? | Do you think that sounds this clock makes are loud? | How old is that clock?,coco_fallback
252952,coco,http://images.cocodataset.org/train2014/COCO_train2014_000000252952.jpg,What restaurant is that? | Are these people waiting for service? | Are they at a restaurant? | What country does this shot take place in? | Were they having alcoholic beverages?,coco_fallback
182147,coco,http://images.cocodataset.org/train2014/COCO_train2014_000000182147.jpg,What are these boats used for? | What are these boats used for? | What beach is this? | why are these boats on mud and not in water | What kind of boats are those?,coco_fallback
329563,coco,http://images.cocodataset.org/train2014/COCO_train2014_000000329563.jpg,What's the score in that game? | Who is batting? | What's the count? | What two teams were playing baseball? | Are those the dodgers and angels?,coco_fallback
452535,coco,http://images.cocodataset.org/train2014/COCO_train2014_000000452535.jpg,Doesn't that shelf unit block the light from the kitchen? | How big is that room? | Did you build the shelf? | Is that a bookshelf in the middle of the house? | Who decorated the room?,coco_fallback
517362,coco,http://images.cocodataset.org/train2014/COCO_train2014_000000517362.jpg,Does the little girl know how to launch the kite? | How old is that child? | Do these children enjoy flying kites? | Can she get the kite in the air by herself? | How old is the child?,coco_fallback
9771,coco,http://images.cocodataset.org/train2014/COCO_train2014_000000009771.jpg,What ocean is she in? | Where is she surfing? | Why is this girl so hot? | How high are the waves? | What ocean is this?,coco_fallback
14073,coco,http://images.cocodataset.org/train2014/COCO_train2014_000000014073.jpg,What's being built? | Why is the dirt red? | Where is this? | Who is building something? | Is this area under construction?,coco_fallback
62301,coco,http://images.cocodataset.org/train2014/COCO_train2014_000000062301.jpg,What kind of bird is it? | What colour is the bird? | What kind of bird is that? | What kind of bird is that? | What is the bird looking at?,coco_fallback
116006,coco,http://images.cocodataset.org/train2014/COCO_train2014_000000116006.jpg,Is this train stopped? | How fast can that train go? | What kind of train is that? | What model of train is that? | Do the windows rattle when the train goes by?,coco_fallback
172229,coco,http://images.cocodataset.org/train2014/COCO_train2014_000000172229.jpg,What is the one book you'd take on a long vacation? | What is the suitcase for? | Is that all you took? | Where is this person traveling? | Did it all fit once closed?,coco_fallback
247348,coco,http://images.cocodataset.org/train2014/COCO_train2014_000000247348.jpg,Why don't they paint the bathroom? | When was the last time someone cleaned the bathroom? | How small is that bathroom? | Is this a bathroom in a bar? | What did you write on the wall?,coco_fallback
543201,coco,http://images.cocodataset.org/train2014/COCO_train2014_000000543201.jpg,How does she like the rain? | Is the child smelling flowers? | What kind of flowers are in the pot? | How old is she? | What's her name?,coco_fallback
264363,coco,http://images.cocodataset.org/train2014/COCO_train2014_000000264363.jpg,What kind of computer is that to the right of the laptop? | What time of day is it? | What year is that desktop computer from? | What brand of laptop is that? | How old is that desktop compter?,coco_fallback
183171,coco,http://images.cocodataset.org/train2014/COCO_train2014_000000183171.jpg,What brand are those plates? | What kind of pastry is this? | What is on that plate? | How many calories are in that? | Is this food tasty?,coco_fallback
357036,coco,http://images.cocodataset.org/train2014/COCO_train2014_000000357036.jpg,Does the man own the bench? | Do you know how to make one? | Where can I buy this bench table? | Did this man build that bench? | Where can I find that bench?,coco_fallback
521416,coco,http://images.cocodataset.org/train2014/COCO_train2014_000000521416.jpg,What game is he playing? | How old is the woman? | What game is he playing? | Is the woman playing a video game? | What games can he play?,coco_fallback
278638,coco,http://images.cocodataset.org/train2014/COCO_train2014_000000278638.jpg,What type of pizza is that? | What kind of pizz | How did the food pair with the wine? | Is this a type of pizza on the tray? | What type of crust does that pie have?,coco_fallback
134562,coco,http://images.cocodataset.org/train2014/COCO_train2014_000000134562.jpg,Did something startle the birds into flight? | Are the birds migrating? | What time does the clock say? | Are these all pidgeons? | Why might there be so many birds?,coco_fallback
416604,coco,http://images.cocodataset.org/train2014/COCO_train2014_000000416604.jpg,Have you ever canned any food? | Did you can these pickles yourself? | What is the jar for? | What kind of food is in the jar? | What is that?,coco_fallback
99094,coco,http://images.cocodataset.org/train2014/COCO_train2014_000000099094.jpg,Did you take the train often? | Is this train in motion? | Where is this? | What train station is that? | Where is the train going?,coco_fallback
564316,coco,http://images.cocodataset.org/train2014/COCO_train2014_000000564316.jpg,What is the name of the trick he is doing? | Does this guy do any other sports? | What trick is he doing? | Is he in a skate park or just the street? | What kind of skateboard is he on?,coco_fallback
534881,coco,http://images.cocodataset.org/train2014/COCO_train2014_000000534881.jpg,Why is their fur so dirty? | Do you think that's a mama and baby bear? | Is that mom and baby? | Why is the one bear sleeping while the other one is wide awake? | Do polar bears experience emotions like people?,coco_fallback
179511,coco,http://images.cocodataset.org/train2014/COCO_train2014_000000179511.jpg,Is this an apartment or a house? | Why do I feel like the walls of this room are curved? | Is that your new place? | How long has this man lived in his studio apartment? | Are one of the lights in the ceiling out?,coco_fallback
198516,coco,http://images.cocodataset.org/train2014/COCO_train2014_000000198516.jpg,"Is this dog in a front yard, backyard, or park? | What kind of frisbee is that/ | What kind breed is the dog? | What is the dog's name? | Is that a frisbee underneath the dog?",coco_fallback
203822,coco,http://images.cocodataset.org/train2014/COCO_train2014_000000203822.jpg,What is that on the plate? | What kind of food is this? | What kind of food is that? | Is that a bar of soap? | What kind of pastry is that?,coco_fallback
419406,coco,http://images.cocodataset.org/train2014/COCO_train2014_000000419406.jpg,Are there only giraffe present? | Are those giraffes ou in the wild? | Is that giraffe running away? | Were these in the wild? | How fast can giraffes run?,coco_fallback
59151,coco,http://images.cocodataset.org/train2014/COCO_train2014_000000059151.jpg,How tall are giraffes? | Is this giraffe the mother of the one it is licking? | What is the giraffe doing? | Where is this zoo? | Is the giraffe touching the other giraffe?,coco_fallback
528903,coco,http://images.cocodataset.org/train2014/COCO_train2014_000000528903.jpg,What race is this? | Where is the car going? | What race course is this? | What speedway is this? | Is this a test car?,coco_fallback
395591,coco,http://images.cocodataset.org/train2014/COCO_train2014_000000395591.jpg,Where does the water go? | How far was the ride? | What river is that? | What mountain range is this? | Where are they riding to?,coco_fallback
516768,coco,http://images.cocodataset.org/train2014/COCO_train2014_000000516768.jpg,Why is the tag still on? | Do you think that's an expensive luggage? | Do you feel more important owning a designer suitcase? | Is that your new luggage bag? | How much does that luggage cost?,coco_fallback
272706,coco,http://images.cocodataset.org/train2014/COCO_train2014_000000272706.jpg,What is the bear eating? | Is that polar bear really eating a carrot? | Was he fed that by a human? | What is the polar bear trying to eat? | Why is the polar bear eating a carrot?,coco_fallback
447709,coco,http://images.cocodataset.org/train2014/COCO_train2014_000000447709.jpg,What kind of meats are on that pizza? | What kind of pizza is that? | Is that a pizza on the table? | What kind of pizza have they ordered? | What is the yellow topping on this pizza?,coco_fallback
237081,coco,http://images.cocodataset.org/train2014/COCO_train2014_000000237081.jpg,Are those flowers from your garden? | Are these flowers part of an arrangement? | What kind of flowers are those? | What kind of flowers are in the vase? | What types of flowers are there?,coco_fallback
569511,coco,http://images.cocodataset.org/train2014/COCO_train2014_000000569511.jpg,Who is pitching? | How fast can he pitch a ball? | Are you a fan? | Why do pitchers grimace? | Which player is this?,coco_fallback
222361,coco,http://images.cocodataset.org/train2014/COCO_train2014_000000222361.jpg,Why was he dressed up like a cowboy? | Is that John Wayne? | What breed of horse is that? | Did you participate? | Is he supposed to be a cowboy?,coco_fallback
108697,coco,http://images.cocodataset.org/train2014/COCO_train2014_000000108697.jpg,What is the speed limit on that road? | Where is that road? | Where was this taken? | Would being stranded on this road scare you? | Is the road empty?,coco_fallback
392974,coco,http://images.cocodataset.org/train2014/COCO_train2014_000000392974.jpg,What is name of this restaurant? | Is the man on the right taking an order? | What kind of restaurant are they at? | What do you think is on the menu? | What restaurant is that?,coco_fallback
112858,coco,http://images.cocodataset.org/train2014/COCO_train2014_000000112858.jpg,How old is this photo? | What is that boat used for? | Where is this? | Is that a ferry? | Is that your boat?,coco_fallback
456987,coco,http://images.cocodataset.org/train2014/COCO_train2014_000000456987.jpg,Is this your mom? | Do the women live in the mansion? | Are they playing baseball? | Are the girls playing baseball or cricket? | What is the name of this league?,coco_fallback
363917,coco,http://images.cocodataset.org/train2014/COCO_train2014_000000363917.jpg,Are the motorcycles parked correctly? | Why are the motorcycles parked on the sidewalk? | Is this in Nyc? | Is a motorcycle convention happening nearby? | where is this,coco_fallback
303368,coco,http://images.cocodataset.org/train2014/COCO_train2014_000000303368.jpg,When was the last time you cleaned the toilet? | Why is the toilet so dirty? | Have they thought of painting the inside of the toilet too? | How do you let a toilet bowl get that rusty? | Do you need new pipes?,coco_fallback
54324,coco,http://images.cocodataset.org/train2014/COCO_train2014_000000054324.jpg,How much skiing experience does he have? | How does he know where he is in all that snow? | Where is he skiing? | Where is he skiing at? | Do those skis look short to you?,coco_fallback
29751,coco,http://images.cocodataset.org/train2014/COCO_train2014_000000029751.jpg,Is the cat attacking the dog? | What is the cat's name? | Are these animals fighting? | Is the dog always so gentle with the cat? | Does the dog usually get along with the cat?,coco_fallback
299163,coco,http://images.cocodataset.org/train2014/COCO_train2014_000000299163.jpg,Was it hard to get both the cat and the dog to stay still? | Does the dog actually use the toilet? | How many other pets do you have? | Why is the dog sitting on the toilet? | Does the dog want to learn how to use the toilet?,coco_fallback
20044,coco,http://images.cocodataset.org/train2014/COCO_train2014_000000020044.jpg,How long have they been skiing? | where are they skiing | How far did you ski? | Is the man waving at the camera? | What ski resort are these women at?,coco_fallback
553116,coco,http://images.cocodataset.org/train2014/COCO_train2014_000000553116.jpg,Is this baseball game local to your area? | What baseball teams were playing? | What inning is this? | Who is batting? | Which baseball game is this?,coco_fallback
171330,coco,http://images.cocodataset.org/train2014/COCO_train2014_000000171330.jpg,Is it a home made pizza and not frozen? | What were you baking? | What are they making in the oven? | How long until the pizza is done | Is that a pepperoni pizza in the oven?,coco_fallback
388469,coco,http://images.cocodataset.org/train2014/COCO_train2014_000000388469.jpg,Are these toothbrushes? | Which toothbrush is yours? | Why is there a picture of tooth brushes? | Why did they take a picture of a toothbrush? | Whose toothbrushes are these?,coco_fallback
268268,coco,http://images.cocodataset.org/train2014/COCO_train2014_000000268268.jpg,Where is the bus going? | Is the colored bus real? | Who processed this photo? | How fast do those trolley buses go? | What city is this street in?,coco_fallback
149648,coco,http://images.cocodataset.org/train2014/COCO_train2014_000000149648.jpg,What are those animals doing | Are these animals drinking water? | Are those wild animals? | Did it just recently rain? | Are the horses in the wild?,coco_fallback
310878,coco,http://images.cocodataset.org/train2014/COCO_train2014_000000310878.jpg,Are these two people married? | Isn't it too cold to walk outside? | Where are they walking? | What city is this snowy path in? | How much snow did you end up getting?,coco_fallback
176521,coco,http://images.cocodataset.org/train2014/COCO_train2014_000000176521.jpg,Is this a painting? | How did you make this pic? | Is that an orange? | Who sliced the orange? | What city is in the background?,coco_fallback
53897,coco,http://images.cocodataset.org/train2014/COCO_train2014_000000053897.jpg,Was this their first time having broccoli? | How old is the child? | Does she really like broccoli? | How old is the baby? | Do babies like broccoli?,coco_fallback
528631,coco,http://images.cocodataset.org/train2014/COCO_train2014_000000528631.jpg,Is it easy to get to this location? | What time of year is this based on the foliage? | What is the name of the river? | What kind of river is that? | What is the name of this lake?,coco_fallback
238200,coco,http://images.cocodataset.org/train2014/COCO_train2014_000000238200.jpg,How old is the baby? | How old is the child in this photo? | What is the child's name? | How old is the baby? | Does the baby like strawberries?,coco_fallback
34437,coco,http://images.cocodataset.org/train2014/COCO_train2014_000000034437.jpg,What mountain are they on? | Did you compete? | Where is this ski resort located? | Are these professional athletes? | What is the carving cub?,coco_fallback
192929,coco,http://images.cocodataset.org/train2014/COCO_train2014_000000192929.jpg,Is it sunny outside? | What city is this street in? | What are these people on the street for? | Where are so many people there? | Why is such a huge crowd assembled?,coco_fallback
295317,coco,http://images.cocodataset.org/train2014/COCO_train2014_000000295317.jpg,What year was that monitor manufactured? | Why are there two computers? | Why do you have two computers? | What do you think is the biggest difference between the computers? | How old is that monitor?,coco_fallback
342662,coco,http://images.cocodataset.org/train2014/COCO_train2014_000000342662.jpg,How catered the wedding? | When is the honeymoon? | Where is their wedding taking place? | Do you think they are happy? | What kind of cake is that?,coco_fallback
429309,coco,http://images.cocodataset.org/train2014/COCO_train2014_000000429309.jpg,How old is the dog? | What kind of dog is that? | Who's dog is that? | What kind of dog is that? | Is that your office?,coco_fallback
50263,coco,http://images.cocodataset.org/train2014/COCO_train2014_000000050263.jpg,Is the girl catching or throwing the frisbee? | Do you throw it with your wrist or arm? | How old is she? | Is this person an experienced Frisbee player? | What type of blur effect is this?,coco_fallback
548322,coco,http://images.cocodataset.org/train2014/COCO_train2014_000000548322.jpg,Did the big plane run over the little one? | What are those three round shapes on the plane? | Is this a view from a plane window? | Is the plane arriving or departing? | What model plane is this?,coco_fallback
331523,coco,http://images.cocodataset.org/train2014/COCO_train2014_000000331523.jpg,What type of sandwich is that? | What is the lady eating? | What is the woman eating? | Is this woman complaining her bun is way too big for what's inside of it? | Did you complain about the lack of meat to the wait staff?,coco_fallback
119304,coco,http://images.cocodataset.org/train2014/COCO_train2014_000000119304.jpg,Do they take their break there every day? | Who owns those motorcycles? | What police department do these officers belong to? | Why are the cops just waiting around? | Do you think they're asking each other whose turn it is to make a donut run?,coco_fallback
434484,coco,http://images.cocodataset.org/train2014/COCO_train2014_000000434484.jpg,How many motorcycles are there? | How many bikes are parked here? | What would happen if one motorcycle was knocked over? | Are these motorcycles parked properly? | What biker event is this?,coco_fallback
328995,coco,http://images.cocodataset.org/train2014/COCO_train2014_000000328995.jpg,What ingredients are in that food? | Where do they serve food like this? | Are those mussels? | Is this meal celebrating something special? | How was that chicken prepared?,coco_fallback
566886,coco,http://images.cocodataset.org/train2014/COCO_train2014_000000566886.jpg,What is the name of that wine? | Why is he smelling the wine? | Where is the Bergstrom Winery located? | How did it taste? | What kind of wine is he drinking?,coco_fallback
77902,coco,http://images.cocodataset.org/train2014/COCO_train2014_000000077902.jpg,Do signs like this draw your attention or are they easy to ignore? | Is that a sign for a festival? | Do they advertise artwork all over the city? | Where is this event held? | Do you own any Rockwells?,coco_fallback
519783,coco,http://images.cocodataset.org/train2014/COCO_train2014_000000519783.jpg,How does that thing work? | Is that a pot of green tea? | What language is printed on the bottle? | What is the name of this silver container? | Is this a hotel?,coco_fallback
339227,coco,http://images.cocodataset.org/train2014/COCO_train2014_000000339227.jpg,What was he eating? | What species is that animal in the grass? | Is that bear eating? | Where was the bear? | What is the bear holding?,coco_fallback
290560,coco,http://images.cocodataset.org/train2014/COCO_train2014_000000290560.jpg,What are the people celebrating? | Where does the carriage go? | Where is the carriage going? | Does the carriage have wooden wheels? | Did they just get married?,coco_fallback
143528,coco,http://images.cocodataset.org/train2014/COCO_train2014_000000143528.jpg,How busy is that park? | How old is the little boy skateboarding? | Why is there so much grafiti? | Where is this skatepark? | Is this a skating park?,coco_fallback
24371,coco,http://images.cocodataset.org/train2014/COCO_train2014_000000024371.jpg,Was this dish made by a restaurant or made at home? | What kind of food is under that chicken? | What is the cuisine that is being served? | How many calories are in this meal? | Is this meal homemade?,coco_fallback
169499,coco,http://images.cocodataset.org/train2014/COCO_train2014_000000169499.jpg,What country has the type of license plate shown here? | Why are there so many advertisements on the white car? | Is that your truck? | What country are these cars in? | Is the truck breaking?,coco_fallback
487645,coco,http://images.cocodataset.org/train2014/COCO_train2014_000000487645.jpg,How long did it take to get a good shot? | How many people are on this plane? | Where was the plane flying to? | How many airports are in Brussels? | Is this plane landing or taking off?,coco_fallback
432675,coco,http://images.cocodataset.org/train2014/COCO_train2014_000000432675.jpg,Is the bear tired? | Is this bear falling asleep? | Where is this bear located? | How did you get so close? | Was the bear sick?,coco_fallback
157356,coco,http://images.cocodataset.org/train2014/COCO_train2014_000000157356.jpg,Is the girl playing a video game? | What video game is she playing? | Does she play lots of games on the Wii? | What game is she playing? | What is the girl looking at?,coco_fallback
283405,coco,http://images.cocodataset.org/train2014/COCO_train2014_000000283405.jpg,How much weight have you lost? | When is she due? | Why is she holding a banana? | How far along is this pregnant woman? | When is your friend due?,coco_fallback
399585,coco,http://images.cocodataset.org/train2014/COCO_train2014_000000399585.jpg,Do you like fresh flowers? | Who sent the flowers? | What are the flowers for? | What occasion are the flowers celebrating? | What kind of flowers are those?,coco_fallback
229058,coco,http://images.cocodataset.org/train2014/COCO_train2014_000000229058.jpg,Where is this resort located? | Are there any people on the sand? | Where is that beach at? | Where is this? | What beach is this?,coco_fallback
30355,coco,http://images.cocodataset.org/train2014/COCO_train2014_000000030355.jpg,Where do you think that train car is going? | Is that mirror convex or concave? | Where is that train going? | What type of mirror is this? | Did you use any filters?,coco_fallback
238843,coco,http://images.cocodataset.org/train2014/COCO_train2014_000000238843.jpg,What are those giraffe eating? | What is standing behind the giraffes? | Whats the giraffe eating? | Did you get to put food int he trough for the giraffes? | Why are giraffes and deer in the same exhibit?,coco_fallback
385749,coco,http://images.cocodataset.org/train2014/COCO_train2014_000000385749.jpg,Does she pet the cows? | Why are all these cows laying down? | Where is this? | Does this woman own the farm? | How is she so close to the cows?,coco_fallback
508065,coco,http://images.cocodataset.org/train2014/COCO_train2014_000000508065.jpg,Is the boat rescuing someone? | Is that a person in the water on the left? | Were they fishing? | How much does this type of water craft cost? | What kind of boat is that?,coco_fallback
47643,coco,http://images.cocodataset.org/train2014/COCO_train2014_000000047643.jpg,How long did it take to get down the mountain? | Is he a rescuer? | How cold did that feel? | What resort is he skiing at? | Which mountain range is this person skiing on?,coco_fallback
136542,coco,http://images.cocodataset.org/train2014/COCO_train2014_000000136542.jpg,Where are the elephants going? | Where are these elephants going? | How much does that elephant weigh? | How long do elephant babies stay with their mamas? | Where might these elephants be going?,coco_fallback
259514,coco,http://images.cocodataset.org/train2014/COCO_train2014_000000259514.jpg,What are they doing on the laptops? | Is the woman with glasses studying? | What are they working on? | Are they at a library? | How old is the woman wearing glasses?,coco_fallback
88538,coco,http://images.cocodataset.org/train2014/COCO_train2014_000000088538.jpg,Is the kitchen new? | Did you remodel? | What is that umbrella on the right of the kitchen? | Do you love that refrigerator? | Is lighting for photography really that important?,coco_fallback
228677,coco,http://images.cocodataset.org/train2014/COCO_train2014_000000228677.jpg,What teams are playing? | Did he strike the batter out? | What's the score in the game? | Does he make the throw? | Who is pitching?,coco_fallback
511786,coco,http://images.cocodataset.org/train2014/COCO_train2014_000000511786.jpg,What's the score in the game? | How often do you go to games? | Which team is going to win? | What is the score of the baseball game? | Was this taken at a professional baseball game?,coco_fallback
393686,coco,http://images.cocodataset.org/train2014/COCO_train2014_000000393686.jpg,How old is the brown cow? | What is on the cow's face? | Is that cow smelling a flower? | What is the cow sniffing? | Does this cow have a name?,coco_fallback
147710,coco,http://images.cocodataset.org/train2014/COCO_train2014_000000147710.jpg,Can you imagine carrying that kid around all through the airport? | Where is this family going? | Why is that kid riding on that luggage? | Why is the boy holding onto the backpack like that? | Is the child riding on the luggage?,coco_fallback
369777,coco,http://images.cocodataset.org/train2014/COCO_train2014_000000369777.jpg,Is your friend asleep? | How cold did it get? | Is this a tent out in the wild? | What are they doing in this tent? | Do they live here?,coco_fallback
330329,coco,http://images.cocodataset.org/train2014/COCO_train2014_000000330329.jpg,Is that a toilet in a museum? | Is this some type of museum display? | This was a museum? | Where did you find a toilet on display like this? | What did the panel say about this piece of art?,coco_fallback
516233,coco,http://images.cocodataset.org/train2014/COCO_train2014_000000516233.jpg,Who left the suitcase there? | Did you write that? | Is this a quote from a book? | Who is quoted as saying this? | What was the suitcase for?,coco_fallback
159403,coco,http://images.cocodataset.org/train2014/COCO_train2014_000000159403.jpg,Is that a lego bus? | Who built the lego bus? | Is that built from LEGOs? | Who made that lego looking car? | Is this a lego vehicle?,coco_fallback
27718,coco,http://images.cocodataset.org/train2014/COCO_train2014_000000027718.jpg,Does the cat always sleep on the table? | What is the cat' | Why is the table so messy? | What is the cat's name? | How old is the cat?,coco_fallback
542642,coco,http://images.cocodataset.org/train2014/COCO_train2014_000000542642.jpg,How was the pizza? | Is that a personal size pizza? | What is on the pizza? | Did you eat it all? | Does that taste good?,coco_fallback
91234,coco,http://images.cocodataset.org/train2014/COCO_train2014_000000091234.jpg,Is there a car under that really tall pile of snow? | Was the ground still click after being plowed and salted? | Is your car the one covered in snow? | How will that car get out of the snow? | Why is there an abandoned suitcase on the parking lot?,coco_fallback
266827,coco,http://images.cocodataset.org/train2014/COCO_train2014_000000266827.jpg,Whose bike was that? | What type of motorcycle is this? | Is that a new bike? | What kind of motorcycle is that? | What type of motorcycle is this?,coco_fallback
219474,coco,http://images.cocodataset.org/train2014/COCO_train2014_000000219474.jpg,What kind of cat is it? | Is she playful? | What breed of cat is that? | What breed of cat would that be? | How old is the kitten?,coco_fallback
151170,coco,http://images.cocodataset.org/train2014/COCO_train2014_000000151170.jpg,Is that computer brand new? | Whose computer is this? | Does the owner like this computer? | How do you like that mouse? | Is wireless really better?,coco_fallback
161156,coco,http://images.cocodataset.org/train2014/COCO_train2014_000000161156.jpg,Did you pick any oranges? | How long does it take for the oranges to grow? | How many oranges are grown there? | How do these fruits taste when they are ripe? | What kind of fruit trees are they?,coco_fallback
219674,coco,http://images.cocodataset.org/train2014/COCO_train2014_000000219674.jpg,What's the score in the game? | Did she win the tennis match? | How high should you toss the ball when serving? | Who is she playing against? | How many years has she been playing tennis?,coco_fallback
268310,coco,http://images.cocodataset.org/train2014/COCO_train2014_000000268310.jpg,What city is this building located in? | What building is this? | How old is this building? | Can you get to the top of the tower? | What church is this?,coco_fallback
115296,coco,http://images.cocodataset.org/train2014/COCO_train2014_000000115296.jpg,What is the player's name? | Did he end up winning that match? | Who is he playing against? | What is the score of the match? | Did this man make the swing?,coco_fallback
207231,coco,http://images.cocodataset.org/train2014/COCO_train2014_000000207231.jpg,Does this place sell vegetables? | Were you selling anything? | How many foods are sold here? | How often does this shop open up? | What kind of baked goods are being sold?,coco_fallback
111972,coco,http://images.cocodataset.org/train2014/COCO_train2014_000000111972.jpg,Who is playing tennis? | What was the final score in this match? | What's the score in the tennis game? | Who is the woman about to hit the tennis ball? | Is the stadium packed?,coco_fallback
207234,coco,http://images.cocodataset.org/train2014/COCO_train2014_000000207234.jpg,Was this taken at a restaurant? | Is that some type of cobbler? | What kind of dessert is that? | What kind of dessert is that? | How do you make fruit crumble?,coco_fallback
529238,coco,http://images.cocodataset.org/train2014/COCO_train2014_000000529238.jpg,Is that a tub in the shower? | How big is this bathroom? | How clean is the floor? | Whose bathroom is this? | Is this shower clean?,coco_fallback
567914,coco,http://images.cocodataset.org/train2014/COCO_train2014_000000567914.jpg,Was the pizza a good one? | What kind of cheese is used to top the pizza? | Have you made homemade pizza before? | Are peppers good on a pizza? | Is this pizza homemade?,coco_fallback
148196,coco,http://images.cocodataset.org/train2014/COCO_train2014_000000148196.jpg,What is the elephant playing with? | Is that elephant playing? | What is on the ground in front of his trunk? | What is the elephant's trunk on? | Is that food for the elephant?,coco_fallback
435041,coco,http://images.cocodataset.org/train2014/COCO_train2014_000000435041.jpg,Was this engine built in the Sates? | Is this a working engine? | What kind of train is that? | Where is this traing? | What model of train is this?,coco_fallback
189159,coco,http://images.cocodataset.org/train2014/COCO_train2014_000000189159.jpg,Were these coots a mated pair? | What kind of birds are they? | What are those birds called? | What kind of birds are those? | What kind of birds are that?,coco_fallback
126832,coco,http://images.cocodataset.org/train2014/COCO_train2014_000000126832.jpg,What are the cats looking at? | Is that white cat trying to escape? | Do the cats play with the hanging plant? | How old are those cats? | What are the names of the cats?,coco_fallback
405582,coco,http://images.cocodataset.org/train2014/COCO_train2014_000000405582.jpg,How long did you stay? | Isn't it really hard to bike in the sand? | What beach is this? | How hot was it? | Where is the bicyclist?,coco_fallback
3804,coco,http://images.cocodataset.org/train2014/COCO_train2014_000000003804.jpg,Is that a train? | How long did you have to wait for the ferry? | What country's flags am I looking at? | Is everyone waiting for the bus? | Did you ride the train?,coco_fallback
374976,coco,http://images.cocodataset.org/train2014/COCO_train2014_000000374976.jpg,What city is that tower in? | How high is the steeple? | What tower is that? | What is this tower? | How tall was it>,coco_fallback
382558,coco,http://images.cocodataset.org/train2014/COCO_train2014_000000382558.jpg,What is that flamingo drinking? | What were they drinking? | How old is this flamingo? | What is he drinking? | Why is the water so dirty?,coco_fallback
503606,coco,http://images.cocodataset.org/train2014/COCO_train2014_000000503606.jpg,Is the bus in the middle of the road? | Do you think this image is edited to look this way? | What city is this road in? | Did you enjoy your tour? | What city is this?,coco_fallback
373252,coco,http://images.cocodataset.org/train2014/COCO_train2014_000000373252.jpg,Is the cat comfortable there? | How old is your cat? | What is that cat doing in the sink? | Does she drink from the tap? | What breed of cat is that?,coco_fallback
326111,coco,http://images.cocodataset.org/train2014/COCO_train2014_000000326111.jpg,Is this a comfortable work spot? | Is that a picture of your office? | Is this a home office or the bedroom? | How much did the laptop cost? | Is your computer desk in your bedroom?,coco_fallback
258110,coco,http://images.cocodataset.org/train2014/COCO_train2014_000000258110.jpg,Are there any waves? | Is it sunrise or sunset in this photograph? | What kind of surfboard is that? | Where is he surfing? | Is he a professional surfer?,coco_fallback
231637,coco,http://images.cocodataset.org/train2014/COCO_train2014_000000231637.jpg,Is this pizza homemade? | Is the pizza tasty? | Was this at a restaurant? | Did you get to watch this pizza being made? | Where are they eating?,coco_fallback
229875,coco,http://images.cocodataset.org/train2014/COCO_train2014_000000229875.jpg,Where is this bakery? | What is the name of the bake shop? | Where is this cafe located? | Where is this bakery? | What did you get?,coco_fallback
26537,coco,http://images.cocodataset.org/train2014/COCO_train2014_000000026537.jpg,Is this man a professional athlete? | Which ski event is this? | What is strapped to his back? | What country is the skier from? | How long has this man been skiing?,coco_fallback
326116,coco,http://images.cocodataset.org/train2014/COCO_train2014_000000326116.jpg,What is the cat watching? | What is the cat looking at? | What is the cat looking at? | What's the cat looking at? | What was he looking at?,coco_fallback
109095,coco,http://images.cocodataset.org/train2014/COCO_train2014_000000109095.jpg,What is that contraption he's grasping? | What is he doing? | What is that thing in the middle? | Does he have to clear the snow off the tracks? | Is this man controlling the tracks?,coco_fallback
26538,coco,http://images.cocodataset.org/train2014/COCO_train2014_000000026538.jpg,What zoo is this? | Did you get to see their tongues? | Are the giraffes in their natural habitat? | Was this photo taken at a zoo? | What zoo is this?,coco_fallback
258119,coco,http://images.cocodataset.org/train2014/COCO_train2014_000000258119.jpg,Why is there a white cap on the hydrant? | Is that a beanie on the hydrant? | How old is that fire hydrant? | Would this fire hydrant work? | Why is there a hat on the fire hydrant?,coco_fallback
446615,coco,http://images.cocodataset.org/train2014/COCO_train2014_000000446615.jpg,What breed of cat is this? | What is the cat's name? | Was it hot? | How old is that cat? | Does the cat sleep a lot?,coco_fallback
93587,coco,http://images.cocodataset.org/train2014/COCO_train2014_000000093587.jpg,What are you making? | What is the man weighing? | What is he making? | Do you weigh your food when you follow a recipe? | Do you think he's an actual chef?,coco_fallback
73591,coco,http://images.cocodataset.org/train2014/COCO_train2014_000000073591.jpg,How tall is that giraffe? | How tall are those giraffes? | Does that giraffe have two heads? | Is the giraffe in front escaping the fence? | Are those giraffes at a zoo?,coco_fallback
39141,coco,http://images.cocodataset.org/train2014/COCO_train2014_000000039141.jpg,How old is the photo? | Are these people traveling? | Why are they crossing the river at this spot? | Is the water shallow enough to cross? | Where is this?,coco_fallback
428309,coco,http://images.cocodataset.org/train2014/COCO_train2014_000000428309.jpg,Why is the bear tethered to that tree. | Why is the teddy bear tied to the tree trunk? | What is the cord in the tree for? | Is she doing homework? | What building is this woman in front of?,coco_fallback
414421,coco,http://images.cocodataset.org/train2014/COCO_train2014_000000414421.jpg,What is the dog's name? | What's she looking for? | Is the dog ok? | Is she a veterinarian? | How old is the dog?,coco_fallback
392936,coco,http://images.cocodataset.org/train2014/COCO_train2014_000000392936.jpg,Is the JRP a passenger train? | Does this train move at a high rate of speed? | Is the photographer in motion? | What kind of trains are those? | Where is this?,coco_fallback
414422,coco,http://images.cocodataset.org/train2014/COCO_train2014_000000414422.jpg,Are they both riding on the skateboard? | Where are they going on the skateboard? | Is skateboarding in the street even legal? | Did he ever fall? | Do you think they fell after this picture?,coco_fallback
103581,coco,http://images.cocodataset.org/train2014/COCO_train2014_000000103581.jpg,Does this dog enjoy a good swim? | Does the dog ever jump into the water? | What is the name of the type of boat the man and dog are in? | Why is the dog standing on the edge? | Is that dog trying to jump off the boat?,coco_fallback
185384,coco,http://images.cocodataset.org/train2014/COCO_train2014_000000185384.jpg,Whose cake is that? | Does the cat like cake? | Did the cat mess up the cake? | What flavor cake is that? | Was there cat hair on the cake?,coco_fallback
150821,coco,http://images.cocodataset.org/train2014/COCO_train2014_000000150821.jpg,Is this man on a cell phone? | How old is he? | Who is he talking to? | Is the cellphone actually on? | Who is this man?,coco_fallback
482002,coco,http://images.cocodataset.org/train2014/COCO_train2014_000000482002.jpg,Who is the woman speaking with? | Who's she talking to? | Who is she talking to? | Is this woman happy that it is raining? | Should the umbrella match the outfit?,coco_fallback
108826,coco,http://images.cocodataset.org/train2014/COCO_train2014_000000108826.jpg,What beach is this? | What beach is that? | Are those kits or tents on the sand in front? | Why do people fly kites at the beach? | What is Vineyard Vines?,coco_fallback
110174,coco,http://images.cocodataset.org/train2014/COCO_train2014_000000110174.jpg,DO they put leggings on the giraffes when it is cold? | Where was this taken? | Does the giraffe like to run? | Where does the giraffe live? | What zoo is this?,coco_fallback
406245,coco,http://images.cocodataset.org/train2014/COCO_train2014_000000406245.jpg,What kind of concourse is this? | What city is this in? | Is this an airport or train station? | How many people use this terminal a day? | What station is that?,coco_fallback
398473,coco,http://images.cocodataset.org/train2014/COCO_train2014_000000398473.jpg,Is this slope easy? | What mountain is that? | What mountain range are they skiing in? | What difficulty is this ski slope graded at? | What mountain are these guys skiing at?,coco_fallback
50511,coco,http://images.cocodataset.org/train2014/COCO_train2014_000000050511.jpg,Are these two part of a tandem water skiing team? | Are these two surfers married? | Can you do that on bigger waves too? | Why are the surfers holding hands? | Why are the surfers holding hands?,coco_fallback
75509,coco,http://images.cocodataset.org/train2014/COCO_train2014_000000075509.jpg,What building does this parking lot belong to? | Why do they have cats up against the wall like that? | Where is the rest of the truck? | Where is the rest of the truck? | Is that truck bed just used as a trailer?,coco_fallback
498081,coco,http://images.cocodataset.org/train2014/COCO_train2014_000000498081.jpg,What kind of truck is that? | What kind of car is this? | Will you fix it up? | Is this a city street under all that snow? | What year is this car?,coco_fallback
221614,coco,http://images.cocodataset.org/train2014/COCO_train2014_000000221614.jpg,Are they playing a video game? | What Wii game are they playing? | What are they playing? | Is this a Wii demonstration at the local library? | What sport are they playing?,coco_fallback
491989,coco,http://images.cocodataset.org/train2014/COCO_train2014_000000491989.jpg,Who is she going to throw the frisbee to? | How old is the woman? | Can she throw a frisbee well? | Can this lady throw the frisbee far? | How far can she throw the frisbee?,coco_fallback
145621,coco,http://images.cocodataset.org/train2014/COCO_train2014_000000145621.jpg,What brand of shirt is that? | Is this the first time this man has had a cell phone? | Where did you get that shirt? | What is he smiling about? | Who is he talking to?,coco_fallback
35478,coco,http://images.cocodataset.org/train2014/COCO_train2014_000000035478.jpg,Are those cows on a farm? | Dothe cows have names? | Is the white one an albino? | Are these cows related? | Is that an electric fence?,coco_fallback
448985,coco,http://images.cocodataset.org/train2014/COCO_train2014_000000448985.jpg,Is this the entertainment for the evening? | Where is this? | Is that all beer? | Is it always this stocked? | Are there any non-alcoholic drinks?,coco_fallback
248797,coco,http://images.cocodataset.org/train2014/COCO_train2014_000000248797.jpg,What ocean is that? | Is that some kind of kite? | What is the object in the sky? | Where do you get a pinwheel kite? | What are they flying?,coco_fallback
130685,coco,http://images.cocodataset.org/train2014/COCO_train2014_000000130685.jpg,Who is winning the ski race? | Do you like skiing like this? | Where was this man skiing at? | Is this guy happy to be skiing? | What mountain is he on?,coco_fallback
354237,coco,http://images.cocodataset.org/train2014/COCO_train2014_000000354237.jpg,How often do you go surfing? | What kind of surfboard is that? | How old\is that board? | Is that surf board dirty or painted that way? | Is that surfer sticking out her tongue?,coco_fallback
337062,coco,http://images.cocodataset.org/train2014/COCO_train2014_000000337062.jpg,What does OPO stand for? | What is dpo? | Are all the cars parked in the distance? | When were you there? | Is graffiti like this common?,coco_fallback
377864,coco,http://images.cocodataset.org/train2014/COCO_train2014_000000377864.jpg,What kind of oven is that? | What's cooking in the oven? | Is that a new stove? | What are they baking? | What stove brand is that?,coco_fallback
84821,coco,http://images.cocodataset.org/train2014/COCO_train2014_000000084821.jpg,Where is this hydrant located? | Why is that fire hydrant paint chipped? | Why the fire hydrant white? | Is the road clear of vehicles? | Why is the fire hydrant two different colors?,coco_fallback
318247,coco,http://images.cocodataset.org/train2014/COCO_train2014_000000318247.jpg,What city is this | Have you ever had to buy a bail bond? | Do you need to bail someone out? | What city is this in? | Where is this?,coco_fallback
385401,coco,http://images.cocodataset.org/train2014/COCO_train2014_000000385401.jpg,How old is that beige and boxy laptop? | How old are those computers? | What is he typing on the computer? | How old are those laptops? | How old are these computers?,coco_fallback
88192,coco,http://images.cocodataset.org/train2014/COCO_train2014_000000088192.jpg,Does the kitchen ever get any non-depressing lighting? | Where did you get the cast iron pan? | Is this an apartment? | How many square feet is your kitchen? | Who's kitchen is this?,coco_fallback
327738,coco,http://images.cocodataset.org/train2014/COCO_train2014_000000327738.jpg,Will someone eat those bananas before the go bad? | Are the bananas ripe? | How many bananas are there? | Did you buy any? | What are the items wrapped in green fabric?,coco_fallback
188009,coco,http://images.cocodataset.org/train2014/COCO_train2014_000000188009.jpg,Did he win the competition? | Is this a skateboard competition? | Is this a competition? | Why is his skateboard so small | Is this part of a skateboarding competition?,coco_fallback
261673,coco,http://images.cocodataset.org/train2014/COCO_train2014_000000261673.jpg,What is she doing on the phone? | Do you think anyone still uses those phones? | Is it cold inside the house? | Is she texting? | What are they looking at on the phone?,coco_fallback
72518,coco,http://images.cocodataset.org/train2014/COCO_train2014_000000072518.jpg,How old is the lamb? | How many sheep are there? | What mountain is this on? | Are these sheep part of a herd? | What kind of grass is in this picture,coco_fallback
86094,coco,http://images.cocodataset.org/train2014/COCO_train2014_000000086094.jpg,What kind of animal is this? | Is that a calf? | How old is it? | Why is the little horse bothering the big one? | Is that a horse?,coco_fallback
329952,coco,http://images.cocodataset.org/train2014/COCO_train2014_000000329952.jpg,Is that snowboarder doing a jump? | Is that a snowboard slope? | Who is that snowboarding? | Did you snowboard too? | Is the snow in this picture natural?,coco_fallback
579950,coco,http://images.cocodataset.org/train2014/COCO_train2014_000000579950.jpg,What is the boy's name? | Where did he get that skateboard at? | How old is the boy? | Does he use it a lot? | How old is he?,coco_fallback
6753,coco,http://images.cocodataset.org/train2014/COCO_train2014_000000006753.jpg,What store is that? | Did you buy any of those fruits? | What type of fruit is that? | How long do these fruits stay sellable at this market? | Is this produce all grown locally?,coco_fallback
177609,coco,http://images.cocodataset.org/train2014/COCO_train2014_000000177609.jpg,Why are there stuffed animals in the oven? | Why are there stuffed animals in the oven? | Were you toasting the toys? | Why does someone want to cook those toys? | Why are there toys in the oven?,coco_fallback
290136,coco,http://images.cocodataset.org/train2014/COCO_train2014_000000290136.jpg,Where is the carriage going? | Where is the carriage going? | How much did the tour cost? | How much does a horse drawn tour cost? | Are they in Charleston?,coco_fallback
100586,coco,http://images.cocodataset.org/train2014/COCO_train2014_000000100586.jpg,Are the red and green pads some sort of controllers? | Does having three computer monitors make your work easier? | What are the dimensions of the center monitor? | Can the computer handle graphically intensive tasks? | why do they have three different size monitors?,coco_fallback
406792,coco,http://images.cocodataset.org/train2014/COCO_train2014_000000406792.jpg,Is this a guest bedroom? | Is this your room? | Is that a new bedspread? | What is there a rug on top of a carpet? | How big is that bedroom?,coco_fallback
65836,coco,http://images.cocodataset.org/train2014/COCO_train2014_000000065836.jpg,Did you make a smoothy? | Is that a breakfast meal? | Where did you get the fresh strawberries? | Why is there not something underneath these food items? | Were you feeding the birds?,coco_fallback
397455,coco,http://images.cocodataset.org/train2014/COCO_train2014_000000397455.jpg,How much does that bat weigh? | What player is that? | Who is that baseball player? | Is his team winning the game? | What is the baseball players name?,coco_fallback
32727,coco,http://images.cocodataset.org/train2014/COCO_train2014_000000032727.jpg,Why is the cat in a shoe? | Does he do that alot? | What is that cats name? | How old is this cat? | What size are those boots?,coco_fallback
277284,coco,http://images.cocodataset.org/train2014/COCO_train2014_000000277284.jpg,Are these dogs fit?? | Was it chilly? | How fast can that dog run? | What breed are these dogs? | Why is one dog wearing a shirt?,coco_fallback
56875,coco,http://images.cocodataset.org/train2014/COCO_train2014_000000056875.jpg,Is the train late? | What city is this located in? | How long did you have to wait for the train? | Was this taken in the US? | Did you ride the train?,coco_fallback
379487,coco,http://images.cocodataset.org/train2014/COCO_train2014_000000379487.jpg,Where is she running? | Why is this woman running away from the other people? | How hard is it to run in the snow? | Is the woman running or walking? | How cold is too cold to go jogging?,coco_fallback
348935,coco,http://images.cocodataset.org/train2014/COCO_train2014_000000348935.jpg,Is this at a safari or a zoo? | How tall is the tallest giraffe? | How much does a giraffe weigh? | Do the giraffes know their picture was taken? | Where are the giraffes?,coco_fallback
160510,coco,http://images.cocodataset.org/train2014/COCO_train2014_000000160510.jpg,What zoo is this? | What are the giraffes looking for under the rocks? | Which zoo is this? | How tall are those giraffes? | Do the giraffes have room to run?,coco_fallback
333144,coco,http://images.cocodataset.org/train2014/COCO_train2014_000000333144.jpg,Were the sheep friendly? | Where is this field? | What park is this | Where are these sheep located? | How many sheep are in that field?,coco_fallback
562335,coco,http://images.cocodataset.org/train2014/COCO_train2014_000000562335.jpg,Do any kids live in this house? | Who cleaned the kitchen? | How big is that dog bowl? | Are your kitchen cabinets oak?,coco_fallback
292868,coco,http://images.cocodataset.org/train2014/COCO_train2014_000000292868.jpg,How tall is it? | Where is this tower located? | Where is that clock? | Did you check it out up close? | What time does the clock say?,coco_fallback
358300,coco,http://images.cocodataset.org/train2014/COCO_train2014_000000358300.jpg,Is this a pizza party? | Are they serving for the homeless? | Where are the pizzas from? | Why so many pizzas? | What is the occasion?,coco_fallback
500005,coco,http://images.cocodataset.org/train2014/COCO_train2014_000000500005.jpg,Who is she playing against? | How often does she play tennis? | Who won the tennis match? | How fast is her serve? | Who is that tennis player?,coco_fallback
43016,coco,http://images.cocodataset.org/train2014/COCO_train2014_000000043016.jpg,What model plane is this? | Is this plane landing? | What kind of plane is that? | Do you fly much? | Is the plan about to land?,coco_fallback
571498,coco,http://images.cocodataset.org/train2014/COCO_train2014_000000571498.jpg,Are the three giraffes looking at something? | How tall is that zebra? | Where is this? | Are these giraffe in a natural environment or a zoo? | How tall are those giraffes?,coco_fallback
119822,coco,http://images.cocodataset.org/train2014/COCO_train2014_000000119822.jpg,What year was this plane built? | Are these multiple photos pasted together? | Is this plane old? | Did you get to see it in flight? | Is this in Oregon?,coco_fallback
240967,coco,http://images.cocodataset.org/train2014/COCO_train2014_000000240967.jpg,Where is the truck going? | Were they going hunting? | How long has it been since he washed the truck? | Is this truck very dirty? | Are these people going out hunting?,coco_fallback
56784,coco,http://images.cocodataset.org/train2014/COCO_train2014_000000056784.jpg,Were these bananas used in baking? | Will you still use them? | Are those plantains? | Are those regular bananas? | Will these bananas be eaten?,coco_fallback
166201,coco,http://images.cocodataset.org/train2014/COCO_train2014_000000166201.jpg,Where is this market? | Where is this market? | What do you buy there? | Did you buy anything? | What country is this market in?,coco_fallback
333916,coco,http://images.cocodataset.org/train2014/COCO_train2014_000000333916.jpg,Is the bird singing or screaming? | Is this bird looking at something in particular? | What kind of bir | What kind of bird is that? | What kind of bird is this?,coco_fallback
42010,coco,http://images.cocodataset.org/train2014/COCO_train2014_000000042010.jpg,Is this bird real? | Did you see the peacock with all its feathers spread? | What kind of bird is that? | What is the bird looking at? | What kind of bird is that?,coco_fallback
565321,coco,http://images.cocodataset.org/train2014/COCO_train2014_000000565321.jpg,How tall is that? | Who put ther bear there? | What type of material is the dress? | Was this bear a prize from the fair? | Is this a little girl's room?,coco_fallback
320616,coco,http://images.cocodataset.org/train2014/COCO_train2014_000000320616.jpg,What city is that in? | Do you know who wrote that? | What state was this taken in? | What is hammertime? | Do you think it's funny that they added hammertime to this stop sign?,coco_fallback
288982,coco,http://images.cocodataset.org/train2014/COCO_train2014_000000288982.jpg,What is the cat's name? | Is the cat drunk? | Is he always so mellow? | Why is that cat so fat? | Is this cat drinking alcohol?,coco_fallback
12698,coco,http://images.cocodataset.org/train2014/COCO_train2014_000000012698.jpg,What kind of sandwich is that? | Where is this food from? | What is the name of this meal? | Is that quinoa served with the sandwich? | What type of food is pictured?,coco_fallback
468013,coco,http://images.cocodataset.org/train2014/COCO_train2014_000000468013.jpg,What is the cow looking at? | Is this in India? | Is this a market? | Is that a farmers market? | Is that a flood?,coco_fallback
4880,coco,http://images.cocodataset.org/train2014/COCO_train2014_000000004880.jpg,What time is displayed on the clock? | Is that Big Ben? | What architectural period does this represent? | What city is that in? | Why do you think the photographer took the photo in this way?,coco_fallback
465027,coco,http://images.cocodataset.org/train2014/COCO_train2014_000000465027.jpg,Is this desk messy? | Is that a new computer? | What magazine is that ? | What kind of computer is this? | Is that a Mac?,coco_fallback
478962,coco,http://images.cocodataset.org/train2014/COCO_train2014_000000478962.jpg,Who's dog is that? | What type of dog is this? | Who put the tie on the dog? | Can this dog hurt itself wearing that tie? | Does the dog ever get tangled up while wearing that tie?,coco_fallback
468542,coco,http://images.cocodataset.org/train2014/COCO_train2014_000000468542.jpg,What do you think those cows are grazing on? | Are those meat cows or milk cows? | Who is riding the horse? | Are you changing pastures? | How many cows do you have?,coco_fallback
498649,coco,http://images.cocodataset.org/train2014/COCO_train2014_000000498649.jpg,Are these doghnuts or onion rings? | Are those cake doughnuts? | What kind of doughnuts are those? | How many did you make? | Are those fried or cake donuts?,coco_fallback
391912,coco,http://images.cocodataset.org/train2014/COCO_train2014_000000391912.jpg,Are these real giraffes? | Can't they step over that fence? | How tall are giraffes? | Are those wild giraffes? | Are the giraffes related to one another?,coco_fallback
303959,coco,http://images.cocodataset.org/train2014/COCO_train2014_000000303959.jpg,What is the recipe for this? | Who made the meal? | How many calories are in this plate of food? | What is the name of this dish? | What kind of food is that?,coco_fallback
181611,coco,http://images.cocodataset.org/train2014/COCO_train2014_000000181611.jpg,Where are the other elephants? | How old is the elephant? | Was the elephant there by himself? | Does the elephant have any family in the picture? | Are there any other elephants around?,coco_fallback
308549,coco,http://images.cocodataset.org/train2014/COCO_train2014_000000308549.jpg,Is the cat a boy or girl? | Does the cat sleep inside the suitcase? | What is the cat's name? | How many years has the cat been in that house? | Do you like this cat's eyes?,coco_fallback
386253,coco,http://images.cocodataset.org/train2014/COCO_train2014_000000386253.jpg,Who put this display together? | How big is your collection? | Are these stuffed animals for sale? | Are the bears defending the fort? | Is that a stuffed castle?,coco_fallback
142,coco,http://images.cocodataset.org/train2014/COCO_train2014_000000000142.jpg,Who's sandwich is that? | Did you really eat that? | What kind of sandwich is that? | Is this vegan french toast? | Does this look apetizing?,coco_fallback
409681,coco,http://images.cocodataset.org/train2014/COCO_train2014_000000409681.jpg,Who is flying the kite? | How large is that kite? | It's not a real skin is it? | Is that a kite? | How many people do they need to fly this kite?,coco_fallback
404222,coco,http://images.cocodataset.org/train2014/COCO_train2014_000000404222.jpg,Does the toilet seem awfully close to the shower curtain? | Is this a new bathroom? | What material are those drapes made out of? | Why is that bathroom so small? | Is this a full or half bathroom?,coco_fallback
20701,coco,http://images.cocodataset.org/train2014/COCO_train2014_000000020701.jpg,How much room did they have? | Are those zebras in a park or zoo? | Are these zebras a couple? | Where is this? | Are there more zebras in this area?,coco_fallback
530187,coco,http://images.cocodataset.org/train2014/COCO_train2014_000000530187.jpg,Is this a room in a nice hotel? | Does this hotel decor look beckoning or forlorn? | Is this a hotel room? | Does it seem clean? | What hotel is this?,coco_fallback
125667,coco,http://images.cocodataset.org/train2014/COCO_train2014_000000125667.jpg,How many people live in this house? | How recently was the kitchen renovated? | Whose wood-burning stove is that? | Is that fruit on the counter? | Is that an old stove?,coco_fallback
353223,coco,http://images.cocodataset.org/train2014/COCO_train2014_000000353223.jpg,Are you just learning? | Where is she surfing? | How long did it take before she was able to stand on a surfboard? | Is she a good surfer? | Does the woman surf often?,coco_fallback
358237,coco,http://images.cocodataset.org/train2014/COCO_train2014_000000358237.jpg,Have you purchased a bicycle from there? | What do you call those old-fashioned bikes on the sign? | Did they intentionally take the picture of the guy riding the bike by the bike shop? | Is that a bike rack in front of the store? | Do you ride a bike?,coco_fallback
521887,coco,http://images.cocodataset.org/train2014/COCO_train2014_000000521887.jpg,How many calories is that? | How was the burger? | Are the fries seasoned? | What is on that burger? | How much time on a treadmill to work off this meal?,coco_fallback
346950,coco,http://images.cocodataset.org/train2014/COCO_train2014_000000346950.jpg,How long was he gone? | Which branch of military is he in? | Is this a reunion photo? | Who is the soldier? | How long do you think it has been since these boys last saw this man?,coco_fallback
392796,coco,http://images.cocodataset.org/train2014/COCO_train2014_000000392796.jpg,Is that bathtub in a trailer? | Whose bathroom is this? | Is that a washing machine in the bathroom? | Is this bathroom made of wood? | Where was this taken?,coco_fallback
124397,coco,http://images.cocodataset.org/train2014/COCO_train2014_000000124397.jpg,Is the boy dialing the man's phone? | How old is the baby? | How old is the child? | Who is that little boy? | What are they looking at?,coco_fallback
270716,coco,http://images.cocodataset.org/train2014/COCO_train2014_000000270716.jpg,Are the logs going to fall out of the truck? | Where is this? | Is that your semi? | Did the logs stay on the truck? | Where is he hauling the logs?,coco_fallback
378111,coco,http://images.cocodataset.org/train2014/COCO_train2014_000000378111.jpg,What airport did that plan leave from? | Where is the plane going? | Is it early morning or night? | Is that a Boeing 737? | Where was the plane flying to?,coco_fallback
250737,coco,http://images.cocodataset.org/train2014/COCO_train2014_000000250737.jpg,What city is this in? | Is this a parade? | Who was the parade for? | What event is going on? | How long has he been a police officer?,coco_fallback
148291,coco,http://images.cocodataset.org/train2014/COCO_train2014_000000148291.jpg,Does this phone work? | Is it broken? | Why is this phone broken? | What kind of phone is that? | Is that phone broken?,coco_fallback
80159,coco,http://images.cocodataset.org/train2014/COCO_train2014_000000080159.jpg,Where did they get their decorating ideas from? | Did you decorate the room? | Is that window shut? | Whose room is this? | Who decorated that bedroom?,coco_fallback
134306,coco,http://images.cocodataset.org/train2014/COCO_train2014_000000134306.jpg,Are these sheep happy? | Why is there something blue on top of the sheep? | Were there more animals there? | What is the blue stuff on their backs? | Did the sheep let you pet them?,coco_fallback
2083,coco,http://images.cocodataset.org/train2014/COCO_train2014_000000002083.jpg,Do you make a lot of big meals? | How do you decide who does the dishes? | Is this photo from the nineties? | Did they just eat dinner? | What food is she cleaning off the plate?,coco_fallback
508592,coco,http://images.cocodataset.org/train2014/COCO_train2014_000000508592.jpg,What kind of cheese is in that delicious pasta? | What kind of dish is that? | Is that a potato dish? | How much did that cost? | What is all in the pasta dish?,coco_fallback
90912,coco,http://images.cocodataset.org/train2014/COCO_train2014_000000090912.jpg,Whose wine glasses are these? | What type of wine is in the glass? | Did someone drink all these glasses? | What type of wine glasses are those? | Did you drink all that wine?,coco_fallback
480787,coco,http://images.cocodataset.org/train2014/COCO_train2014_000000480787.jpg,Why are there so many kites flying? | How many kites are flying? | What beach is this? | In what part of the world is this beach located? | What beach is this?,coco_fallback
424161,coco,http://images.cocodataset.org/train2014/COCO_train2014_000000424161.jpg,When was this place built? | Does the rest of the house have a wooden furnishing? | Who arranged the furniture? | Does this look like a cabin? | Is the fireplace being used?,coco_fallback
581042,coco,http://images.cocodataset.org/train2014/COCO_train2014_000000581042.jpg,How old is that clock? | How old is that clock? | How old is that clock? | Does that flag always hang there in the background? | When was the clock made?,coco_fallback
201213,coco,http://images.cocodataset.org/train2014/COCO_train2014_000000201213.jpg,Is this kid going fishing? | What kind of boat is that? | How old is the rower? | Is the water clean? | Who is that in the boat?,coco_fallback
309521,coco,http://images.cocodataset.org/train2014/COCO_train2014_000000309521.jpg,Is that headboard handcrafted? | Whose bed is this? | What is that? | Where did the new bedspread come from? | How much did those new sheets cost?,coco_fallback
369380,coco,http://images.cocodataset.org/train2014/COCO_train2014_000000369380.jpg,How old is the elephant? | How much does that elephant weigh? | How old is this elephant? | Why are those elephants tusk cut? | What happened to his tusks?,coco_fallback
536010,coco,http://images.cocodataset.org/train2014/COCO_train2014_000000536010.jpg,Whose kitchen is this? | What kind of cabinets are they? | Do you love this kitchen? | How big is the kitchen? | Who's kitchen is that?,coco_fallback
453815,coco,http://images.cocodataset.org/train2014/COCO_train2014_000000453815.jpg,How much cat hair is in your keyboard? | Did the cat spill the soda? | What is the animal's name? | Is the cat drinking pepsi? | Is that a kitten on that keyboard?,coco_fallback
134128,coco,http://images.cocodataset.org/train2014/COCO_train2014_000000134128.jpg,Is a guest over for this dinner? | Who is eating at this meal? | What occasion is being celebrated? | What meal are they eating? | Whats all the food for?,coco_fallback
200033,coco,http://images.cocodataset.org/train2014/COCO_train2014_000000200033.jpg,Does the woman in black use anything other than her bicycle for transportation? | Is there a festival going on? | Are buskers popular in your city? | How old is the woman riding the bike? | Did you bike while you were there?,coco_fallback
162547,coco,http://images.cocodataset.org/train2014/COCO_train2014_000000162547.jpg,Did the wind affect his riding with an umbrella? | Why is he wearing suede shoes in rain? | Is it safe to ride that bike in the rain? | Wouldn't it be safer to use two hands? | Can you ride like he is riding?,coco_fallback
163091,coco,http://images.cocodataset.org/train2014/COCO_train2014_000000163091.jpg,What model of plane is that? | Where was that museum? | What kind of plane is that? | Where is this aircraft museum? | Did you get to go inside any of the airplanes?,coco_fallback
426565,coco,http://images.cocodataset.org/train2014/COCO_train2014_000000426565.jpg,Will this surfer fall of the surf board? | How long have you been surfing? | Was the water cold? | Is the man going to wipe out? | How long has he been surfing?,coco_fallback
235813,coco,http://images.cocodataset.org/train2014/COCO_train2014_000000235813.jpg,Where is this? | Did you have to wade out to the boat? | What type of fish are in the water? | Where is the owner of the boat? | Whose boat is that?,coco_fallback
107443,coco,http://images.cocodataset.org/train2014/COCO_train2014_000000107443.jpg,Are you a vegetarian? | What kind of sandwich is that? | What kind of sandwhich is that? | What spread is on the sandwich? | What are the ingredients?,coco_fallback
139124,coco,http://images.cocodataset.org/train2014/COCO_train2014_000000139124.jpg,Where is that clock? | Is that clock in Prague? | Is this a giant cuckoo clock? | Where is this clock at? | What kind of statue is that?,coco_fallback
63408,coco,http://images.cocodataset.org/train2014/COCO_train2014_000000063408.jpg,What kind of flower is that? | Are the flowers real? | Are those real flowers? | How much did those vases cost? | How much did that vase cost?,coco_fallback
401768,coco,http://images.cocodataset.org/train2014/COCO_train2014_000000401768.jpg,Is that turf better than the regular kind? | Did this man win the tennis match? | Did he win the match? | What is the name of the tennis player? | What type of playing surface is he playing on?,coco_fallback
167603,coco,http://images.cocodataset.org/train2014/COCO_train2014_000000167603.jpg,How many flags are seen? | How much was the bus fare? | How far is Bulleen? | What is the route for this bus? | Is it an energy efficient bus?,coco_fallback
429658,coco,http://images.cocodataset.org/train2014/COCO_train2014_000000429658.jpg,Where is the bus going? | Is it faster to get there by bus or bike? | What city is this street in? | Where is the bus going? | Do people there always ride their bikes in the middle of the street?,coco_fallback
371484,coco,http://images.cocodataset.org/train2014/COCO_train2014_000000371484.jpg,What is being blended? | What is in that? | What type of machine is being used? | What type of food is being blended? | what is in the blender,coco_fallback
376263,coco,http://images.cocodataset.org/train2014/COCO_train2014_000000376263.jpg,Where is that fire hydrant? | Who painted the hydrant? | Why don't they make art on all fire hydrants like this? | Why is the fire hydrant painted? | Are any others painted?,coco_fallback
157036,coco,http://images.cocodataset.org/train2014/COCO_train2014_000000157036.jpg,Are there any types of animals raised on this farm? | What animals are these? | What type of animals are on the grass? | Do you think black sheep's wool is more prized than white wool? | Are those sheep?,coco_fallback
335784,coco,http://images.cocodataset.org/train2014/COCO_train2014_000000335784.jpg,What make are those motorcycles? | Where are they driving to? | Do you know any of them? | Where are the bikers going? | What model of bikes are those?,coco_fallback
53084,coco,http://images.cocodataset.org/train2014/COCO_train2014_000000053084.jpg,How fast is he going? | Can that snow boarder do complicated tricks? | How often do you go snowboarding? | How long did you stay out? | Is that a professional snowboarder?,coco_fallback
121107,coco,http://images.cocodataset.org/train2014/COCO_train2014_000000121107.jpg,Was it pointing to a fruit stand? | What is happening at that farm? | Is this on private property? | What is the meaning behind this sign? | Are there green apples at the farm?,coco_fallback
379467,coco,http://images.cocodataset.org/train2014/COCO_train2014_000000379467.jpg,Is giraffe a baby? | IS that giraffe okay on the ground like that? | How old is this baby zebra? | How old is this giraffe? | Was his mom near as he slept?,coco_fallback
53091,coco,http://images.cocodataset.org/train2014/COCO_train2014_000000053091.jpg,Are the vegetables in the bowl fresh? | What kind of dish is this? | What dressing is in the salad? | What type of dish is that? | Did you make that?,coco_fallback
251511,coco,http://images.cocodataset.org/train2014/COCO_train2014_000000251511.jpg,Does he fall a lot? | Did boat make this wave? | What ocean is this? | Were they alright? | Was the surfer okay after his wipeout?,coco_fallback
42169,coco,http://images.cocodataset.org/train2014/COCO_train2014_000000042169.jpg,What year was this picture from? | How old is this picture? | What era was this photo taken in? | Is it appropriate to use an umbrella while wearing a house coat? | Was this a relative?,coco_fallback
63797,coco,http://images.cocodataset.org/train2014/COCO_train2014_000000063797.jpg,Where was this located? | What kind of clock is that? | Where is this clock? | How old is that building? | How tall is that clock??,coco_fallback
146053,coco,http://images.cocodataset.org/train2014/COCO_train2014_000000146053.jpg,Is the man following a set trail? | Where is this? | How long does it take to go down the mountain? | What is that rope or rail for? | How long is the whole trail?,coco_fallback
439995,coco,http://images.cocodataset.org/train2014/COCO_train2014_000000439995.jpg,Was that a new microwave? | How new is the microwave? | Is the microwave complicated to use? | Is that a convection oven? | What food are they making?,coco_fallback
472841,coco,http://images.cocodataset.org/train2014/COCO_train2014_000000472841.jpg,What scared this horse? | Is the horse going to run in to the fence? | How old is it? | How old is it? | How old is this horse?,coco_fallback
367111,coco,http://images.cocodataset.org/train2014/COCO_train2014_000000367111.jpg,What is SunExpress? | What airport is this? | Where does sunexpress fly to? | Is the plane from an international or domestic airline? | How long did you wait for your flight?,coco_fallback
2150,coco,http://images.cocodataset.org/train2014/COCO_train2014_000000002150.jpg,Where did you get that vase? | Did that rose come from someone's personal garden? | What kind of glaze is on that vase? | What kind of flower is in the vase? | What type of vase is that/,coco_fallback
64377,coco,http://images.cocodataset.org/train2014/COCO_train2014_000000064377.jpg,Is the animal in the middle different from all the rest? | What type of animal is in the distance? | Are those your horses? | Is the climate arid here? | Are those horses?,coco_fallback
473531,coco,http://images.cocodataset.org/train2014/COCO_train2014_000000473531.jpg,Is that your horse? | What is the horse doing on the sidewalk? | Is the horse walking on its own? | Why is this horse loose on the street? | Where was his owner?,coco_fallback
450592,coco,http://images.cocodataset.org/train2014/COCO_train2014_000000450592.jpg,What are the horses pulling? | Is this the first Brinks truck? | What year was this from? | Where did you find this picture? | Are the horses carrying that trailer?,coco_fallback
210193,coco,http://images.cocodataset.org/train2014/COCO_train2014_000000210193.jpg,Are these flowers real? | What kind of flowers are those? | What kind of flowers are these? | What type of flower is that? | Are those flowers artificial?,coco_fallback
354220,coco,http://images.cocodataset.org/train2014/COCO_train2014_000000354220.jpg,What country are these elephants from? | Where are they riding to? | How do they manage to tame the elephants? | How long can you ride on these elephants for? | How old is the photo?,coco_fallback
101989,coco,http://images.cocodataset.org/train2014/COCO_train2014_000000101989.jpg,What type of cake is that? | What is she cutting? | What are they cutting? | Whose birthday? | What do you think this dessert is made out of?,coco_fallback
192669,coco,http://images.cocodataset.org/train2014/COCO_train2014_000000192669.jpg,Is this plane landing or taking off? | Is that kind of plane safe to travel in? | What type of plane is this? | What kind of plane is that? | What is the plane's destination?,coco_fallback
118994,coco,http://images.cocodataset.org/train2014/COCO_train2014_000000118994.jpg,What type of bird is it? | Does the owl look annoyed? | Did you get a chance to hold the owl? | How long has that man been an owl handler? | Is that owl trained?,coco_fallback
48103,coco,http://images.cocodataset.org/train2014/COCO_train2014_000000048103.jpg,Where is this? | Is that a Canadian kite? | What is the person's name? | What beach is this? | Where is this body of water located?,coco_fallback
535302,coco,http://images.cocodataset.org/train2014/COCO_train2014_000000535302.jpg,How long has that child been skiing? | How old is the kid? | What is the child's name? | What type of snow boots are those? | What mountain are they on?,coco_fallback
54205,coco,http://images.cocodataset.org/train2014/COCO_train2014_000000054205.jpg,Is his team winning the ultimate frisbee game? | Are they playing frisbee football? | Where are they playing this? | Are the people here playing an organized game of frisbee? | Is this a trick contest?,coco_fallback
210849,coco,http://images.cocodataset.org/train2014/COCO_train2014_000000210849.jpg,Why is there a horse on the roof? | Are the wagons hauling something? | How long ago was this taken? | Why is there a statue of a horse on top of the building? | How old is this picture?,coco_fallback
332202,coco,http://images.cocodataset.org/train2014/COCO_train2014_000000332202.jpg,DO you enjoy cooking in this awesome kitchen? | Is this your kitchen? | Is that a picture of your kitchen? | Is the kitchen being remodeled? | Are you remodeling?,coco_fallback
172232,coco,http://images.cocodataset.org/train2014/COCO_train2014_000000172232.jpg,How old is that vending machine? | Does that coke machine work? | how much do you think this sells for? | Is this soda machine vintage? | Is this fridge old?,coco_fallback
523815,coco,http://images.cocodataset.org/train2014/COCO_train2014_000000523815.jpg,What ingredients did you use? | How big was that pizza? | Is that a giant pizza crust? | What kind of pizza is he making? | How long does it have to cook?,coco_fallback
483304,coco,http://images.cocodataset.org/train2014/COCO_train2014_000000483304.jpg,Who is playing tennis | Who is the man in the blue striped shirt? | Is that man playing tennis barefoot? | How long have these people been playing tennis together? | Is this a professional doubles game of tennis?,coco_fallback
443749,coco,http://images.cocodataset.org/train2014/COCO_train2014_000000443749.jpg,How small was that McDonald's? | Is this in the Bronx? | Is that an elevator in the subway access? | Were you casing the armored truck? | What street are these trucks on?,coco_fallback
244720,coco,http://images.cocodataset.org/train2014/COCO_train2014_000000244720.jpg,How many dogs do you have? | Are these dogs riding on the truck? | Are the dogs chained to the truck? | How do those dogs stay balanced going down the road? | Why are there no rails on the back of the truck?,coco_fallback
281121,coco,http://images.cocodataset.org/train2014/COCO_train2014_000000281121.jpg,Is the elephant with the blue blanket on its back younger than the other elephants? | What type of elephants are these? | How old is the elephant on the right? | Where are these elephants? | How many elephants were there?,coco_fallback
39708,coco,http://images.cocodataset.org/train2014/COCO_train2014_000000039708.jpg,Why did pictures look so bad? | ARe they all wearing socks? | Is this the tennis team? | Are these tennis players still playing today? | Are there tennis team?,coco_fallback
7318,coco,http://images.cocodataset.org/train2014/COCO_train2014_000000007318.jpg,What kind of hot dog are they? | Where can I order this exact dish? | Is that girl going to both hot dogs? | What is her name? | Is she going to lick that?,coco_fallback
14998,coco,http://images.cocodataset.org/train2014/COCO_train2014_000000014998.jpg,Is that a zebra? | Is that in a zoo? | Do those zebra ears look strangely like they have giraffe spots? | do you think zebra's are neat? | Are the zebra eating grass?,coco_fallback
470190,coco,http://images.cocodataset.org/train2014/COCO_train2014_000000470190.jpg,What street is that? | Is that a bicycle or motorcycle? | What is the model of the bike? | What type of motorbike is it? | What type of motorcycle is this?,coco_fallback
335659,coco,http://images.cocodataset.org/train2014/COCO_train2014_000000335659.jpg,Where is this toilet located? | Why is there a computer in the bathroom? | Why are there computers on a toilet? | Is this a luxury toilet? | Whose bathroom is this?,coco_fallback
254101,coco,http://images.cocodataset.org/train2014/COCO_train2014_000000254101.jpg,Why are they throwing away a fridge? | Why is that refridgerator chained up? | Why don't they get rid of all the scrap metal? | What is that poster of? | Who are the people in that poster?,coco_fallback
345024,coco,http://images.cocodataset.org/train2014/COCO_train2014_000000345024.jpg,Is that in your house? | Is that a branch on top of the mantle? | What kind of mantle is that/ | Do the dried flowers have a cultural significance? | How old is the clock?,coco_fallback
188929,coco,http://images.cocodataset.org/train2014/COCO_train2014_000000188929.jpg,Who is this man/ | Why is he dressed up? | What is his name? | Why is this person all dressed up? | What is he smirking at?,coco_fallback
13258,coco,http://images.cocodataset.org/train2014/COCO_train2014_000000013258.jpg,Don't these tourists know that bear is ready to attack? | Why is the bear so close? | why are those people near the bears? | Is that a dog or a bear on the left? | Aren't people afraid of the bears?,coco_fallback
176085,coco,http://images.cocodataset.org/train2014/COCO_train2014_000000176085.jpg,How often do you cut up fruit like this? | Do you like these fruits? | Why so much fruit? | How many calories was this meal? | What are they making with those fruits,coco_fallback
44209,coco,http://images.cocodataset.org/train2014/COCO_train2014_000000044209.jpg,What is the dog's name? | Is the dog going to fall off the surfboard? | Why do you suppose bulldogs make good surfers? | What ocean is this? | How did the dog learn to surf?,coco_fallback
315568,coco,http://images.cocodataset.org/train2014/COCO_train2014_000000315568.jpg,Was that a good book? | What book is the woman reading? | What book was she reading? | What is her name? | Is it a good book?,coco_fallback
67548,coco,http://images.cocodataset.org/train2014/COCO_train2014_000000067548.jpg,Who was she playing against? | What's the score in the game? | Does she usually grip the racquet incorrectly? | Did she win her tennis match? | Who is the player?,coco_fallback
559995,coco,http://images.cocodataset.org/train2014/COCO_train2014_000000559995.jpg,Is the store open? | Why do they have a one way sign in the only direction you can go in? | Where is this street? | What city is this? | Where is that car going?,coco_fallback
581097,coco,http://images.cocodataset.org/train2014/COCO_train2014_000000581097.jpg,Is that his chair? | What is the dog looking at? | Is the dog allowed on the furniture? | What is the dog's name? | What's the dog looking at?,coco_fallback
289255,coco,http://images.cocodataset.org/train2014/COCO_train2014_000000289255.jpg,What kind of wine is in the glass in the front? | Do you plan to recork it? | Is that the proper way to pour wine? | What kind of wine is that? | Are they having a meeting?,coco_fallback
119225,coco,http://images.cocodataset.org/train2014/COCO_train2014_000000119225.jpg,Is the boy kicking the ball? | How big is that ball? | How far did he kick the ball? | How far can he kick the ball? | How old is the boy?,coco_fallback
285978,coco,http://images.cocodataset.org/train2014/COCO_train2014_000000285978.jpg,What kind of mushrooms are those? | How much do you think this plate of food costs? | Are those french fries fresh made? | What kind of sandwich is that? | Was the cheeseburger good?,coco_fallback
367935,coco,http://images.cocodataset.org/train2014/COCO_train2014_000000367935.jpg,How many packages do you think it can carry? | Is this plane taking off? | How many packages can that plane hold? | How did you get so close? | What airport is this at ?,coco_fallback
554635,coco,http://images.cocodataset.org/train2014/COCO_train2014_000000554635.jpg,What are their names? | How much did that cake cost? | Is the bride cutting the cake? | When was the wedding? | Who made this cake?,coco_fallback
439364,coco,http://images.cocodataset.org/train2014/COCO_train2014_000000439364.jpg,Is that a dog or a cat? | Is this animal drinking from the toilet? | Is that a cat? | Is the cat throwing up? | Why is there an animal in the toilet?,coco_fallback
324603,coco,http://images.cocodataset.org/train2014/COCO_train2014_000000324603.jpg,Is your daughter taking tennis lessons? | Are these girls taking tennis lessons? | Are they joining a team? | Why are those tennis courts dirt? | Are these children related?,coco_fallback
7035,coco,http://images.cocodataset.org/train2014/COCO_train2014_000000007035.jpg,What ocean is this? | Are they riding in a race? | Is that a jockey on the horse? | Where are they going? | Are these people racing horses?,coco_fallback
112860,coco,http://images.cocodataset.org/train2014/COCO_train2014_000000112860.jpg,What are the gates for? | Why is the street blocked off? | why is the street blocked | What is the purpose of the road blocks? | Where is this?,coco_fallback
428340,coco,http://images.cocodataset.org/train2014/COCO_train2014_000000428340.jpg,Is this fridge full of food? | Who bought all these groceries? | Does this refrigerator run properly? | Did they just go grocery shopping? | Why do they need so many condiments?,coco_fallback
3305,coco,http://images.cocodataset.org/train2014/COCO_train2014_000000003305.jpg,What type of bird is that? | What is in the birdfeeder? | How long did it take you to get this picture? | What kind of hummingbird is that? | What type of liquid do you use in the hummingbird feeder?,coco_fallback
122108,coco,http://images.cocodataset.org/train2014/COCO_train2014_000000122108.jpg,What zoo do you think this is? | Was this photo taken at a zoo? | DO the giraffes ever try to escape? | How tall are those giraffes? | What zoo is this?,coco_fallback
307817,coco,http://images.cocodataset.org/train2014/COCO_train2014_000000307817.jpg,How many years has he been surfing? | Is it a waterfall? | Is this guy a professional surfer? | Is the man going to wash out? | How much body fat does he have?,coco_fallback
251293,coco,http://images.cocodataset.org/train2014/COCO_train2014_000000251293.jpg,What team does he play for? | Is his team winning? | Is the boy next at bat? | Is the kid focused on baseball? | How old is he?,coco_fallback
175353,coco,http://images.cocodataset.org/train2014/COCO_train2014_000000175353.jpg,Where is this type of meal regular at? | Did you cook that yourself? | What is the purple stuff? | What is the purple stuff on the plate? | What is that blue stuff you cooked?,coco_fallback
485180,coco,http://images.cocodataset.org/train2014/COCO_train2014_000000485180.jpg,Did this band play children's songs? | Why is there a mountain of stuffed animals? | Why are there so many stuffed animals? | Is this the prison band? | Why are there so many stuffed animals in front of the musicians?,coco_fallback
343284,coco,http://images.cocodataset.org/train2014/COCO_train2014_000000343284.jpg,What is being made? | What are they going to make? | What were you baking? | What is this person preparing? | Are you making cookies?,coco_fallback
158933,coco,http://images.cocodataset.org/train2014/COCO_train2014_000000158933.jpg,What would this item go for in an auction? | What kind of statue is this? | Is this a trophy? | Why is that clock priced so high? | Is this an antique store?,coco_fallback
478298,coco,http://images.cocodataset.org/train2014/COCO_train2014_000000478298.jpg,Does the baby already brush her own teeth? | Does she know how to use it? | Where can you get slippers like those? | What kind of shoes are those? | How old is that child?,coco_fallback
546594,coco,http://images.cocodataset.org/train2014/COCO_train2014_000000546594.jpg,Where did you see that plane? | What are those pointy things on each wing? | What type of plane is that? | Did you get to see it up close? | What kind of airplane is that?,coco_fallback
197636,coco,http://images.cocodataset.org/train2014/COCO_train2014_000000197636.jpg,Is that a shipping boat on the water? | Why is that ship so close to the beach? | Is that ship too close to shore? | What kind of ship is that? | Why are those people watching the boat?,coco_fallback
186099,coco,http://images.cocodataset.org/train2014/COCO_train2014_000000186099.jpg,How far away is the ski slope? | Why does the shadow look as blue as the sky? | Is there a ski lift nearby? | When did you start skiing? | Is everyone skiing the same way?,coco_fallback
288223,coco,http://images.cocodataset.org/train2014/COCO_train2014_000000288223.jpg,Where was this photograph of the skier taken? | Is this a professional skier? | What skiing competition is the person in? | Is that a girl? | Was this a competition?,coco_fallback
441905,coco,http://images.cocodataset.org/train2014/COCO_train2014_000000441905.jpg,Why is she wearing suspenders and a tie? | Was this on TV? | Why is the woman here dressed in somewhat masculine clothes? | Is she appearing in a play? | Where can I buy a tie like that?,coco_fallback
137045,coco,http://images.cocodataset.org/train2014/COCO_train2014_000000137045.jpg,Is the bear searching for food? | Do bears pant like dogs? | Was he the only bear? | Was the bear in the wild? | What kind of bear is that?,coco_fallback
565564,coco,http://images.cocodataset.org/train2014/COCO_train2014_000000565564.jpg,"Why are there double sinks? | Does this sink scream ""backsplash"" to you? | How big is that sink? | Is this kitchen freshly cleaned? | Whose kitchen is this?",coco_fallback
243526,coco,http://images.cocodataset.org/train2014/COCO_train2014_000000243526.jpg,How old is the kid? | How old is this kid? | What brand cell phone is she holding? | Does the baby play games on the phone? | What nationality is this adorable family?,coco_fallback
243527,coco,http://images.cocodataset.org/train2014/COCO_train2014_000000243527.jpg,Will anyone ever pick up this hitchhiker? | Did he really end up hitching a ride? | Where is he hitching a ride to? | Where is he going? | Is he really trying to catch a ride?,coco_fallback
333555,coco,http://images.cocodataset.org/train2014/COCO_train2014_000000333555.jpg,Is this an actual home or a showcase? | Is it always this clean? | Are the candles scented? | How often do you dust? | How much is the rent for this place?,coco_fallback
176551,coco,http://images.cocodataset.org/train2014/COCO_train2014_000000176551.jpg,Whose house is this? | Where did they get those suitcases? | Why are there suitcases under the desk? | What is the name of the artist who made the painting hanging on the wall? | What is in that chest on the table?,coco_fallback
163239,coco,http://images.cocodataset.org/train2014/COCO_train2014_000000163239.jpg,How long have you been skateboarding? | Where is that skate park located? | Are there more male or female skaters? | Do you think the person eventually fell down? | What is his name?,coco_fallback
534093,coco,http://images.cocodataset.org/train2014/COCO_train2014_000000534093.jpg,What is in that window? | Where is this? | Who lives in this room? | Was this taken in Mexico? | Is this near where you live?,coco_fallback
275271,coco,http://images.cocodataset.org/train2014/COCO_train2014_000000275271.jpg,Where did they get that clock? | What era are those candlesticks from? | How old are these home decorations? | What are those trophies? | Is this photograph from the inside of a palace?,coco_fallback
178812,coco,http://images.cocodataset.org/train2014/COCO_train2014_000000178812.jpg,Is that a pizza or is it a pie? | What is the name of the dish? | Is that a deep dish pizza or a normal one? | How long do you think that pizza took to make? | Why are they making cake?,coco_fallback
511829,coco,http://images.cocodataset.org/train2014/COCO_train2014_000000511829.jpg,Is he very good? | Where were you skiing at? | How long has this kid been skiing today? | How do you choose skis for a child? | Where is he skiing?,coco_fallback
209969,coco,http://images.cocodataset.org/train2014/COCO_train2014_000000209969.jpg,Where is this? | Where are these signs located? | Who can understand that sign? | What city is this in? | Are the schools all close by?,coco_fallback
381547,coco,http://images.cocodataset.org/train2014/COCO_train2014_000000381547.jpg,What kind of birds are these? | What are those posts used for? | What body of water was this on? | What is sticking out of the water? | Where is this?,coco_fallback
123180,coco,http://images.cocodataset.org/train2014/COCO_train2014_000000123180.jpg,Where is this? | Does the small giraffe not walk yet? | How tall is this giraffe? | How old is the baby giraffe? | How tall are those giraffes?,coco_fallback
395838,coco,http://images.cocodataset.org/train2014/COCO_train2014_000000395838.jpg,Is this bathroom small? | What are the dimensions of this bathroom? | What is the pattern on the curtain called? | Do you have a window next to your toilet? | Is the bathroom on the first floor of the house?,coco_fallback
511537,coco,http://images.cocodataset.org/train2014/COCO_train2014_000000511537.jpg,What countries are known for double decker buses? | Is this bus only for private passengers? | How much does it cost to hire that bus? | Why are double decker buses red? | Did you ride that bus?,coco_fallback
382142,coco,http://images.cocodataset.org/train2014/COCO_train2014_000000382142.jpg,What is the score in the game? | What teams are playing in this baseball game? | Did the batter hit the ball? | What was the result of that hit? | Do you think that will be a home run?,coco_fallback
357800,coco,http://images.cocodataset.org/train2014/COCO_train2014_000000357800.jpg,Did you find it ironic? | Is that a raised walkway? | How old is that sign? | In which city was the photo taken? | What city is this located in?,coco_fallback
33946,coco,http://images.cocodataset.org/train2014/COCO_train2014_000000033946.jpg,Is the banana ripe? | How old is the banana? | Who put this fruit like this? | What is that in shape of? | Who arranged the fruit that way?,coco_fallback
58563,coco,http://images.cocodataset.org/train2014/COCO_train2014_000000058563.jpg,Is there a pilot in the plane? | What year was the plane built? | Is it authentic? | Do you think this plane really flew in a WWII battle? | What kind of plane is this?,coco_fallback
33943,coco,http://images.cocodataset.org/train2014/COCO_train2014_000000033943.jpg,How did they design those windows? | How much does this house cost as a whole? | Why does a range need so many burners? | Is that your kitchen? | Is there a lower area outside of the kitchen?,coco_fallback
33940,coco,http://images.cocodataset.org/train2014/COCO_train2014_000000033940.jpg,What kind of bird is that? | What kind of bird is that? | Was this a wild bird? | What kind of bird is that? | Is the bird about to fly?,coco_fallback
421677,coco,http://images.cocodataset.org/train2014/COCO_train2014_000000421677.jpg,How high in the air are those kites? | Do the kites get tangled mid-air? | how high are the kites flying? | How high can they fly? | Where are these kites being flown,coco_fallback
302364,coco,http://images.cocodataset.org/train2014/COCO_train2014_000000302364.jpg,Is this man an experienced horse rider? | How old is the horse? | How long has he been riding the horse? | How long have you been riding horses? | Is this man following a trail?,coco_fallback
574032,coco,http://images.cocodataset.org/train2014/COCO_train2014_000000574032.jpg,Is it cloudy? | Why did you take this? | Why did you take a picture of a stoplight? | How long does the light stay green? | How cold is it outside?,coco_fallback
565217,coco,http://images.cocodataset.org/train2014/COCO_train2014_000000565217.jpg,Is it snow or hail in the photo? | How much snow did you get? | Why are there no dresses on the models? | Why does that sign say fred on the brick wall? | If it's snowing why is the ground not covered in it?,coco_fallback
364044,coco,http://images.cocodataset.org/train2014/COCO_train2014_000000364044.jpg,Are the jugs antique? | Are the two white vases hand cast? | What type of vase is that? | What is in those pots? | Are you going to paint the white vases?,coco_fallback
58765,coco,http://images.cocodataset.org/train2014/COCO_train2014_000000058765.jpg,What kind of pizza is that? | Why does that pizza look so weird? | What do you call the pastry beside the pizza? | What restaurant is this food from? | Where is the restaurant that served this stripped down pizza?,coco_fallback
115590,coco,http://images.cocodataset.org/train2014/COCO_train2014_000000115590.jpg,What kind of boat is that? | How old is the man? | Is the man ready to skateboard? | Is he getting ready to do an oliie? | What is his name?,coco_fallback
99607,coco,http://images.cocodataset.org/train2014/COCO_train2014_000000099607.jpg,What kind of tie is that? | Is this a future fashion icon? | Why is that boy dressed up? | Where is the little boy going? | What kind of shirt is he wearing?,coco_fallback
160143,coco,http://images.cocodataset.org/train2014/COCO_train2014_000000160143.jpg,Is this food healthy? | What type of food is this? | Was that doughnut sandwich tasty? | What kind of doughnut is that? | How did that taste?,coco_fallback
407038,coco,http://images.cocodataset.org/train2014/COCO_train2014_000000407038.jpg,How young is that elephant? | How old was the little elephant? | Is the baby elephant hairy? | How old is that elephant? | Was the baby elephant born recently?,coco_fallback
234516,coco,http://images.cocodataset.org/train2014/COCO_train2014_000000234516.jpg,Was this taken in the 1930s? | How old are those cars? | What model year are those trucks? | Was this a family business? | What year was this photograph taken?,coco_fallback
528130,coco,http://images.cocodataset.org/train2014/COCO_train2014_000000528130.jpg,How old are those sheep? | Is that sheep asleep? | Where was their mom? | How old is the sheep? | Were you allowed to pet the sheep?,coco_fallback
385881,coco,http://images.cocodataset.org/train2014/COCO_train2014_000000385881.jpg,Is this a competition? | What ski resort is this snowboarder skiing at? | What mountain are they on? | What competition is he in? | What is the name of the snow boarder?,coco_fallback
164302,coco,http://images.cocodataset.org/train2014/COCO_train2014_000000164302.jpg,Does this cat like covers? | Would you let a cat sleep in your bed? | Is the cat comfortable? | What is the cat's name? | What kind of cat is it?,coco_fallback
347663,coco,http://images.cocodataset.org/train2014/COCO_train2014_000000347663.jpg,Does he have anything in his pockets? | What kind of skateboard is that? | Was this at a formal competition? | Is this a skateboard competition? | What kind of skateboard is that?,coco_fallback
175991,coco,http://images.cocodataset.org/train2014/COCO_train2014_000000175991.jpg,Have you ever toured the inside of the clock tower? | How old is it? | What city is that tower in? | Should I know the name of this clock? | What is the time on the clock?,coco_fallback
183372,coco,http://images.cocodataset.org/train2014/COCO_train2014_000000183372.jpg,What game are they playing? | What game are they playing? | What game are they playing? | What were they playing? | Were you playing strip rules?,coco_fallback
220686,coco,http://images.cocodataset.org/train2014/COCO_train2014_000000220686.jpg,What is the name of that street? | Why do you need a double decker bus? | Where is the bus going? | What city is that in? | Is this bus waiting for passengers?,coco_fallback
4189,coco,http://images.cocodataset.org/train2014/COCO_train2014_000000004189.jpg,is someone in the bed | Is that your bedroom? | Is it early morning in this room? | Whose room is that? | Who slept in the bed?,coco_fallback
183594,coco,http://images.cocodataset.org/train2014/COCO_train2014_000000183594.jpg,Was this taken outside of the US? | What is the name of this supermarket? | How many bananas do you think you eat in a year? | What kind of bananas are these? | How much do the bananas cost there?,coco_fallback
66129,coco,http://images.cocodataset.org/train2014/COCO_train2014_000000066129.jpg,What restaurant is this? | Was this real Italian-style pizza? | Who made this pizza? | How many pieces did you eat? | How did the pizza taste?,coco_fallback
268899,coco,http://images.cocodataset.org/train2014/COCO_train2014_000000268899.jpg,What kind of cell phone is that? | What is the person doing with the phone? | Is this some sort of a remote? | Is this a back of a cell phone? | What is that card for?,coco_fallback
529665,coco,http://images.cocodataset.org/train2014/COCO_train2014_000000529665.jpg,What team does this player play for? | What is the name of this team? | Did your team win? | Who won the game? | What is the score in the game?,coco_fallback
287998,coco,http://images.cocodataset.org/train2014/COCO_train2014_000000287998.jpg,Will you wash the oranges? | What will you make with them? | Why do you need so many oranges? | Are the oranges in bowl organic? | Are the oranges from the tree in your backyard?,coco_fallback
228392,coco,http://images.cocodataset.org/train2014/COCO_train2014_000000228392.jpg,Would tree branches damage that kite? | Who climbed the tree to get the kite down? | How did the kite get in the tree? | How do you get a kite out of a tree? | Did it get stuck for long?,coco_fallback
482314,coco,http://images.cocodataset.org/train2014/COCO_train2014_000000482314.jpg,How is that Frisbee staying in the dog's mouth? | Was this at a competition? | Is this dog in a competition? | Was the dog in a competition? | Is this some sort of competition?,coco_fallback
359201,coco,http://images.cocodataset.org/train2014/COCO_train2014_000000359201.jpg,What is the name of thsi type of hot dog? | What do you think the saturated fat grams are in that bacon hot dog? | What dish is being prepared? | What is the name of that hot dog? | You make these in advance?,coco_fallback
146901,coco,http://images.cocodataset.org/train2014/COCO_train2014_000000146901.jpg,Is this zebra part of a large herd? | How old is the zebra? | Is it a special subspecies? | How much does a zebra weigh? | Is the zebra looking at you?,coco_fallback
13874,coco,http://images.cocodataset.org/train2014/COCO_train2014_000000013874.jpg,Who is that lady? | Who is she talking to? | Who is that girl looking for? | Who is she talking to on the phone? | Who is she talking to?,coco_fallback
66127,coco,http://images.cocodataset.org/train2014/COCO_train2014_000000066127.jpg,Where is this? | Why is there so much graffiti on this vehicle? | Who spray painted the bus? | Does someone own this trailer? | Where is the bus going?,coco_fallback
31010,coco,http://images.cocodataset.org/train2014/COCO_train2014_000000031010.jpg,Do you think this bird talks? | What type of bird is this? | What breed of bird is it? | What kind of bird is that? | Is that a parrot?,coco_fallback
355796,coco,http://images.cocodataset.org/train2014/COCO_train2014_000000355796.jpg,Did they seem to get along well? | Do zebras and wildebeest live compatibly? | Why is that zebra all by himself? | What is the name of the species grazing with the zebra?\ | Was this photo taken on your safari?,coco_fallback
384424,coco,http://images.cocodataset.org/train2014/COCO_train2014_000000384424.jpg,Does the clock on the top still work? | How old is this building? | Where is this? | Is that a church? | Do you like the stone work of that home?,coco_fallback
107051,coco,http://images.cocodataset.org/train2014/COCO_train2014_000000107051.jpg,Is the bathroom clean? | Whose bathroom is this? | Where was this taken? | Why is the bidet was so dirty? | Is this bathroom clean?,coco_fallback
414700,coco,http://images.cocodataset.org/train2014/COCO_train2014_000000414700.jpg,What is the purpose of those antennae-like things on its head? | Does this giraffe get to stay outdoors most of the day? | Why is the giraffe sad? | Is this giraffe at a zoo? | What is the giraffe putting its head down for?,coco_fallback
532482,coco,http://images.cocodataset.org/train2014/COCO_train2014_000000532482.jpg,Where is this? | How have so many people crashed into the poles near the hydrant? | Why are there pillars around the fire hydrant? | Does this fire hydrant work properly? | What kind of fire hydrant is that?,coco_fallback
480940,coco,http://images.cocodataset.org/train2014/COCO_train2014_000000480940.jpg,Whose backyard is this? | What kinds of plants are those? | Is this a garden in the city or the suburbs? | What type of bush is that on the right? | What do you have planted?,coco_fallback
341871,coco,http://images.cocodataset.org/train2014/COCO_train2014_000000341871.jpg,What is the man doing? | What kind of wall paper is that? | Where did he get that clock? | Is he cooking? | Is that steam or smoke in the room?,coco_fallback
433911,coco,http://images.cocodataset.org/train2014/COCO_train2014_000000433911.jpg,Who's bathroom is that? | Is that a new bathroom? | Is there a light shining on the toilet paper? | Why does there appear to be a spotlight on the toilet? | Is that slate tile on the floor?,coco_fallback
369167,coco,http://images.cocodataset.org/train2014/COCO_train2014_000000369167.jpg,How well can the kid use the computer? | Does he know how to use it? | What game is he playing on the computer? | Why is that laptop bigger than the boy? | What is the kid looking at on the computer?,coco_fallback
417720,coco,http://images.cocodataset.org/train2014/COCO_train2014_000000417720.jpg,Is that a Pikachu hood? | Why are they dressed that way? | Why is she dressed in a costume? | Was this for halloween? | Why is the girl wearing a Pickachu costume?,coco_fallback
312242,coco,http://images.cocodataset.org/train2014/COCO_train2014_000000312242.jpg,What's the bird going on top the cow's head? | Did the bird ride him for long? | Is the bird on his head? | What kind of cow is that? | Did the cow get mad at the bird?,coco_fallback
475711,coco,http://images.cocodataset.org/train2014/COCO_train2014_000000475711.jpg,Is the dog catching the frisbee? | What is the dog's name? | How do you teach a dog to play Frisbee? | What breed of dog is that? | Do you think the dog brings the Frisbee back to his owner?,coco_fallback
154927,coco,http://images.cocodataset.org/train2014/COCO_train2014_000000154927.jpg,How old is the woman? | What is her name? | What kind of camera is that? | Is this woman taking a selfie? | Did the flash go off on the camera?,coco_fallback
156769,coco,http://images.cocodataset.org/train2014/COCO_train2014_000000156769.jpg,How many right angles are in this picture? | Are all the lights yellow? | Are the stoplights red? | Do those look like normal stoplights? | What street is that?,coco_fallback
86677,coco,http://images.cocodataset.org/train2014/COCO_train2014_000000086677.jpg,What time does the clock say? | Does it still look like that? | is this a house or sketh | Is this a real photo or a drawing? | Is that a drawing?,coco_fallback
471155,coco,http://images.cocodataset.org/train2014/COCO_train2014_000000471155.jpg,What kind of sandwich is this? | What kind of food is that? | Did the sub taste good? | How many people does that sandwich serve? | What food is this?,coco_fallback
399825,coco,http://images.cocodataset.org/train2014/COCO_train2014_000000399825.jpg,Was the bear a gift? | Where can I get that bear? | Is that bear a gift? | Was it in the trash? | What is the piece of wood for?,coco_fallback
31161,coco,http://images.cocodataset.org/train2014/COCO_train2014_000000031161.jpg,How long were you at the park? | How tall is the monument? | Where is this? | How high is that kite flying? | What city is this based on the tower?,coco_fallback
375568,coco,http://images.cocodataset.org/train2014/COCO_train2014_000000375568.jpg,Is the dog tied up? | How much does she weigh? | Whose dog is in the photo? | How old is the puppy? | What type of dog is that?,coco_fallback
461217,coco,http://images.cocodataset.org/train2014/COCO_train2014_000000461217.jpg,Is this at a farmer's market? | What kind of fruit is in the middle? | Do you use pomegranates in cooking? | Are those pomegranates? | What type of fruit is that?,coco_fallback
301943,coco,http://images.cocodataset.org/train2014/COCO_train2014_000000301943.jpg,How many dogs do you have? | What do they see? | Hold old are those dogs? | What breed of dog is that? | Are these two dogs related?,coco_fallback
226528,coco,http://images.cocodataset.org/train2014/COCO_train2014_000000226528.jpg,When did the firehydrant get painted last? | Why is the fire hydrant in the middle of the street? | Why isn't the fire hydrant red? | Is that fire hydrant in the middle of the street? | What store is this?,coco_fallback
252186,coco,http://images.cocodataset.org/train2014/COCO_train2014_000000252186.jpg,Is there a restaurant in the reflection? | What kind of mirror is that? | Is this mirror in a public bathroom? | What do you call that kind of mirror? | What are the mirrors for?,coco_fallback
286910,coco,http://images.cocodataset.org/train2014/COCO_train2014_000000286910.jpg,Where are these donuts from? | What kind of donuts are these? | What kind of donuts are these? | How much did those doughnuts cost? | Where did you get these?,coco_fallback
491914,coco,http://images.cocodataset.org/train2014/COCO_train2014_000000491914.jpg,Where was this taken? | What are these zebra doing? | Are the zebras eating? | Were there other animals there? | How does their coloring work as camouflage?,coco_fallback
174005,coco,http://images.cocodataset.org/train2014/COCO_train2014_000000174005.jpg,Do you call that a ginger cat? | Is the cat a purebreed? | How old is that cat? | Why does the cat like to lay on shoes? | Is the cat taking those shoes?,coco_fallback
347068,coco,http://images.cocodataset.org/train2014/COCO_train2014_000000347068.jpg,Whose bathroom is thi? | Where was this taken? | why is that bathroom all windows? | Could you imagine using that restroom with glass walls? | Why are the windows clear?,coco_fallback
151345,coco,http://images.cocodataset.org/train2014/COCO_train2014_000000151345.jpg,Where is the rider? | Is that motorcycle far from the bridge? | What is in the bag? | What year model is that bike? | How many miles per gallon does this motorcycle get?,coco_fallback
208907,coco,http://images.cocodataset.org/train2014/COCO_train2014_000000208907.jpg,What kind of machine is this? | What type of building is that? | Is that a railroad car? | Is that a train? | Is that an old barn?,coco_fallback
172501,coco,http://images.cocodataset.org/train2014/COCO_train2014_000000172501.jpg,Who is she waiting for? | Where is she going? | How long has the woman been walking? | Why does she look frightened? | Why is she standing in the middle of the street?,coco_fallback
155198,coco,http://images.cocodataset.org/train2014/COCO_train2014_000000155198.jpg,What beach is she at? | What beach is this? | Is this on a beach? | Is this beach located in South America? | When were parasols first in fashion?,coco_fallback
337780,coco,http://images.cocodataset.org/train2014/COCO_train2014_000000337780.jpg,Where is this? | Are elephants allowed to walk in traffic? | What city is that in? | Why is he riding an elephant? | Why is there an elephant in the street?,coco_fallback
92288,coco,http://images.cocodataset.org/train2014/COCO_train2014_000000092288.jpg,What type of sandwich is that? | What kind of salad is that? | What toppings are on the sandwich? | What kind of sandwich is on this plate? | Why is the salt pink?,coco_fallback
91952,coco,http://images.cocodataset.org/train2014/COCO_train2014_000000091952.jpg,WHAT KIND FO SANDWICH IS IT? | Did you make that? | What kind of sauce is that? | Does that taste good? | What is that food?,coco_fallback
338363,coco,http://images.cocodataset.org/train2014/COCO_train2014_000000338363.jpg,Is that an abandoned castle? | Did you go inside? | What building is that? | Is that a church or a courthouse? | What is that building used for?,coco_fallback
114083,coco,http://images.cocodataset.org/train2014/COCO_train2014_000000114083.jpg,Is it fun? | Where can I get a Wiimote like this? | Does he work as a hand model? | Do you play it a lot? | What Wii game is the person playing?,coco_fallback
452353,coco,http://images.cocodataset.org/train2014/COCO_train2014_000000452353.jpg,Is that an orange on the plate? | Is that an orange? | Who cut that fruit? | When was the orange cut in half? | What kind of orange is this?,coco_fallback
26719,coco,http://images.cocodataset.org/train2014/COCO_train2014_000000026719.jpg,Where is this? | What is in the cow's ear? | Who's cow is that? | Is this cow tagged? | How much does that cow weigh?,coco_fallback
483557,coco,http://images.cocodataset.org/train2014/COCO_train2014_000000483557.jpg,In what country do they transport goods like this? | What is in that truck? | Is that truck delivering fruit? | Where is that food truck going? | Are their fruit stands along the entire road?,coco_fallback
434053,coco,http://images.cocodataset.org/train2014/COCO_train2014_000000434053.jpg,Is this an advertisement? | Does this cup have coffee in it? | What is that red and white thing? | What kind of mouse is that? | what is next to the starbucks coffee?,coco_fallback
462037,coco,http://images.cocodataset.org/train2014/COCO_train2014_000000462037.jpg,What game are they plating? | What video game system are they using? | What game are they playing? | What game are they playing? | What type of gaming are they playing?,coco_fallback
26529,coco,http://images.cocodataset.org/train2014/COCO_train2014_000000026529.jpg,What mountain are they on? | Is this person an expert skier or an amateur? | Who is that skiing? | Is the skier going to hit the pole? | How does the competition work?,coco_fallback
361361,coco,http://images.cocodataset.org/train2014/COCO_train2014_000000361361.jpg,Is he making a business call? | Do you need me to help you choose the best? | Who is he talking to on the phone? | Who are you talking to? | To whom is this guy talking?,coco_fallback
43227,coco,http://images.cocodataset.org/train2014/COCO_train2014_000000043227.jpg,How much do you like the computer? | What is that square thing to the right of the computer? | What kind of computer is that? | Whose computer is this? | Does the mouse match the keyboard?,coco_fallback
93778,coco,http://images.cocodataset.org/train2014/COCO_train2014_000000093778.jpg,How tall is that giraffe? | Are giraffe spots as unique as fingerprints? | Was this taken in Africa? | Where is the giraffe's head? | Did he reach the leaves easily?,coco_fallback
437831,coco,http://images.cocodataset.org/train2014/COCO_train2014_000000437831.jpg,How far can he throw a ball? | Did the little boy catch the ball or pick it up off the ground? | Is he learning fast? | What's the boy's name? | How old is he?,coco_fallback
499324,coco,http://images.cocodataset.org/train2014/COCO_train2014_000000499324.jpg,How much did that bathroom cost? | Why is there a mirror above the toilet? | Why does everything in this bathroom look so yellow? | Is this in the hotel? | Is there a light on in this bathroom?,coco_fallback
241809,coco,http://images.cocodataset.org/train2014/COCO_train2014_000000241809.jpg,How do you pack so neatly? | Where do you suppose this person was visiting based on what they packed? | How do you think they managed to fit so much stuff in that suit case? | Who packed the suitcase so neatly? | Where are you going?,coco_fallback
308040,coco,http://images.cocodataset.org/train2014/COCO_train2014_000000308040.jpg,Where did you get all of those pillows from? | Do the dogs sleep on top of the back of the sofa too? | How much did the art cost? | Where is that poster from? | How many dogs do you have?,coco_fallback
224109,coco,http://images.cocodataset.org/train2014/COCO_train2014_000000224109.jpg,Are these animals in a herd? | Are the giraffes in the zoo? | How tall are those giraffes? | How old is the baby giraffe? | what zoo is this,coco_fallback
373400,coco,http://images.cocodataset.org/train2014/COCO_train2014_000000373400.jpg,Is that a computer repair shop? | Do these people fix computers? | What was the event? | Are these computers part of a demonstration? | Why are there so many computers?,coco_fallback
372804,coco,http://images.cocodataset.org/train2014/COCO_train2014_000000372804.jpg,What is the triangle hat called? | Why are so many people on scooters? | What kind of bike is that? | What country is this? | Was the bicycle really going faster?,coco_fallback
386936,coco,http://images.cocodataset.org/train2014/COCO_train2014_000000386936.jpg,Is that the dog | Why is the dog holding a stuffed animal? | Does he always sleep with it? | How old is that dog? | Does the dog ever sleep with different stuffed animals?,coco_fallback
186500,coco,http://images.cocodataset.org/train2014/COCO_train2014_000000186500.jpg,Did you paint that? | Who designed this room? | Who is the artist of the painting? | What brand chairs are those? | Is this a hotel room?,coco_fallback
61308,coco,http://images.cocodataset.org/train2014/COCO_train2014_000000061308.jpg,"Is this man part of a ""banker zombie"" protest? | What is all over this man? | What is on this man's face? | What is that powder all over him? | Are the people dressed as Zombies?",coco_fallback
5862,coco,http://images.cocodataset.org/train2014/COCO_train2014_000000005862.jpg,How do you prevent eye glow when you take a picture of your pet? | Do the dogs usually sleep on the couch? | Is there a person on the couch? | What kind of dog is the brown one? | I wonder if that bed smells like dogs?,coco_fallback
335003,coco,http://images.cocodataset.org/train2014/COCO_train2014_000000335003.jpg,What kind of filling is in this donut? | How old is the boy? | How old is this boy? | How many did he eat? | How old is the boy?,coco_fallback
527557,coco,http://images.cocodataset.org/train2014/COCO_train2014_000000527557.jpg,Is that a hangar? | Are these owned by an antique vehicle collector? | Is this an old photo? | Is this a museum for vintage transportation? | What model is the black car?,coco_fallback
259652,coco,http://images.cocodataset.org/train2014/COCO_train2014_000000259652.jpg,How old is the boy ? | How old is the boy? | Is this boy normally a deep thinker? | What is he waiting on? | Is the boy waiting?,coco_fallback
377983,coco,http://images.cocodataset.org/train2014/COCO_train2014_000000377983.jpg,What kind of dog is that? | What is the dog's name? | What kind of dog is that? | What kind of dog is that? | Is the dog happy?,coco_fallback
145631,coco,http://images.cocodataset.org/train2014/COCO_train2014_000000145631.jpg,Is he getting ready to bat? | Who is that baseball player? | Is he having a good season? | How good do you think he bats? | What baseball player is that?,coco_fallback
420673,coco,http://images.cocodataset.org/train2014/COCO_train2014_000000420673.jpg,Can fire hydrants freeze? | How many inches of snow are expected? | Why is the snow cleared just by the fire hydrant? | Where is this? | How cold is it?,coco_fallback
215577,coco,http://images.cocodataset.org/train2014/COCO_train2014_000000215577.jpg,What kind of doughnut is that? | What kind of bread is that? | Is that the only doughnut you had to choose from? | Was that cronut? | Was the doughnut good?,coco_fallback
436400,coco,http://images.cocodataset.org/train2014/COCO_train2014_000000436400.jpg,Did you take this in black and white or is it just really dark? | What kind of flower is that? | What type of flower is this? | Are those trees? | What kind of flowers are in the vase?,coco_fallback
436406,coco,http://images.cocodataset.org/train2014/COCO_train2014_000000436406.jpg,What city is shown in this photo? | Where is cottage grove? | Why is there a big rat on the street? | Why is there a model of a giant rat? | Is that giant rat inflatable?,coco_fallback
35643,coco,http://images.cocodataset.org/train2014/COCO_train2014_000000035643.jpg,How long has the woman been snowboarding? | How do you stand up after you wipe out? | Did she fall? | How long have you been snowboarding? | How long has that person been snowboarding?,coco_fallback
200910,coco,http://images.cocodataset.org/train2014/COCO_train2014_000000200910.jpg,What team does this girl play for? | Who won? | What's the score in the game? | What type of ball is that? | Is this a pro or amateur soccer game?,coco_fallback
22298,coco,http://images.cocodataset.org/train2014/COCO_train2014_000000022298.jpg,Is someone driving the bus? | What city is this street in? | Is this the bus you ride? | Where is the bus going? | Where is the bus headed?,coco_fallback
124899,coco,http://images.cocodataset.org/train2014/COCO_train2014_000000124899.jpg,Does he really use it? | What kind of breed is that cat? | Does that cat regularly drink toilet water? | What happened to the wall? | Why is the cat sitting on the toilet?,coco_fallback
158028,coco,http://images.cocodataset.org/train2014/COCO_train2014_000000158028.jpg,Are these organic bananas? | Where are these bananas being sold? | How old are those bananas? | Do you like them green? | How do you choose bananas to buy?,coco_fallback
195583,coco,http://images.cocodataset.org/train2014/COCO_train2014_000000195583.jpg,How big is this bathroom? | Is that vinyl flooring? | What do you think of this beige on beige decor? | Is that your bathroom? | Where is the shower?,coco_fallback
239307,coco,http://images.cocodataset.org/train2014/COCO_train2014_000000239307.jpg,Do this man realize he has someone snooping behind him? | Why is the man blurry? | What kind of phone is that? | Do you think he actually knows how to use a smartphone? | What is the man trying to do?,coco_fallback
286061,coco,http://images.cocodataset.org/train2014/COCO_train2014_000000286061.jpg,Is this a ski resort? | What mountain are they on? | What type of skis are those? | How is the skiing here? | Are these people friends?,coco_fallback
373623,coco,http://images.cocodataset.org/train2014/COCO_train2014_000000373623.jpg,How often does the cat play the Wii? | What kind of cat is that? | What kind of cat is that? | Can your cat play any? | Do you think that cat is trying to stop his owner from playing the wii?,coco_fallback
88671,coco,http://images.cocodataset.org/train2014/COCO_train2014_000000088671.jpg,What is that dog carrying? | Have these dogs not met before? | Did the dogs get into a fight? | How old is the dog to the left? | Is the dog on the left a rescue dog?,coco_fallback
28878,coco,http://images.cocodataset.org/train2014/COCO_train2014_000000028878.jpg,Does he really watch it? | What kind of shows do dogs prefer? | Does the dog watch TV often? | Does the dog like the show? | What show is the dog watching?,coco_fallback
126910,coco,http://images.cocodataset.org/train2014/COCO_train2014_000000126910.jpg,Did she have to cut it up to eat? | Are there two patties on that hamburger? | How much did the burger cost? | Why is that little lady trying to eat such a huge sandwich? | Do you think she can fit that burger in her mouth?,coco_fallback
60873,coco,http://images.cocodataset.org/train2014/COCO_train2014_000000060873.jpg,Is he surfing at sunset? | Who is that surfing? | Is that water cold? | How high do the waves need to be to surf? | What kind of board is he riding?,coco_fallback
350138,coco,http://images.cocodataset.org/train2014/COCO_train2014_000000350138.jpg,How old is this truck? | How do you move a house with that truck? | Who are they helping move? | What auto show was this? | Did you buy it?,coco_fallback
320812,coco,http://images.cocodataset.org/train2014/COCO_train2014_000000320812.jpg,What city is this street in? | Is this fire hydrant just for decoration? | Was this fire hydrant recently painted? | Why are fire hydrants red? | Is it freshly painted?,coco_fallback
253764,coco,http://images.cocodataset.org/train2014/COCO_train2014_000000253764.jpg,What are the streamers for? | Where is this church located? | Has the church recently been rebuilt? | Are the banners strung for a festival? | Is this clock tower located in a city at very high elevation?,coco_fallback
439171,coco,http://images.cocodataset.org/train2014/COCO_train2014_000000439171.jpg,Is this at a zoo? | Are there any other giraffes in with him? | How tall is this giraffe? | Is this animal in a zoo? | Does the giraffe have room to run?,coco_fallback
428208,coco,http://images.cocodataset.org/train2014/COCO_train2014_000000428208.jpg,Why are the dishes separated? | Who are the salads being served to? | What was all the food for? | Did you make all these lunches? | Are they going to freeze these meals?,coco_fallback
361564,coco,http://images.cocodataset.org/train2014/COCO_train2014_000000361564.jpg,Is the truck abandoned? | What brand of truck is that? | Did you camp in the truck? | What is the reason for that mega grill guard? | What type of truck is that?,coco_fallback
544623,coco,http://images.cocodataset.org/train2014/COCO_train2014_000000544623.jpg,Is this man getting undressed? | Why does his tie look so big on him? | What hotel is he at? | When was the last time you wore a tie to work? | Is this a hotel room?,coco_fallback
425550,coco,http://images.cocodataset.org/train2014/COCO_train2014_000000425550.jpg,Did you eat it all yourself? | What is all on the pizza? | Where did that pizza come from? | What is on the pizza? | What kind of pizza is that?,coco_fallback
304849,coco,http://images.cocodataset.org/train2014/COCO_train2014_000000304849.jpg,What do the carvings of the angles at the bottom represent? | What castle is that? | Does that clock work? | What building is that? | When was that church built?,coco_fallback
35241,coco,http://images.cocodataset.org/train2014/COCO_train2014_000000035241.jpg,Which ski resort is this? | Which mountain is this? | Which ski run is this? | Were you able to ski right up to your hotel? | Are you a beginner or a pro?,coco_fallback
35240,coco,http://images.cocodataset.org/train2014/COCO_train2014_000000035240.jpg,What lake is this? | What kind of boat is that? | Where is this? | Is the man going to crash while skiing? | Will the man fall off his water skiis?,coco_fallback
449841,coco,http://images.cocodataset.org/train2014/COCO_train2014_000000449841.jpg,What else is in this room beside the bed? | Do you use all the pillows? | How big is that bed? | Was this taken in a hotel? | What kind of bed is that?,coco_fallback
39043,coco,http://images.cocodataset.org/train2014/COCO_train2014_000000039043.jpg,Is that a wood table over the sink? | What is that? | Is this a public restroom? | Where is this bathroom? | Where did the sink counter come from?,coco_fallback
276125,coco,http://images.cocodataset.org/train2014/COCO_train2014_000000276125.jpg,Where is the bus going? | Was traffic bad? | Did you ride the bus? | Where was this taken? | Why is the bus empty?,coco_fallback
486471,coco,http://images.cocodataset.org/train2014/COCO_train2014_000000486471.jpg,What football club is this? | What is the score of the match? | What's the score of the soccer game? | Did they keep playing in the rain? | What team is better?,coco_fallback
449029,coco,http://images.cocodataset.org/train2014/COCO_train2014_000000449029.jpg,Is that snow on the ground? | Are the streets coated with ice? | Did you stay inside all night? | Is a car blurry in this picture? | Why are those cars so similar and so close together?,coco_fallback
201,coco,http://images.cocodataset.org/train2014/COCO_train2014_000000000201.jpg,Where is this ski slope? | Do people steal these snowboards? | Are the snow boards protected? | Are these snowboards going to be used? | Do you snowboard a lot?,coco_fallback
448887,coco,http://images.cocodataset.org/train2014/COCO_train2014_000000448887.jpg,What language is that on the side of the vehicle? | Is that the bus terminal? | How do you know which one is yours? | Is this a train station? | Where are the buses going?,coco_fallback
500036,coco,http://images.cocodataset.org/train2014/COCO_train2014_000000500036.jpg,Did you like the food there? | Is this food from a restaurant? | What is in that bowl? | At what restaurant did you get the food? | Are there only vegetables in the bowl?,coco_fallback
405271,coco,http://images.cocodataset.org/train2014/COCO_train2014_000000405271.jpg,Where are these guys vacationing at? | How far did you all go? | What mountain are they on? | Where are they skiing? | Is it winter where they are?,coco_fallback
400094,coco,http://images.cocodataset.org/train2014/COCO_train2014_000000400094.jpg,Did you make it to the top of the hill? | Where are they? | What mountain are they skiing on? | What state are they skiing in? | why are the they trying to go uphill?,coco_fallback
201192,coco,http://images.cocodataset.org/train2014/COCO_train2014_000000201192.jpg,Is the computer connected to the tv? | What is the red food on the paper plate? | Is the laptop connected to the tv? | Is the show on tv a re-run? | What brand of laptop is this?,coco_fallback
150017,coco,http://images.cocodataset.org/train2014/COCO_train2014_000000150017.jpg,How old is the baby? | Why is the baby bathing in the sink? | Why is this baby being bathed in the sink? | Is this baby clean yet? | How old is the baby?,coco_fallback
397582,coco,http://images.cocodataset.org/train2014/COCO_train2014_000000397582.jpg,Do you think the dog enjoys being laid on? | Is the dog scared? | Who is the person with the dog? | What do you think that dog is thinking? | What kind of dog is that?,coco_fallback
356868,coco,http://images.cocodataset.org/train2014/COCO_train2014_000000356868.jpg,Where were you? | Did you remember your lederhosen? | Is this woman really fat? | What is she wearing? | So you square dance?,coco_fallback
322952,coco,http://images.cocodataset.org/train2014/COCO_train2014_000000322952.jpg,Is this plane carrying people or packages? | Do you work for them? | What airport was that at? | Where is the plane going? | How many packages do you think a FedEx plane can hold?,coco_fallback
56313,coco,http://images.cocodataset.org/train2014/COCO_train2014_000000056313.jpg,Who won the game? | What team does that guy play for? | What team does he play for? | Do you think the baseball player is happy right now? | Did this player strike out?,coco_fallback
427886,coco,http://images.cocodataset.org/train2014/COCO_train2014_000000427886.jpg,What kind of lens did they use to get this curved bathroom effect? | Was the bathroom clean? | Who cleaned the bathroom? | How big is that bathroom | Is this restroom for a business?,coco_fallback
32286,coco,http://images.cocodataset.org/train2014/COCO_train2014_000000032286.jpg,Is that chocolate on these doughnuts? | What kind of doughnuts are those? | What sort of filling are in those doughnuts? | Are those doughnuts filled with cream? | What filling do these doughnuts have?,coco_fallback
324049,coco,http://images.cocodataset.org/train2014/COCO_train2014_000000324049.jpg,Are all of these cows the same breed? | What mountain range is that? | Do the cows ever get to eat green grass? | Why do they have cows? | Do the farmers give them hay?,coco_fallback
439613,coco,http://images.cocodataset.org/train2014/COCO_train2014_000000439613.jpg,What was the purpose of your visit? | What river is that? | Is that Big Ben? | What city is this in? | Is that Big Ben?,coco_fallback
215480,coco,http://images.cocodataset.org/train2014/COCO_train2014_000000215480.jpg,What type of sheep are those? | Where was this taken? | What are the sheep being corralled for? | What are these sheep for? | Have these sheep just been sheered?,coco_fallback
445028,coco,http://images.cocodataset.org/train2014/COCO_train2014_000000445028.jpg,Who cleans the bathoom? | Is this bathroom hard to keep clean? | Do you think there's enough storage in this bathroom? | What type of marble is on the wall? | Can only one person use the bathroom at a time?,coco_fallback
189459,coco,http://images.cocodataset.org/train2014/COCO_train2014_000000189459.jpg,What kind of trees are in the background? | Are the cows for sale? | Is the right cow a calf? | Are these cows being farmed for their meat? | What kind of cows are those?,coco_fallback
340082,coco,http://images.cocodataset.org/train2014/COCO_train2014_000000340082.jpg,Where is this? | What country is this in? | What kind of bus is that? | Is that your tour bus? | Is that a bus?,coco_fallback
340081,coco,http://images.cocodataset.org/train2014/COCO_train2014_000000340081.jpg,Are the surfers being recorded? | Who is the guy in the green shirt? | Are they at a surfboard competition? | Why is the guy in back holding a camera and tripod? | Do you know him?,coco_fallback
566969,coco,http://images.cocodataset.org/train2014/COCO_train2014_000000566969.jpg,How do you know if bananas are ripe? | Did you buy those? | Did this man buy those bananas? | What kind of produce makes the best hat? | What store is this?,coco_fallback
357799,coco,http://images.cocodataset.org/train2014/COCO_train2014_000000357799.jpg,How old are those girls? | Do they play in competitions yet? | Do the girls slide in to the bases? | How old are those girls? | Are these two girls siblings?,coco_fallback
572358,coco,http://images.cocodataset.org/train2014/COCO_train2014_000000572358.jpg,Why is that chair so big? | What is the symbolism of this park sculpture? | Why is that chair so big? | Why is there a huge chair there? | Is she painting?,coco_fallback
287601,coco,http://images.cocodataset.org/train2014/COCO_train2014_000000287601.jpg,What two places does the bridge connect? | What is the name of that bridge? | Does this bridge pass safety inspections? | How old is the bridge? | Where is this?,coco_fallback
316937,coco,http://images.cocodataset.org/train2014/COCO_train2014_000000316937.jpg,Did you wash these teddies in the washing machine? | Why are the bears hanging? | Why are the bears hanging on a clothesline? | Why are the teddy bears on the clothes line? | How did they all get dirty at the same time?,coco_fallback
21462,coco,http://images.cocodataset.org/train2014/COCO_train2014_000000021462.jpg,Are wine tastings popular here? | Who is the guy in the beard? | Does he play Santa in the winter? | Was that at a winery? | Who brewed the liquor?,coco_fallback
498854,coco,http://images.cocodataset.org/train2014/COCO_train2014_000000498854.jpg,Why are flowers inside the boot? | Was it glued in place? | What kind of flowers are those? | What kind of flowers are those? | Why is the boot acting like a vase?,coco_fallback
475493,coco,http://images.cocodataset.org/train2014/COCO_train2014_000000475493.jpg,Why are the cows crossing the street? | Where are the cows going? | Why isn't that man helping to round up the cows? | How long did it take all the cows to cross the road? | Where are the cows going?,coco_fallback
98703,coco,http://images.cocodataset.org/train2014/COCO_train2014_000000098703.jpg,Do you have more than one calf? | Is that a cow outside? | What is outside the window? | Why is that cow in the yard? | What kind of animal is that?,coco_fallback
261887,coco,http://images.cocodataset.org/train2014/COCO_train2014_000000261887.jpg,Is this a good spot for fishing at night? | Are the boats docked? | How many boats were there? | What is in the middle of the water? | Are these ships sailing or just waiting?,coco_fallback
43829,coco,http://images.cocodataset.org/train2014/COCO_train2014_000000043829.jpg,Is he sliding across the top of that structure? | Does the person make it down without falling? | How old is the person snowboarding? | What kind of trick is that? | Is this person going to make the jump?,coco_fallback
104343,coco,http://images.cocodataset.org/train2014/COCO_train2014_000000104343.jpg,Where are these children traveling? | Where were the students traveling? | Where do these kids go to school to have uniforms like that? | Where are these kids going? | How long will she be gone?,coco_fallback
497989,coco,http://images.cocodataset.org/train2014/COCO_train2014_000000497989.jpg,Where was it parked? | Why did you take this picture? | Do these mirrors make it harder to judge distance? | Is that a school bus? | What kind of vehicle is this mirror attached to?,coco_fallback
372374,coco,http://images.cocodataset.org/train2014/COCO_train2014_000000372374.jpg,Is there a significance to the time shown on the clock? | Where is this? | Is this clock accurate? | What time is displayed on the clock? | What time does the clock say?,coco_fallback
348074,coco,http://images.cocodataset.org/train2014/COCO_train2014_000000348074.jpg,What year is this picture from? | How old is the girl? | What breed of horse is that? | How old does the girl appear to be? | Is this you horseback riding as a child?,coco_fallback
311331,coco,http://images.cocodataset.org/train2014/COCO_train2014_000000311331.jpg,Where was this taken? | Is that plaster on the outside? | What type of cat is that? | Is this a historical building? | What is that in the window?,coco_fallback
406298,coco,http://images.cocodataset.org/train2014/COCO_train2014_000000406298.jpg,What brand is that refrigerator? | Who's home is this? | Whose kitchen is this? | Was this kitchen professionally cleaned? | Is that a picture of your kitchen?,coco_fallback
376875,coco,http://images.cocodataset.org/train2014/COCO_train2014_000000376875.jpg,What do you think those zebra are thinking? | Are those zebra's in their natural habitat? | How many zebras live there? | Is this a park? | How many zebra did you see?,coco_fallback
69018,coco,http://images.cocodataset.org/train2014/COCO_train2014_000000069018.jpg,Where is this? | Weren't you afraid of sharks when you hit the water? | Have you tried doing that? | What is the name of this watersport? | Are they wind surfing?,coco_fallback
277746,coco,http://images.cocodataset.org/train2014/COCO_train2014_000000277746.jpg,Is the woman drinking water? | What were you doing> | What is the woman's dress made of? | Is she drinking in the bathroom? | What is that woman wearing?,coco_fallback
566427,coco,http://images.cocodataset.org/train2014/COCO_train2014_000000566427.jpg,Who made these? | How long does it take to make one of these dolls? | Did you make them all? | What type of material are the stuffed toys made of?,coco_fallback
4571,coco,http://images.cocodataset.org/train2014/COCO_train2014_000000004571.jpg,Why did someone paint the trees? | Why are the trees two separate colors? | Are the trees dead? | Why are the trees painted red? | Why are the tree trunks orange?,coco_fallback
240195,coco,http://images.cocodataset.org/train2014/COCO_train2014_000000240195.jpg,What kind of doughnuts are those? | Are they all doughnuts? | Did you try any of the doughnuts? | Do they also make doughnuts containing rum? | How many types of donuts are available?,coco_fallback
185634,coco,http://images.cocodataset.org/train2014/COCO_train2014_000000185634.jpg,Who is the man playing tennis against? | Where was he playing tennis? | What tennis palyer is this? | What is the score? | What's the score in the tennis game?,coco_fallback
36345,coco,http://images.cocodataset.org/train2014/COCO_train2014_000000036345.jpg,Did the dog growl at the cow? | Which one do you think would back down first? | Do the dog and cow like each other? | How old is the cow? | Is the dog going to bite the cow?,coco_fallback
467068,coco,http://images.cocodataset.org/train2014/COCO_train2014_000000467068.jpg,Did he ride any large waves? | How big are those waves? | Can this surfer handle multiple waves? | Is that a river that he's surfing? | Where is this?,coco_fallback
139272,coco,http://images.cocodataset.org/train2014/COCO_train2014_000000139272.jpg,What's the score in the game? | What was the result of that hit? | Who won this game? | Who is the batter with the tattoo sleeves? | Who won the game?,coco_fallback
562989,coco,http://images.cocodataset.org/train2014/COCO_train2014_000000562989.jpg,What cooking method is being used here? | Is that a pressure cooker? | Do you eat a lot of veggies? | How do you keep cooked broccoli from losing its bright color? | What food are they making?,coco_fallback
363023,coco,http://images.cocodataset.org/train2014/COCO_train2014_000000363023.jpg,How did the cat get in the dishwasher? | Does the cat sleep in the dishwasher? | Do this cat really think that is a good place to hide? | What is this cat's name? | Does he climb in every time it is opened?,coco_fallback
184720,coco,http://images.cocodataset.org/train2014/COCO_train2014_000000184720.jpg,What's he looking at? | How many did you eat? | Where did you buy that? | How many pieces of pizza has that man had to eat? | Would this guy be arrested for eating while driving?,coco_fallback
15318,coco,http://images.cocodataset.org/train2014/COCO_train2014_000000015318.jpg,How did they make that fire pit? | Is that an oven? | Can you cook in that? | Is this used for cooking or something? | What is this heater used for?,coco_fallback
195472,coco,http://images.cocodataset.org/train2014/COCO_train2014_000000195472.jpg,Are they standing on a cliff? | How long was the ride there? | Was it hard guiding the horse down the path? | Is that the ocean in the background? | How long has the people and the horse been traveling.,coco_fallback
231320,coco,http://images.cocodataset.org/train2014/COCO_train2014_000000231320.jpg,Was this a clock store? | Why do they have so many clocks? | Is the blue clock battery operated? | Which clock looks the most retro to you? | Do all the clocks have the same time?,coco_fallback
579589,coco,http://images.cocodataset.org/train2014/COCO_train2014_000000579589.jpg,Why is his arms crossed? | Why are his eyes so dark? | Is he a politician? | What's the matter with this guy? | What is the man looking at?,coco_fallback
135554,coco,http://images.cocodataset.org/train2014/COCO_train2014_000000135554.jpg,Are these doughnuts all the same size? | Whose donuts are these? | What kind of doughnut is that? | What kind of doughnuts are those? | What is inside those doughnuts?,coco_fallback
166657,coco,http://images.cocodataset.org/train2014/COCO_train2014_000000166657.jpg,Is that equestrian? | Is this horse a great ride? | Where is this? | How long have you been riding horses? | What do you call this sport with obstacles for horses?,coco_fallback
250588,coco,http://images.cocodataset.org/train2014/COCO_train2014_000000250588.jpg,Who is the man with the red tie? | What were they dressed up for? | Why do those guys think they look good? | What are they dressed for? | Are they wearing halloween outfits?,coco_fallback
396696,coco,http://images.cocodataset.org/train2014/COCO_train2014_000000396696.jpg,Who in their right mind camps in a tent in the snow? | What mountain are they on? | Why is he camping in the snow? | How cold was it here? | How long did you camp there?,coco_fallback
159038,coco,http://images.cocodataset.org/train2014/COCO_train2014_000000159038.jpg,What kind of meat is this? | What is that called? | How much would one of these cookies cost? | Did it taste good? | Was the food good?,coco_fallback
203022,coco,http://images.cocodataset.org/train2014/COCO_train2014_000000203022.jpg,Does he go on leashed walks? | What is around the cat's neck? | Where do they sell cat bow ties? | What is the cat's name? | How type of breed is the cat?,coco_fallback
199021,coco,http://images.cocodataset.org/train2014/COCO_train2014_000000199021.jpg,Was that sandwich as delicious as it looks? | What kind of sandwich is this? | What is in the cup? | What kind of sandwich is that? | Why does that drink have foam at the top and bottom?,coco_fallback
452428,coco,http://images.cocodataset.org/train2014/COCO_train2014_000000452428.jpg,Is the dog happy? | What kind of dog is this? | How does he handle the heat? | What kind of harness is that? | Does this dog look like it's smiling to you?,coco_fallback
456505,coco,http://images.cocodataset.org/train2014/COCO_train2014_000000456505.jpg,Is it safe to ride alongside another motorcycle? | Why did the police have their sirens on? | Who are the police escorting? | Were they chasing someone? | Is this a common sight?,coco_fallback
162557,coco,http://images.cocodataset.org/train2014/COCO_train2014_000000162557.jpg,Do you attend a lot of events? | Why are so few people in the pews? | What kind of place is this? | What are they rehearsing? | Is this a church?,coco_fallback
62927,coco,http://images.cocodataset.org/train2014/COCO_train2014_000000062927.jpg,Where is this dock located? | Did it beg for food? | What kind of seagull is that? | What is the name of the bird? | How many seagulls are living around this area?,coco_fallback
99548,coco,http://images.cocodataset.org/train2014/COCO_train2014_000000099548.jpg,Is this a race? | Is that an equestrian horse? | What is the tallest hurdle the horse is able to jump? | Is the horse going to make the jump? | Where is this?,coco_fallback
152898,coco,http://images.cocodataset.org/train2014/COCO_train2014_000000152898.jpg,How old is this bear? | How old is the polar bear? | Where is this polar bear from? | Is the polar bear looking for a drink of water? | What is the bear looking at?,coco_fallback
305661,coco,http://images.cocodataset.org/train2014/COCO_train2014_000000305661.jpg,How many horses were stabled there? | Do you bet on them? | Is that horse racing tomorrow? | Are all of these horses owned by the same person or people? | What kind of horse is that?,coco_fallback
116622,coco,http://images.cocodataset.org/train2014/COCO_train2014_000000116622.jpg,What is the planes altitude? | How many passengers would be on the plane? | Where was this plane? | Is this picture completely unedited? | Was this photo taken from the ground or a mountaintop?,coco_fallback
568597,coco,http://images.cocodataset.org/train2014/COCO_train2014_000000568597.jpg,What game are they playing? | What video game are they playing? | What are those women playing? | What game are they playing? | Are these people playing a video game?,coco_fallback
99387,coco,http://images.cocodataset.org/train2014/COCO_train2014_000000099387.jpg,How old is the younger giraffe? | Do you think giraffes mate for life? | Where are these giraffes located? | Did the giraffes kiss? | How many other giraffes did you see?,coco_fallback
191101,coco,http://images.cocodataset.org/train2014/COCO_train2014_000000191101.jpg,When did you have a beard? | Where did he get a 7 Dwarves hoodie? | Where did this guy buy his sweater? | Where did you get that sweatshirt? | What brand of ketchup is the man using?,coco_fallback
219249,coco,http://images.cocodataset.org/train2014/COCO_train2014_000000219249.jpg,"Is this in your new house? | What year is that model? | Why,are there so many knobs? | What is the compartment on the side for? | Is that a new stove?",coco_fallback
422691,coco,http://images.cocodataset.org/train2014/COCO_train2014_000000422691.jpg,Is that white desert some type of divinity? | What kind of dessert is on the right? | How expensive were these things? | Do you think that pie tastes fresh? | How much did that cake cost?,coco_fallback
251502,coco,http://images.cocodataset.org/train2014/COCO_train2014_000000251502.jpg,Is this zebra in the wild or is it in captivity? | Is tht zebra in the wild? | How did the zebra get dirty? | How old is the zebra? | Is the zebra running?,coco_fallback
377612,coco,http://images.cocodataset.org/train2014/COCO_train2014_000000377612.jpg,Which team is he on? | Did he catch the ball? | What is the score of the game? | What is the score in the game? | Who is winning in this baseball game?,coco_fallback
324261,coco,http://images.cocodataset.org/train2014/COCO_train2014_000000324261.jpg,Are they old enough to drink alcohol? | Are these people having a fun party? | Are these guys even old enough to drink? | What is she drinking? | Will you be getting a bigger bed soon?,coco_fallback
281280,coco,http://images.cocodataset.org/train2014/COCO_train2014_000000281280.jpg,What kind of mouse is that? | Whose computer is this? | What kind of mouse is that? | How old is that mouse? | What brand of mouse is that?,coco_fallback
531378,coco,http://images.cocodataset.org/train2014/COCO_train2014_000000531378.jpg,Who cooked this meal? | What kind of pizza was it? | What kind of pizza is that? | What is the name of this dish? | Is this pizza home made?,coco_fallback
337314,coco,http://images.cocodataset.org/train2014/COCO_train2014_000000337314.jpg,Do you ride a lot? | Where is this? | What breed of horse is that? | Does the man own that horse? | Is he trained to ride the horse?,coco_fallback
1822,coco,http://images.cocodataset.org/train2014/COCO_train2014_000000001822.jpg,What kind of furniture is that? | What is that? | What do you do with the extra space? | Where is this? | Does this look arabic?,coco_fallback
542112,coco,http://images.cocodataset.org/train2014/COCO_train2014_000000542112.jpg,Did he mind you so close? | How old is this elephant? | Was this in the wild? | Why are the elephant's tusk so small? | How much does the elephant weigh?,coco_fallback
300159,coco,http://images.cocodataset.org/train2014/COCO_train2014_000000300159.jpg,Where is the sink in this picture? | Is that your bath | How is that star sticking on the window? | What kind of glass is that? | Who put the star there?,coco_fallback
141800,coco,http://images.cocodataset.org/train2014/COCO_train2014_000000141800.jpg,How old is the girl? | Are those kittens young? | How old is this girl? | How old is the photo? | How old is this picture?,coco_fallback
501292,coco,http://images.cocodataset.org/train2014/COCO_train2014_000000501292.jpg,What is the ferret chewing on? | What kind of animal is that? | Why is he biting the remote? | why is the ferret eating the controller? | How old is the animal?,coco_fallback
458540,coco,http://images.cocodataset.org/train2014/COCO_train2014_000000458540.jpg,Do you ever not ask for a window seat? | Where is that plane going? | Where are you going? | Where is the plane flying over? | Where is this plane flying to?,coco_fallback
391896,coco,http://images.cocodataset.org/train2014/COCO_train2014_000000391896.jpg,What kind of clock is this? | Is this a watch or a clock? | Where is this? | What type of clock is that? | Is t an antique?,coco_fallback
457656,coco,http://images.cocodataset.org/train2014/COCO_train2014_000000457656.jpg,is that umbrella a burberry one? | How hard is it raining? | Is it raining in this picture? | are there people holding those umbrellas | Why do you think those umbrellas are sitting there?,coco_fallback
36741,coco,http://images.cocodataset.org/train2014/COCO_train2014_000000036741.jpg,Who sleeps in this bedroom? | What brand TV is that? | Why are they so close to their neighbors? | What room is that? | Is this room in a hotel?,coco_fallback
135338,coco,http://images.cocodataset.org/train2014/COCO_train2014_000000135338.jpg,What beach is this at? | How did they get the chairs to line up so evenly? | What resort is this? | Was the pool closed? | What time to people start arriving to sit in the chairs?,coco_fallback
370728,coco,http://images.cocodataset.org/train2014/COCO_train2014_000000370728.jpg,What will you use the orange for? | Who sliced the orange? | Is the counter under the orange granite? | Are those oranges? | Isn't that knife too dull to be cutting fruit?,coco_fallback
578070,coco,http://images.cocodataset.org/train2014/COCO_train2014_000000578070.jpg,What was the purpose of that bus? | What league does this basketball team play in? | Is a basketball hoop attached to that vehicle? | Is that bus advertising a major league team? | Is that bus mobile?,coco_fallback
317464,coco,http://images.cocodataset.org/train2014/COCO_train2014_000000317464.jpg,"Are those scissors from ""Big and Tall"" shop? | What is the largest item present? | Is that in your office? | Did you make the holder? | What is everything in the bag for?",coco_fallback
412390,coco,http://images.cocodataset.org/train2014/COCO_train2014_000000412390.jpg,What is that? | How much do the bananas cost? | Why are ripe bananas mixed with unripe ones? | Does that store sell oranges too? | How much is the fruit?,coco_fallback
536138,coco,http://images.cocodataset.org/train2014/COCO_train2014_000000536138.jpg,How old is this man now? | Was this photo taken in the 1950's? | Is this man a relative? | What is this man's name? | How old were you then?,coco_fallback
473705,coco,http://images.cocodataset.org/train2014/COCO_train2014_000000473705.jpg,What park is that? | What kind of benches are they? | Is this a picnic area? | Is this area abandoned? | Do animals come to the picnic tables?,coco_fallback
364455,coco,http://images.cocodataset.org/train2014/COCO_train2014_000000364455.jpg,What are they talking about? | Are they drinking wine? | Who are they talking about? | What restaurant are they eating at? | What are they drinking?,coco_fallback
118989,coco,http://images.cocodataset.org/train2014/COCO_train2014_000000118989.jpg,"Do double-decker buses have a higher statistical chance of overturning? | What city is this street in? | Did you ride the cool, green bus? | Where is this bus going? | Is the Green bus the company name?",coco_fallback
573961,coco,http://images.cocodataset.org/train2014/COCO_train2014_000000573961.jpg,Who tagged the lambs? | Where is this? | How old is the lamb? | How old is the baby goat? | What are in the sheeps ears?,coco_fallback
428843,coco,http://images.cocodataset.org/train2014/COCO_train2014_000000428843.jpg,Where is this? | Is that doughnut fresh? | What is that guy eating? | Where was this taken? | What doughnut is he eating?,coco_fallback
270186,coco,http://images.cocodataset.org/train2014/COCO_train2014_000000270186.jpg,Does he always leave his shirts on the furniture? | What do you think that chair topper means? | When did you get the new sofa? | Where can I get that coffee table? | Where did the drink blanket come from?,coco_fallback
454631,coco,http://images.cocodataset.org/train2014/COCO_train2014_000000454631.jpg,How long did this apple Jenga take to construct? | What kind of fruit is that? | Did you buy any fruit? | Are those apples crispy? | How many apples are there in total?,coco_fallback
560268,coco,http://images.cocodataset.org/train2014/COCO_train2014_000000560268.jpg,Is that a road near those goat? | What animal is this? | Who is hearding the goats? | Did any of them get into the street? | Is this your new weed control?,coco_fallback
1924,coco,http://images.cocodataset.org/train2014/COCO_train2014_000000001924.jpg,Is this a historic town? | Did you buy anything in that shop? | Where is this? | Is this car in motion? | What city do you think this photograph was taken in?,coco_fallback
403953,coco,http://images.cocodataset.org/train2014/COCO_train2014_000000403953.jpg,What is the woman cooking? | Who is that in the kitchen? | Who is the girl taking the mirror image photograph of the kitchen? | What is the brand of that dishwasher? | What kind of countertop is that?,coco_fallback
194223,coco,http://images.cocodataset.org/train2014/COCO_train2014_000000194223.jpg,Where is this? | Is that the train depot? | Do you work at the yard? | Are those trains waiting to be repaired? | Why are these trains so close together?,coco_fallback
338969,coco,http://images.cocodataset.org/train2014/COCO_train2014_000000338969.jpg,Is that a bus or an RV? | Is that a bus or a RV? | Where did you stop? | Where is the bus located? | What kind of van is that?,coco_fallback
294669,coco,http://images.cocodataset.org/train2014/COCO_train2014_000000294669.jpg,What type of bird is on the bench? | What is the bird doing? | Is this bird on a mission? | What type of bird is this? | What kind of bird is that?,coco_fallback
157119,coco,http://images.cocodataset.org/train2014/COCO_train2014_000000157119.jpg,How old is the dog? | Does your dog think he owns the bed? | What's the dog's name? | what type of dog is this? | Is the dog going to sleep?,coco_fallback
134841,coco,http://images.cocodataset.org/train2014/COCO_train2014_000000134841.jpg,Who is that batting? | Do you think the batter made it on base safely? | Are there many spectators? | Does he score a lot? | Who is playing?,coco_fallback
112272,coco,http://images.cocodataset.org/train2014/COCO_train2014_000000112272.jpg,What's the score in the game? | Do baseball catchers who kneel the entire game often have knee problems later in life? | Did the player hit the ball | Is this a professional game? | Who is at bat?,coco_fallback
328383,coco,http://images.cocodataset.org/train2014/COCO_train2014_000000328383.jpg,Where is this? | How much does the elephant in the foreground weigh? | How old are those elephants? | How much does the elephant weigh? | Are these elephants in their natural habitat?,coco_fallback
264309,coco,http://images.cocodataset.org/train2014/COCO_train2014_000000264309.jpg,Is the woman taking a photo? | What is she recording? | Who is this woman? | Is that a digital audio recorder? | Did you talk to her?,coco_fallback
302703,coco,http://images.cocodataset.org/train2014/COCO_train2014_000000302703.jpg,Does this woman look comfortable to you? | Is that a beach she is on? | What beach is this? | Is this woman enjoying the view? | Where is this?,coco_fallback
402973,coco,http://images.cocodataset.org/train2014/COCO_train2014_000000402973.jpg,Where is this city located? | What year do you think this was taken? | What street is this stop sign on? | What street was this taken at? | Is that a four way stop sign?,coco_fallback
149712,coco,http://images.cocodataset.org/train2014/COCO_train2014_000000149712.jpg,Did you make it? | Did you make that pizza yourself? | What kind of toppings are on the pizza? | What is the green stuff on this pizza? | Does the pizza taste good?,coco_fallback
508053,coco,http://images.cocodataset.org/train2014/COCO_train2014_000000508053.jpg,Who is that tennis player? | What kind of tennis grip is she using? | Is she a top seeded tennis player? | Do you believe this woman has good form? | What's the score in the game?,coco_fallback
236841,coco,http://images.cocodataset.org/train2014/COCO_train2014_000000236841.jpg,Why is the cat using the toilet? | How did you teach him that? | Is that cat pooping in a toilet? | Is that cat using the toilet? | Did you teach him to do that?,coco_fallback
473144,coco,http://images.cocodataset.org/train2014/COCO_train2014_000000473144.jpg,Did he win the tennis match? | Who is he playing against? | What is the name of the tennis player? | What's the score in the game? | Is this man returning a serve?,coco_fallback
48263,coco,http://images.cocodataset.org/train2014/COCO_train2014_000000048263.jpg,Where are the people on the boats? | Where is this? | Where did the fishermen go? | Are there any other boats on the lake? | What river is that?,coco_fallback
459524,coco,http://images.cocodataset.org/train2014/COCO_train2014_000000459524.jpg,Why is there a sign that says SLOW? | Why is she holding the sign? | Why is that man carrying a slow sign? | Why are there people standing in the street? | What are the cross streets in this shot?,coco_fallback
249958,coco,http://images.cocodataset.org/train2014/COCO_train2014_000000249958.jpg,How fast can this plane fly? | Is that plane in a museum? | Is this jet for display only? | What kind of plane is that? | Is this a museum collection?,coco_fallback
85647,coco,http://images.cocodataset.org/train2014/COCO_train2014_000000085647.jpg,Is that a new renovation? | Is this kitchen empty? | How big is the kitchen? | How many rooms are upstairs? | How much did that oven cost?,coco_fallback
320391,coco,http://images.cocodataset.org/train2014/COCO_train2014_000000320391.jpg,Who created such a unique table? | What brand chairs are those? | Who made the table? | Do you think that table is made from a door? | Who made this table?,coco_fallback
362683,coco,http://images.cocodataset.org/train2014/COCO_train2014_000000362683.jpg,What is the occasion? | What are these people celebrating? | What's the reason for the cake? | What are they celebrating? | What flavor of cake is that?,coco_fallback
569539,coco,http://images.cocodataset.org/train2014/COCO_train2014_000000569539.jpg,What show is on TV in this picture? | Do you leave it on animal planet for him? | What is attracting the cat's attention? | Does the kitty see the tv? | Does the cat always watch tv?,coco_fallback
421243,coco,http://images.cocodataset.org/train2014/COCO_train2014_000000421243.jpg,What is the baby holding? | What kind of brush is that? | How old is he? | Why does this baby look weird? | How old is this baby?,coco_fallback
402977,coco,http://images.cocodataset.org/train2014/COCO_train2014_000000402977.jpg,How long is his brother in for? | Why is that boy in a cage? | Was this taken at an old jailhouse? | Why is the kid locked up? | Was this in a ghost town?,coco_fallback
86464,coco,http://images.cocodataset.org/train2014/COCO_train2014_000000086464.jpg,Who made the smiley face? | Did you make that breakfast? | Is the white part of the plate or some sort of drizzle? | Did your parents tell you to make a happy plate? | What is the nose made out of?,coco_fallback
176943,coco,http://images.cocodataset.org/train2014/COCO_train2014_000000176943.jpg,What does it say on the wall? | Was this taken in Perfu? | What city is this in? | Is the sign Italian? | What country was this picture taken in?,coco_fallback
565429,coco,http://images.cocodataset.org/train2014/COCO_train2014_000000565429.jpg,What game is he playing? | Is the man having a good time? | What game is he playing? | What game is the man playing? | What is that guy playing?,coco_fallback
67080,coco,http://images.cocodataset.org/train2014/COCO_train2014_000000067080.jpg,What kind of motorcycle is that? | Why is the motorcycle inside the house? | Why is the bike inside? | Why is the motorcycle indoors? | Was it hard to place the bike in that location?,coco_fallback
561692,coco,http://images.cocodataset.org/train2014/COCO_train2014_000000561692.jpg,What were they doing outside? | How old are they? | Are these children eating? | What is in the girls bag? | What do you think these girls are looking at?,coco_fallback
168366,coco,http://images.cocodataset.org/train2014/COCO_train2014_000000168366.jpg,How many toppings are on this pizza? | What kind of pizza is that? | Who made that pizza? | How many people can eat this pizza? | what is on that pizza,coco_fallback
71411,coco,http://images.cocodataset.org/train2014/COCO_train2014_000000071411.jpg,What is the name of the horse? | How long have you been riding horses? | Is the horse going to jump? | How old is the man riding the horse? | How long has the jockey been riding horses?,coco_fallback
429260,coco,http://images.cocodataset.org/train2014/COCO_train2014_000000429260.jpg,How big is that bird? | How fast is the bird flying? | Is this some kind of heron? | What kind of bird is that? | What kind of bird is that?,coco_fallback
388933,coco,http://images.cocodataset.org/train2014/COCO_train2014_000000388933.jpg,What city is this in? | What city is shown in this photo? | Is this town in Europe? | Where can I find that umbrella? | Is this woman using an umbrella to guard from the sun?,coco_fallback
186646,coco,http://images.cocodataset.org/train2014/COCO_train2014_000000186646.jpg,What kind of blender is it? | Why is the blender outdoors? | What kind of mixed drink was that? | What do you think is in the blender? | So that's an alcoholic smoothy?,coco_fallback
48001,coco,http://images.cocodataset.org/train2014/COCO_train2014_000000048001.jpg,"Can you see that TV from the sofa? | How big is this house, in total? | Is this a hotel room? | Is this room messy? | Is that your house?",coco_fallback
113879,coco,http://images.cocodataset.org/train2014/COCO_train2014_000000113879.jpg,Is this a hotel room? | Is this a hotel room? | Is this a home or hotel? | Where did they get those couches? | Where can I get that coffee table?,coco_fallback
506183,coco,http://images.cocodataset.org/train2014/COCO_train2014_000000506183.jpg,What country is that jet from? | Was it loud? | How fast does it go? | Where is the aircraft flying to? | Is this a military jet?,coco_fallback
573046,coco,http://images.cocodataset.org/train2014/COCO_train2014_000000573046.jpg,Is he planning to record at night? | What brand of camera lighting is that? | What is that lighted thing on his umbrella handle? | What kind of lighting he is using? | Is this a self portrait?,coco_fallback
29732,coco,http://images.cocodataset.org/train2014/COCO_train2014_000000029732.jpg,How old is the zebra? | Where does the zebra live? | Is the zebra in a zoo? | How much does that zebra weigh? | Where is this?,coco_fallback
342342,coco,http://images.cocodataset.org/train2014/COCO_train2014_000000342342.jpg,Has the kitchen been used recently? | Where did you get the lighting fixture? | What are the counters made of? | How old is that fridge? | Where can I buy that backsplash?,coco_fallback
442099,coco,http://images.cocodataset.org/train2014/COCO_train2014_000000442099.jpg,What kind of pizza is that? | What kind of cheese is on the pizza? | Is that a breakfast pizza? | How big is this pizza? | Did you really put feta cheese on a pizza?,coco_fallback
68654,coco,http://images.cocodataset.org/train2014/COCO_train2014_000000068654.jpg,What city is this train station located in? | What city is this in? | When was this train station built? | Where is the train going? | What city does this transit system exist in?,coco_fallback
95651,coco,http://images.cocodataset.org/train2014/COCO_train2014_000000095651.jpg,Could you pet him? | How old is the panda? | How old is the panda bear? | Does the panda like to play? | how old is that panda?,coco_fallback
5244,coco,http://images.cocodataset.org/train2014/COCO_train2014_000000005244.jpg,Why would you take a picture of this? | How old is your cat? | Des he hog the bed? | Is this your cat? | Why does the cat like laying on the bed?,coco_fallback
67155,coco,http://images.cocodataset.org/train2014/COCO_train2014_000000067155.jpg,What are they making? | What were you cooking? | What meal are they preparing? | How do you like this self contained grater? | Are you making broccoli casserole?,coco_fallback
477066,coco,http://images.cocodataset.org/train2014/COCO_train2014_000000477066.jpg,What kind of surfboard is that? | Is that a professional surfer? | Where is this? | What ocean is this? | Is the man successfully surfing the wave?,coco_fallback
565513,coco,http://images.cocodataset.org/train2014/COCO_train2014_000000565513.jpg,What is she eating? | What is she eating? | Is he eating a calzone? | Is that a cookie?,coco_fallback
268793,coco,http://images.cocodataset.org/train2014/COCO_train2014_000000268793.jpg,Why is the curtain drawn? | Whose computer is this? | Why two monitors? | Are the screens connected to the same computer? | Is that a new computer?,coco_fallback
276491,coco,http://images.cocodataset.org/train2014/COCO_train2014_000000276491.jpg,What is the doing on his laptop? | Is he in the hospital? | Is this man recovering from a illness? | Why is the man in the hospital? | Did he have a speedy recovery?,coco_fallback
175162,coco,http://images.cocodataset.org/train2014/COCO_train2014_000000175162.jpg,How did that taste? | Is this a Chinese dish? | What type of dish is that? | Is it teriyaki? | What type of meat is in this dish?,coco_fallback
299527,coco,http://images.cocodataset.org/train2014/COCO_train2014_000000299527.jpg,How big is that pizza? | What are the pizza toppings? | Where were the pizzas ordered from? | How many pizzas did you get? | What kind of toppings are on the pizza?,coco_fallback
251988,coco,http://images.cocodataset.org/train2014/COCO_train2014_000000251988.jpg,What is the green food? | Did that taste as good as it looks? | What type of cuisine is this? | Is this tasty? | Why does that look like apple pie?,coco_fallback
453483,coco,http://images.cocodataset.org/train2014/COCO_train2014_000000453483.jpg,Where is she skiing at? | Did she enjoy it? | Why doesn't she have ski poles? | How old is the child? | How old is she?,coco_fallback
112707,coco,http://images.cocodataset.org/train2014/COCO_train2014_000000112707.jpg,Who won the game? | Who is that at bat? | Who is batting? | What baseball teams are these? | Who won the game?,coco_fallback
354517,coco,http://images.cocodataset.org/train2014/COCO_train2014_000000354517.jpg,Does the cat always watch tv? | What show is the cat watching? | Do you think the cat is actually watching what's on the television? | How old is the kitten? | Does he watch any other shows?,coco_fallback
285634,coco,http://images.cocodataset.org/train2014/COCO_train2014_000000285634.jpg,Is this pizza very thick? | why is that pizza so thick | How thick is this pizza? | Are they eating a pizza? | What kind of pizza is that?,coco_fallback
40593,coco,http://images.cocodataset.org/train2014/COCO_train2014_000000040593.jpg,Did you rent a boat? | Why is the boat so close to the dam? | Where is the dam? | Are those dams safe to have a boat nearby? | What kind of boats are those?,coco_fallback
137491,coco,http://images.cocodataset.org/train2014/COCO_train2014_000000137491.jpg,Is there a wheel lock on the motorcycle? | How fast does this motorcycle go? | Is it legal to park there? | What kind of bike is that? | How new does this motorcycle appear to be?,coco_fallback
407336,coco,http://images.cocodataset.org/train2014/COCO_train2014_000000407336.jpg,Whose bed is this? | What are those sheets made of? | Who sleeps in this room? | Is this room neat? | Who made the bed?,coco_fallback
164001,coco,http://images.cocodataset.org/train2014/COCO_train2014_000000164001.jpg,How did it taste? | At what restaurant was this taken? | What cream and sugar did they put in that coffee? | Do you think this is from Cafe Du Monde? | How good was it?,coco_fallback
164000,coco,http://images.cocodataset.org/train2014/COCO_train2014_000000164000.jpg,What's the name of the boat yard? | What kind of boat is that? | What kind of boat is that? | What are those boats going to be fishing for? | Is ternen gilleleje the name of the boat?,coco_fallback
271034,coco,http://images.cocodataset.org/train2014/COCO_train2014_000000271034.jpg,Do the sheep ever try to jump the fence? | What is the train's destination? | Where is this? | Where is the train going? | Who is looking after the sheep?,coco_fallback
112497,coco,http://images.cocodataset.org/train2014/COCO_train2014_000000112497.jpg,What is on that pizza? | What type of meat is on this pizza? | What type of pizza is that? | What are the pizza toppings? | Is that pizza or soup in a bread bowl?,coco_fallback
468977,coco,http://images.cocodataset.org/train2014/COCO_train2014_000000468977.jpg,How old is that tow truck? | Does the tow truck have a flat tire on the left side? | How old is that tow truck? | Does it get used a lot? | What company owns that truck?,coco_fallback
64,coco,http://images.cocodataset.org/train2014/COCO_train2014_000000000064.jpg,Where did you find a Rolex out on the street? | Which street was this taken on? | What time does the clock show? | Are all the public clocks made by rolex? | What time is on the clock?,coco_fallback
275046,coco,http://images.cocodataset.org/train2014/COCO_train2014_000000275046.jpg,Is that flooding? | What is on top of the elephants? | How many elephants were there? | Are they being fed? | Is that zoo?,coco_fallback
108677,coco,http://images.cocodataset.org/train2014/COCO_train2014_000000108677.jpg,Is that a cruise ship in the background? | What kind of motorcycle is that? | Are those motorcycles on the beach? | Which one is the lady bike? | How hard is it to ride on sand?,coco_fallback
438101,coco,http://images.cocodataset.org/train2014/COCO_train2014_000000438101.jpg,How much did that breakfast cost? | What kind of breakfast is this? | What kind of omelette is that? | Is this a breakfast meal? | What restaurant is this?,coco_fallback
34038,coco,http://images.cocodataset.org/train2014/COCO_train2014_000000034038.jpg,Is the cat watching television? | What is the name of the cat? | What is the cat's n | What breed of cat is that? | Is that just one cat?,coco_fallback
573570,coco,http://images.cocodataset.org/train2014/COCO_train2014_000000573570.jpg,What meal are they eating? | What type of pancake is that? | What kind of food is this? | Do you like your pancakes perfectly round or organically shaped? | What is the name of this dish?,coco_fallback
83085,coco,http://images.cocodataset.org/train2014/COCO_train2014_000000083085.jpg,How high is the kite flying? | Is the kite flying high? | Did the kid get a chance to fly the kite too? | How high in the air is the kite? | What park is that?,coco_fallback
552318,coco,http://images.cocodataset.org/train2014/COCO_train2014_000000552318.jpg,Why is there so much smoke coming from the plane? | What kind of airshow is that? | What kind of plane is that? | What type of show are these people partaking in? | Where is this?,coco_fallback
234839,coco,http://images.cocodataset.org/train2014/COCO_train2014_000000234839.jpg,Is this a nice neighborhood? | Is Ontario very biker friendly? | Did it rain that day? | What town is this in Ontario? | What country is this sign from?,coco_fallback
143091,coco,http://images.cocodataset.org/train2014/COCO_train2014_000000143091.jpg,What cargo is this train carrying? | What kind of train is it? | Where is the train going? | Is that a high speed freight train? | What are all those lines above the trains for?,coco_fallback
452774,coco,http://images.cocodataset.org/train2014/COCO_train2014_000000452774.jpg,How old is that airplane? | Did you ever fly the plane? | Is this the type of plane your grandfather flew? | What kind of plane is that? | Have you ever flown one?,coco_fallback
90146,coco,http://images.cocodataset.org/train2014/COCO_train2014_000000090146.jpg,Are these zebras digitally manipulated? | Are those zebras in a park or zoo? | Where is this zoo? | Are these zebras related? | Are there other animals penned with the zebras?,coco_fallback
40783,coco,http://images.cocodataset.org/train2014/COCO_train2014_000000040783.jpg,How many degrees is it outside? | Are those boats for rent? | What beach is this? | Why are all the boats so far up on the beach? | What beach is this?,coco_fallback
147553,coco,http://images.cocodataset.org/train2014/COCO_train2014_000000147553.jpg,Why are those stuffed animals in a glass case? | What is that display for? | How did those bears get in there? | Do they sell teddy bears? | Why are the stuffed animals in that case?,coco_fallback
558031,coco,http://images.cocodataset.org/train2014/COCO_train2014_000000558031.jpg,How heavy is the fridge? | How much does the refrigerator weigh? | What kind of fridge is that? | Are they throwing out that refrigerator? | Are they throwing this fridge away?,coco_fallback
576829,coco,http://images.cocodataset.org/train2014/COCO_train2014_000000576829.jpg,Where did you get that quilt? | What is the name for that quilt design? | Is that a quilt your grandmother made? | Is that a family made quilt? | Who does this bed belong to?,coco_fallback
231267,coco,http://images.cocodataset.org/train2014/COCO_train2014_000000231267.jpg,When is the baby due? | This the new baby's room? | Is a baby going to live in this crib | What brand is that crib? | How big is that crib?,coco_fallback
275913,coco,http://images.cocodataset.org/train2014/COCO_train2014_000000275913.jpg,Why isn't the fire hydrant red? | Where is this? | Why is the hydrant overgrown? | Are you supposed to trim around the fire hydrant? | What kind of hydrant is that?,coco_fallback
282828,coco,http://images.cocodataset.org/train2014/COCO_train2014_000000282828.jpg,What model laptop is that? | Was the computer able to be repaired? | Is this laptop being repaired? | What caused the computer to break? | What happened to the computer?,coco_fallback
171289,coco,http://images.cocodataset.org/train2014/COCO_train2014_000000171289.jpg,Did that child eat the whole banana? | What is the little boys name? | Is the kid korean? | How old is the boy? | Does this kid look like he's enjoying the banana?,coco_fallback
416006,coco,http://images.cocodataset.org/train2014/COCO_train2014_000000416006.jpg,Does the cat lay on the computer often? | Why is the cat on the laptop? | Does the cat always sit there? | Is your cat into video games? | Did he ever fall from there?,coco_fallback
328348,coco,http://images.cocodataset.org/train2014/COCO_train2014_000000328348.jpg,Is that a Harley Davidson? | Who owns the bike? | What kind of harley is this if its a harley? | What brand of motorcycle is that? | How long has the person owned that motorcycle?,coco_fallback
238048,coco,http://images.cocodataset.org/train2014/COCO_train2014_000000238048.jpg,Is that pizza? | Is this a pizza restaurant? | What restaurant is that? | Is that man making a pizza? | What kind of pizza is being made?,coco_fallback
487114,coco,http://images.cocodataset.org/train2014/COCO_train2014_000000487114.jpg,What restaurant is that from? | Is that syrup or honey? | How many calories does this breakfast have? | How many calories do you suppose that is? | What restaurant did you get these waffles from?,coco_fallback
414715,coco,http://images.cocodataset.org/train2014/COCO_train2014_000000414715.jpg,Which type of tie knot does he prefer? | Is it a new suit? | What is he posing for? | Does this suit fit this person well? | Is this a celebrity?,coco_fallback
89849,coco,http://images.cocodataset.org/train2014/COCO_train2014_000000089849.jpg,Do you go to this church? | Why do people shoot buildings at this angle? | What city is that in? | Is this building a church? | Is that the courthouse?,coco_fallback
511255,coco,http://images.cocodataset.org/train2014/COCO_train2014_000000511255.jpg,What pattern is on the floor? | Are those pictures of your dogs hanging up? | Are those pictures of dogs the homeowner's pets? | What kind of tile is that? | Are those your dogs?,coco_fallback
288707,coco,http://images.cocodataset.org/train2014/COCO_train2014_000000288707.jpg,Where is this fire hydrant? | Why is there a chain hanging from the fire hydrant? | Is the concrete floor cracked all over? | Is this a really old fire hydrant? | Is this fire hydrant still in use?,coco_fallback
361959,coco,http://images.cocodataset.org/train2014/COCO_train2014_000000361959.jpg,What is cooking in the oven? | How much do you like the new stove? | How much was the stovetop oven? | What kind of oven is that? | Is the stove good?,coco_fallback
529671,coco,http://images.cocodataset.org/train2014/COCO_train2014_000000529671.jpg,What are the giraffes looking at? | How many other animals were there? | Where did you see the giraffes? | How much space do they have to run around in? | How tall are those giraffes?,coco_fallback
576581,coco,http://images.cocodataset.org/train2014/COCO_train2014_000000576581.jpg,Are those zebras at a zoo? | Are these animals in captivity? | How much does this zebra weigh? | Was this at the zoo? | Did she kick him after?,coco_fallback
30391,coco,http://images.cocodataset.org/train2014/COCO_train2014_000000030391.jpg,Why did they go with purple? | Is this bathroom in a home? | Why is the bathroom so small? | Why is the bathroom purple? | Is this a hotel bathroom?,coco_fallback
482195,coco,http://images.cocodataset.org/train2014/COCO_train2014_000000482195.jpg,What is the crust made from? | Is that dough underneath the vegetables? | Is there cheese with the vegetables? | IS THAT A DIET PLATE? | Who gave you this recipe?,coco_fallback
169365,coco,http://images.cocodataset.org/train2014/COCO_train2014_000000169365.jpg,Why is the cat in the sink? | Why do cats like sinks but not baths? | What is the name of the cat? | Why is this cat in the sink? | Why is the cat in the sink?,coco_fallback
433900,coco,http://images.cocodataset.org/train2014/COCO_train2014_000000433900.jpg,Is that a picture of your kitchen? | Do the kitchen shelves collect a lot of dust? | Who owns this house? | Did you recently remodel the kitchen? | Where is this kitchen located?,coco_fallback
164222,coco,http://images.cocodataset.org/train2014/COCO_train2014_000000164222.jpg,What kind of plane is this? | How old is that plane? | How old is that plane? | Is the plane nose diving? | Do you know the pilot?,coco_fallback
456070,coco,http://images.cocodataset.org/train2014/COCO_train2014_000000456070.jpg,Is that ceramic tile on the floor? | Is that a sink or a bowl? | How big is this bathroom? | Why is the sink so low? | Whose bathroom is this?,coco_fallback
482751,coco,http://images.cocodataset.org/train2014/COCO_train2014_000000482751.jpg,What's the score in the game? | How many people were playing? | What are they playing? | What sport are they playing? | Are they playing frisbee football?,coco_fallback
77816,coco,http://images.cocodataset.org/train2014/COCO_train2014_000000077816.jpg,Is the mouse plugged into a PC or MAC? | What is the program for? | What is that mouse? | Are you taking a computer class? | How old is that mouse?,coco_fallback
14543,coco,http://images.cocodataset.org/train2014/COCO_train2014_000000014543.jpg,How high up are they? | How long have you been snowboarding? | Are those people related? | Are these people all snowboarding? | Are they on top of a mountain?,coco_fallback
429462,coco,http://images.cocodataset.org/train2014/COCO_train2014_000000429462.jpg,What kind of owl is this? | Was it hurt? | Why was the owl on the ground? | What species of owl is this? | Is the owl sleeping?,coco_fallback
271633,coco,http://images.cocodataset.org/train2014/COCO_train2014_000000271633.jpg,Is this a UN camp? | Why are they sitting near a train track? | Are these people homeless? | Why is there furniture on the train tracks? | Where was this taken?,coco_fallback
344507,coco,http://images.cocodataset.org/train2014/COCO_train2014_000000344507.jpg,Is she Hawaiian? | What kind of boat are they in? | What is the guy looking at? | What show is that? | What movie is that from?,coco_fallback
28260,coco,http://images.cocodataset.org/train2014/COCO_train2014_000000028260.jpg,What is the zebra looking at? | Was it alone? | What is the zebra looking at? | How old is that zebra? | Where is that zebra at?,coco_fallback
53573,coco,http://images.cocodataset.org/train2014/COCO_train2014_000000053573.jpg,What time does the clock display? | Where did you get that? | Is that an apple clock? | How old is that clock? | Whose clock is this?,coco_fallback
267042,coco,http://images.cocodataset.org/train2014/COCO_train2014_000000267042.jpg,Who designed these laptops? | Are these laptops or desktops? | Why are the keyboards so similar? | What are the specs of the blue laptop? | Did you but one?,coco_fallback
111171,coco,http://images.cocodataset.org/train2014/COCO_train2014_000000111171.jpg,Is that a real cat? | How many cats do you have? | Is the cat sleeping in this suitcase? | Is that a real cat? | Is that cat real?,coco_fallback
395178,coco,http://images.cocodataset.org/train2014/COCO_train2014_000000395178.jpg,Who is she playing against? | Why are tennis courts different colors? | What tennis event is she playing in? | Who was she playing against? | What is her name?,coco_fallback
174015,coco,http://images.cocodataset.org/train2014/COCO_train2014_000000174015.jpg,What is the animal on the cupcake? | What kind of animal is on the cupcake? | What kind of dessert is that? | Did you make those yourself? | When did cupcakes become big business?,coco_fallback
491904,coco,http://images.cocodataset.org/train2014/COCO_train2014_000000491904.jpg,What breed of dog is that? | Des he compete in water jumping? | What breed is this dog? | How old is the dog? | What's the dog's name?,coco_fallback
339373,coco,http://images.cocodataset.org/train2014/COCO_train2014_000000339373.jpg,What kind of luggage is that? | Where is the person who owns this suitcase going to? | Did you check this bag with the airline? | Is this luggage bag full? | Did someone leave their luggage?,coco_fallback
171064,coco,http://images.cocodataset.org/train2014/COCO_train2014_000000171064.jpg,What ocean is this? | What kind of surfboard is that? | Is this a computer enhanced photo? | Why do they have auras or gray? | How often do you go surfing?,coco_fallback
188556,coco,http://images.cocodataset.org/train2014/COCO_train2014_000000188556.jpg,Do you use all of those? | How much are all these antiques worth? | Is that your dining room? | Is this a kitchen or a dining room? | What is all on the table?,coco_fallback
541570,coco,http://images.cocodataset.org/train2014/COCO_train2014_000000541570.jpg,Are these sheep related? | How many sheep do you have? | Why are there blue spots on the animals? | Why are the sheep marked in blue? | Why do they have black faces and legs?,coco_fallback
267048,coco,http://images.cocodataset.org/train2014/COCO_train2014_000000267048.jpg,What game are these people playing? | Why is the lady clapping? | Who was winning? | Why is she clapping? | Are they playing Nintendo Wii?,coco_fallback
242717,coco,http://images.cocodataset.org/train2014/COCO_train2014_000000242717.jpg,Are these zebra drinking water? | Where are those zebras at? | Are there any other animals nearby? | How do zebras tell one another apart? | How much does a zebra drink?,coco_fallback
549366,coco,http://images.cocodataset.org/train2014/COCO_train2014_000000549366.jpg,How many were in the herd? | How did you get so close to these zebra? | How many zebras were in the herd? | What country are these Zebras in? | Where do these zebras live at?,coco_fallback
129820,coco,http://images.cocodataset.org/train2014/COCO_train2014_000000129820.jpg,What is in that bowl in front of the cat? | What is in the cat's bowl? | How big is your cat? | What kind of cat is she? | What's in the bowl?,coco_fallback
435065,coco,http://images.cocodataset.org/train2014/COCO_train2014_000000435065.jpg,Who chose that tie? | What kind of tie is that? | What brand tie is that? | Who is that wearing the tie? | Would you know how to tie a necktie?,coco_fallback
454769,coco,http://images.cocodataset.org/train2014/COCO_train2014_000000454769.jpg,Did you see the whole train go by? | Where is that train? | What kind of train is that? | Where is the train going? | What area does this train service?,coco_fallback
398099,coco,http://images.cocodataset.org/train2014/COCO_train2014_000000398099.jpg,What is the score of the match? | Is this woman serving the tennis ball? | Do you watch often? | What was the final score of the match? | What is the tennis players name?,coco_fallback
449699,coco,http://images.cocodataset.org/train2014/COCO_train2014_000000449699.jpg,How tall is that giraffe? | How tall is that giraffe? | How old is the giraffe? | Was this taken at a zoo? | Does the giraffe bend down to eat the lower leaves too?,coco_fallback
32455,coco,http://images.cocodataset.org/train2014/COCO_train2014_000000032455.jpg,"Was this photograph taken in Cripple Creek, Colorado? | What does the sign say? | Did you stay in this town? | Is there free parking on the street? | What street is this?",coco_fallback
318311,coco,http://images.cocodataset.org/train2014/COCO_train2014_000000318311.jpg,Do they change the display often? | What is this an exibit at? | Why are there so many stuffed animals? | Is this in a museum? | Is this an amusement park?,coco_fallback
93764,coco,http://images.cocodataset.org/train2014/COCO_train2014_000000093764.jpg,Why are these cows tagged? | Are these cattle full grown yet? | Were the cows friendly? | Were they friendly? | Was there only one light colored one?,coco_fallback
165063,coco,http://images.cocodataset.org/train2014/COCO_train2014_000000165063.jpg,Is there a name for the pattern on her top? | Are these two people laughing at a joke? | What kind of dress is she wearing? | Is that woman her grandmother? | What were they selling?,coco_fallback
465225,coco,http://images.cocodataset.org/train2014/COCO_train2014_000000465225.jpg,What are the dogs' names? | What kind of dog is in the back? | What could be keeping the dogs interested? | Do you shave him every summer? | What are the dogs named?,coco_fallback
527832,coco,http://images.cocodataset.org/train2014/COCO_train2014_000000527832.jpg,Do you think this dog knows how to swim? | Which beach is the dog at? | DOES YOUR DOG ENJOY THE BEACH? | What kind of dog is this? | What do you suppose this dog is gazing at?,coco_fallback
527830,coco,http://images.cocodataset.org/train2014/COCO_train2014_000000527830.jpg,Who owns this car? | Is that car occupied? | What city is this in? | Is this the parking lot for the park? | How much is parking?,coco_fallback
126699,coco,http://images.cocodataset.org/train2014/COCO_train2014_000000126699.jpg,Why are there so many cups on the ground? | Did anything special go on here? | Are those cans of beer on the ground? | Were their tailgaters here? | Did you have to clean up the parking lot?,coco_fallback
382006,coco,http://images.cocodataset.org/train2014/COCO_train2014_000000382006.jpg,How much did these apples cost? | Which apples won first place? | Who grew the winning apples? | What are the ribbons for? | Did you enter the contest?,coco_fallback
434045,coco,http://images.cocodataset.org/train2014/COCO_train2014_000000434045.jpg,Where are the other people in this beautiful pool? | How many people were at the pool? | Is this pool at a resort? | Did you swim in it? | Why is the man near the pool wearing pants?,coco_fallback
8405,coco,http://images.cocodataset.org/train2014/COCO_train2014_000000008405.jpg,Are those fake flowers? | Are those flowers made of plastic? | Do you have any fake flowers in your house? | What kind of flowers are in the vase? | Are those fake flowers?,coco_fallback
245590,coco,http://images.cocodataset.org/train2014/COCO_train2014_000000245590.jpg,What vieo game were they playing? | Is this a typical date night? | Is she going to win the video game? | What game do you think they're playing | What game are they playing?,coco_fallback
44815,coco,http://images.cocodataset.org/train2014/COCO_train2014_000000044815.jpg,Is this picture taken at a market? | Why are so many of those burritos bruised? | Are the bananas old? | What is the name of the market where these fruits are being sold? | Are those regular bananas or plantains?,coco_fallback
577122,coco,http://images.cocodataset.org/train2014/COCO_train2014_000000577122.jpg,What was he making? | Is the man cooking? | What was he making? | What is the man cooking? | Is he making apple pie?,coco_fallback
151534,coco,http://images.cocodataset.org/train2014/COCO_train2014_000000151534.jpg,What is the history behind this? | How old is that plane? | How old is this plane? | What model of plane is that? | Was this photo taken during world war two?,coco_fallback
537037,coco,http://images.cocodataset.org/train2014/COCO_train2014_000000537037.jpg,Who left the seat down? | Where did the flooring come from? | Is that real tile on the floor? | Did you put that tile in yourself? | Why isn't there a toilet seat cover?,coco_fallback
51001,coco,http://images.cocodataset.org/train2014/COCO_train2014_000000051001.jpg,How many calories in those hot dogs? | Are the hot dogs tasty? | Were they hard to make? | Can you eat all of that? | Why do they put beans on their hotdog?,coco_fallback
155058,coco,http://images.cocodataset.org/train2014/COCO_train2014_000000155058.jpg,What are they washing the horse with? | What is the main purpose of the horse? | Was the horse friendly? | Why is the horse so discolored? | What kind of horse is that?,coco_fallback
95390,coco,http://images.cocodataset.org/train2014/COCO_train2014_000000095390.jpg,What does the bridge connect? | What is the name of this river? | What is the name of that body of water? | Where is this? | How long is that bridge?,coco_fallback
126210,coco,http://images.cocodataset.org/train2014/COCO_train2014_000000126210.jpg,What country were these goats photographed in? | Is that a cliff the goat is on? | Where does this goat reside? | What kind of animal is that? | What type of rocks are in the background?,coco_fallback
393503,coco,http://images.cocodataset.org/train2014/COCO_train2014_000000393503.jpg,What are they doing with the cow? | Did you try milking it? | Is this a contest? | What language is the text in? | What does that sign say in English?,coco_fallback
335072,coco,http://images.cocodataset.org/train2014/COCO_train2014_000000335072.jpg,are these pizza chunks | What kind of food is on the plate? | Would you rather have your pizza in slices or squares? | How do you get the cheese perfectly browned like that? | Is the pizza from a local pizza place?,coco_fallback
374357,coco,http://images.cocodataset.org/train2014/COCO_train2014_000000374357.jpg,IS the dump truck not moving? | Is that garbage truck taking a dangerous turn? | Is the garbage truck full? | Was the truck really slow? | Is the garbage truck breaking traffic law?,coco_fallback
213642,coco,http://images.cocodataset.org/train2014/COCO_train2014_000000213642.jpg,What mountain are they on? | Did they just complete the hardest part of the ski slope? | What mountain do you think they're on? | What mountain is this? | Where are they skiing at?,coco_fallback
356690,coco,http://images.cocodataset.org/train2014/COCO_train2014_000000356690.jpg,Is that a wild bear? | What breed of bear is this? | How do you tell if that's a grizzly bear? | What is the bear looking at? | What kind of bear is that?,coco_fallback
385389,coco,http://images.cocodataset.org/train2014/COCO_train2014_000000385389.jpg,What are the men doing? | Whats wrong with the bike? | What kind of motorcycle is that? | Is the motorcycle broken? | What model is that motorcycle?,coco_fallback
338515,coco,http://images.cocodataset.org/train2014/COCO_train2014_000000338515.jpg,What's the score in the tennis game? | Who is that playing tennis? | Is this a professional tennis player? | Who is this tennis athlete? | Who is hitting the ball?,coco_fallback
88647,coco,http://images.cocodataset.org/train2014/COCO_train2014_000000088647.jpg,Do you think those couches are hot in the summer? | Do you like to match all your living room furniture like this? | Whose home is this? | How many people can the couch seat? | Why are there no pictures on the wall?,coco_fallback
3915,coco,http://images.cocodataset.org/train2014/COCO_train2014_000000003915.jpg,Do you like bars in kitchens like this? | Why are there so many plates on the counter? | Was this a special Occasion ? | Is she preparing for a big party? | What is she preparing to serve?,coco_fallback
541029,coco,http://images.cocodataset.org/train2014/COCO_train2014_000000541029.jpg,Is this a chromebook | Is that a picture of a laptop on the same type of laptop? | Is that computer on a conference room table? | Is that a new Mac? | Is that your computer?,coco_fallback
120697,coco,http://images.cocodataset.org/train2014/COCO_train2014_000000120697.jpg,Do these kids play on a school team? | What teams are playing? | Who is playing? | Is the man smiling as he watches the batter? | What's the score in the game?,coco_fallback
355344,coco,http://images.cocodataset.org/train2014/COCO_train2014_000000355344.jpg,How old is the dog? | What is the puppy's name? | Do you think that dog can catch the frisbee | Is this dog asking to go outside for playing? | What breed of dog was that?,coco_fallback
8314,coco,http://images.cocodataset.org/train2014/COCO_train2014_000000008314.jpg,Where is this? | What mountain is this? | What color lenses do you wear to combat snow blindness? | Did he hike all the way up the hill? | How high up is he?,coco_fallback
114141,coco,http://images.cocodataset.org/train2014/COCO_train2014_000000114141.jpg,Is that the little girl's mom? | What book are they reading? | What book are they reading? | Can she read yet? | What book are they reading?,coco_fallback
158038,coco,http://images.cocodataset.org/train2014/COCO_train2014_000000158038.jpg,Whose truck is that? | Is this truck parked on top of the curb? | Does the truck have custom rims? | Does the owner of the truck think that those wheels look nice? | What year is that pick up truck?,coco_fallback
188029,coco,http://images.cocodataset.org/train2014/COCO_train2014_000000188029.jpg,What teams are playing? | Is the boy going to throw a strike? | What's the score in the game? | Did the pitcher throw a strike? | Who is pitching?,coco_fallback
282009,coco,http://images.cocodataset.org/train2014/COCO_train2014_000000282009.jpg,Is this in a zoo? | How tall is that giraffe? | Are those ostriches? | Where is this? | Are the giraffes a danger to the birds?,coco_fallback
318222,coco,http://images.cocodataset.org/train2014/COCO_train2014_000000318222.jpg,Did you recently remodel the bathroom? | Is that a picture of your bathroom? | Was this a newly finished bathroom? | Do you have any other towels? | When was the bathroom remodeled last?,coco_fallback
300047,coco,http://images.cocodataset.org/train2014/COCO_train2014_000000300047.jpg,Do they ever chase the birds? | How old is that elephant? | What kind of birds are on the grass? | Is this at the zoo? | How old is the elephant?,coco_fallback
411877,coco,http://images.cocodataset.org/train2014/COCO_train2014_000000411877.jpg,Are these zebras on the inside or the outside of the fence? | Why is one zebra black and white and one brown and white? | Is that in a city? | What is behind that metal door near the zebra | Why are there zebras outside a building?,coco_fallback
81555,coco,http://images.cocodataset.org/train2014/COCO_train2014_000000081555.jpg,how many carriages does the train have? | What was the train carrying? | Where is the train coming from? | In what country was the train? | Does this train operate the whole day?,coco_fallback
196108,coco,http://images.cocodataset.org/train2014/COCO_train2014_000000196108.jpg,What liquid is in that container? | Did you recently remodel the kitchen? | Why are there two ovens/ | What is the woman carrying? | Is she cleaning?,coco_fallback
109125,coco,http://images.cocodataset.org/train2014/COCO_train2014_000000109125.jpg,What vegetables are on the pizza? | What kind of pizza is that? | How big was that pizza? | Who made that pizza? | What are the pizza toppings?,coco_fallback
542449,coco,http://images.cocodataset.org/train2014/COCO_train2014_000000542449.jpg,What teams are playing? | What's the score in the game? | Are these people very competitive? | Who won the game? | How many people are playing?,coco_fallback
115942,coco,http://images.cocodataset.org/train2014/COCO_train2014_000000115942.jpg,Is it day or night? | How old is the cat? | Is that a picture of your office? | What computer is that? | Is the carpet tan?,coco_fallback
579938,coco,http://images.cocodataset.org/train2014/COCO_train2014_000000579938.jpg,Is that a piece of art or does that serve a purpose? | What are those silver objects on the poles by the trees? | What kind of sculpture is that? | Who designed that crazy blue sculpture? | What is that a statue of?,coco_fallback
389154,coco,http://images.cocodataset.org/train2014/COCO_train2014_000000389154.jpg,Were they alone? | Are these animals sheep? | How many sheep are there? | How old is the sheep? | Are you going to shear that sheep?,coco_fallback
86075,coco,http://images.cocodataset.org/train2014/COCO_train2014_000000086075.jpg,What game are they playing? | What game were they playing? | What game are they playing? | What video game do you think they're playing? | Are these women trying to lose weight?,coco_fallback
197980,coco,http://images.cocodataset.org/train2014/COCO_train2014_000000197980.jpg,How old is that computer? | Is this a demo model? | Is it safe to have the tower on it's side? | How old is that computer? | Is that your computer?,coco_fallback
310416,coco,http://images.cocodataset.org/train2014/COCO_train2014_000000310416.jpg,Is the train real? | Is this a house? | How did that get there? | Why is this train in the forest? | What is the red thing?,coco_fallback
96280,coco,http://images.cocodataset.org/train2014/COCO_train2014_000000096280.jpg,Are those milking cows? | How many cows do you have? | Are the cows resting? | Do you think that is her child? | Can cows sleep on their sides?,coco_fallback
103251,coco,http://images.cocodataset.org/train2014/COCO_train2014_000000103251.jpg,Are the kids eating vegetables? | Is that broccoli they are eating? | How old are the girls? | How old are the little girls? | At what age did you first eat broccoli willingly?,coco_fallback
201342,coco,http://images.cocodataset.org/train2014/COCO_train2014_000000201342.jpg,What is he feeding it? | How old is the elephant? | Is this man feeding the elephant? | Is the man feeding the elephant something? | What is he feeding that elephant?,coco_fallback
552092,coco,http://images.cocodataset.org/train2014/COCO_train2014_000000552092.jpg,Where is this photo from? | Is it raining? | How rainy is it in this photo? | Is the woman shielding her head from rain? | Why doesn't she buy an umbrella?,coco_fallback
107935,coco,http://images.cocodataset.org/train2014/COCO_train2014_000000107935.jpg,What breed of dog is this? | Why is the dog dressed up? | What's the dog's name? | What is the dog's name? | Does he like it?,coco_fallback
462445,coco,http://images.cocodataset.org/train2014/COCO_train2014_000000462445.jpg,What are these girls supposed to be? | How old are the girls? | Are these girls sisters? | Are the girls at a birthday party? | Why are the girls dressed up?,coco_fallback
353803,coco,http://images.cocodataset.org/train2014/COCO_train2014_000000353803.jpg,"Was all of that food included in your take-out order> | Are the breakfasts here good? | How would you rate the food there? | What type of breakfast is this? | Do you want to eat this food, too?",coco_fallback
94359,coco,http://images.cocodataset.org/train2014/COCO_train2014_000000094359.jpg,is all that stuff for cameras? | Why does this person have all this equipment? | Does the tripod stay still while you take pictures? | Who owns this equipment? | Why is everything separated?,coco_fallback
515823,coco,http://images.cocodataset.org/train2014/COCO_train2014_000000515823.jpg,Does the owner bike long distances? | What kind of motorcycle is that? | Is that a legal motorcycle helmet? | Who drives this motorcycle? | What kind of bike is that?,coco_fallback
251229,coco,http://images.cocodataset.org/train2014/COCO_train2014_000000251229.jpg,Is this the only bathroom in the house? | Does he always leave the seat up? | What is in the bag? | Who left the seat up? | Is this where you are staying?,coco_fallback
436507,coco,http://images.cocodataset.org/train2014/COCO_train2014_000000436507.jpg,What kind of restaurant is this? | What kind of restaurant is that? | What restaurant is that? | What are those gourd-like things suspended from the rack? | What type of shop is this?,coco_fallback
222506,coco,http://images.cocodataset.org/train2014/COCO_train2014_000000222506.jpg,Where was this taken? | Are these umbrellas to protect from sun? | Is the city really crowded? | Is the food good? | Do you haggle when you shop at these street markets?,coco_fallback
16765,coco,http://images.cocodataset.org/train2014/COCO_train2014_000000016765.jpg,Is this the plane boneyard? | What war is this aircraft from? | Is this plane functional? | How old is that plane? | Can the plane be fixed?,coco_fallback
94353,coco,http://images.cocodataset.org/train2014/COCO_train2014_000000094353.jpg,Are all the elephants young? | How long do elephants live? | Are the elephants in back babies? | Where is this? | Do they just roam free?,coco_fallback
423247,coco,http://images.cocodataset.org/train2014/COCO_train2014_000000423247.jpg,What breed of horse is that? | Is this horse being fitted with a harness? | Where is this? | Is he spirited? | Why is the horse dressed up?,coco_fallback
375809,coco,http://images.cocodataset.org/train2014/COCO_train2014_000000375809.jpg,Who is the little girl? | Did she fly it herself? | What park are they at? | Who do you think is flying the kite? | Was this taken at an event?,coco_fallback
119579,coco,http://images.cocodataset.org/train2014/COCO_train2014_000000119579.jpg,Did they come from your garden? | Is this arrangement for an art project? | Are those zinnias? | Who are the flowers for? | Why did they take a close up picture?,coco_fallback
300388,coco,http://images.cocodataset.org/train2014/COCO_train2014_000000300388.jpg,What is in the blender? | What is in the blender? | What fruit did you use? | Is this blender efficient? | Is that protein powder in the blender?,coco_fallback
171848,coco,http://images.cocodataset.org/train2014/COCO_train2014_000000171848.jpg,Where is the bus headed? | Why is Mike Reid's name on the side of this bus? | What is the bus going to stop next? | Did you take the tour? | What kind of bus is that?,coco_fallback
166797,coco,http://images.cocodataset.org/train2014/COCO_train2014_000000166797.jpg,How many strawberries are in the fruit salad? | What restaurant is this from? | Who made the pancakes? | Can you make me a breakfast like this one? | How good does that taste?,coco_fallback
532155,coco,http://images.cocodataset.org/train2014/COCO_train2014_000000532155.jpg,What kind of kite is that? | Do all the kites have light colors? | What is the length of the yellow kite? | Were these kites hand painted? | Why is there tape on the bottom right?,coco_fallback
296528,coco,http://images.cocodataset.org/train2014/COCO_train2014_000000296528.jpg,Is the plane arriving or departing? | Do you fly much? | Is the plane taking off? | Where is the other wing | What kind of plane is that?,coco_fallback
551522,coco,http://images.cocodataset.org/train2014/COCO_train2014_000000551522.jpg,What are they making? | What are they making? | What are they making? | What are they making? | What do they use to make those vases?,coco_fallback
116562,coco,http://images.cocodataset.org/train2014/COCO_train2014_000000116562.jpg,How old is this photo? | Are elephants revered in India? | Does this elephant have a name? | Is it a baby? | In which country was this picture taken?,coco_fallback
326712,coco,http://images.cocodataset.org/train2014/COCO_train2014_000000326712.jpg,Who is flying this kite? | Are those kites for India? | What design is on this kite? | Are they all on one string or is this one and time lapsed? | How long was that kite?,coco_fallback
430563,coco,http://images.cocodataset.org/train2014/COCO_train2014_000000430563.jpg,Are the cats playing? | How old are the cats? | Are these cats fighting or playing? | Are the two cats related? | What are the names of the cats?,coco_fallback
255971,coco,http://images.cocodataset.org/train2014/COCO_train2014_000000255971.jpg,Where is the train going? | Why are they walking so close to the train? | Did you ride the train? | Are the people in the photo mother and daughter? | Did she enjoy the trip?,coco_fallback
361428,coco,http://images.cocodataset.org/train2014/COCO_train2014_000000361428.jpg,Are these birds hunting fish? | Do you like seagulls or think they are annoying? | Did you feed them? | Where is that lake? | Where is this lake?,coco_fallback
536494,coco,http://images.cocodataset.org/train2014/COCO_train2014_000000536494.jpg,Is this a professional skater? | Is this guy a professional skateboarder? | How long have you been skating? | Where is he skating at? | Did he just come off the rail?,coco_fallback
448475,coco,http://images.cocodataset.org/train2014/COCO_train2014_000000448475.jpg,Was it hard to make a change? | Is this the busiest part of town? | What city is that? | Where is this? | Where is the bus going?,coco_fallback
186888,coco,http://images.cocodataset.org/train2014/COCO_train2014_000000186888.jpg,Is this a kids baseball team? | When was this photo taken? | Did they just get done playing? | How old is that pic? | Did these boys beat their competitors?,coco_fallback
306724,coco,http://images.cocodataset.org/train2014/COCO_train2014_000000306724.jpg,Why are giraffes in the same exhibit with a different kind of animal? | Do the giraffes get along well with the other animals? | How many other animals were there? | How tall is that giraffe? | Why are these animals in a city?,coco_fallback
455860,coco,http://images.cocodataset.org/train2014/COCO_train2014_000000455860.jpg,What does the truck transport? | Did anyone speak English there? | What kind of truck is that? | Is that a moving truck? | What is the truck hauling?,coco_fallback
345331,coco,http://images.cocodataset.org/train2014/COCO_train2014_000000345331.jpg,What city is that in? | What kind of lights are hanging from the clock tower? | Where is this? | Is that Big Ben? | What are the decorative lights symbolizing?,coco_fallback
116968,coco,http://images.cocodataset.org/train2014/COCO_train2014_000000116968.jpg,"Where is this? | Where is he surfing? | Is he going to surf, or just walk along the beach? | What ocean is this? | What ocean is this?",coco_fallback
493365,coco,http://images.cocodataset.org/train2014/COCO_train2014_000000493365.jpg,Who is in the mirror? | Do you think wood paneling is cool again? | How big is the couch? | Who is in that picture? | Did you make the shelf?,coco_fallback
159332,coco,http://images.cocodataset.org/train2014/COCO_train2014_000000159332.jpg,Do you like broccoli? | How fresh is that broccoli? | Is this broccoli being prepared for cooking or eating raw? | What do you call the flowery ends of broccoli? | Are all the broccoli upside down?,coco_fallback
429858,coco,http://images.cocodataset.org/train2014/COCO_train2014_000000429858.jpg,Did they forget to complete this cake? | Is that cake iced with marzipan? | Was this a wedding cake? | Who got married? | What flavor cake is that?,coco_fallback
253334,coco,http://images.cocodataset.org/train2014/COCO_train2014_000000253334.jpg,Did he jump over you? | Is the skier performing a trick? | What is the name of this ski trick? | Which ski slope is this? | Did the skiier land this jump?,coco_fallback
326433,coco,http://images.cocodataset.org/train2014/COCO_train2014_000000326433.jpg,WAS THIS VEHICLE ABANDONED? | Is that one of your cats? | How did the cat get inside? | How did the cat get in there? | Is the car abandoned?,coco_fallback
65566,coco,http://images.cocodataset.org/train2014/COCO_train2014_000000065566.jpg,What is the brand of this motorbike? | What type of scooter is this? | Is that a moped or a scooter? | How old is this motorcycle? | Is it made for dirt?,coco_fallback
96713,coco,http://images.cocodataset.org/train2014/COCO_train2014_000000096713.jpg,Was the doughnut good? | Who ate half the donut? | What's your favorite kind of donut? | How many did you eat? | Are all the doughnuts bitten off of?,coco_fallback
389977,coco,http://images.cocodataset.org/train2014/COCO_train2014_000000389977.jpg,Whose house is that? | How big is that room? | What are the large white objects used for? | What are those two large sculptural structures? | What type of wood is the flooring made from in this room?,coco_fallback
376802,coco,http://images.cocodataset.org/train2014/COCO_train2014_000000376802.jpg,How old is that train car? | Is this a bus or a train? | How old is that train? | What kind of train is that? | Does that train look like a bus to you?,coco_fallback
305709,coco,http://images.cocodataset.org/train2014/COCO_train2014_000000305709.jpg,What is he cooking? | Is this for a holiday meal? | How long will the turkey have to cook? | What is that he's checking in the oven? | What is he cooking?,coco_fallback
376806,coco,http://images.cocodataset.org/train2014/COCO_train2014_000000376806.jpg,Do you ejoy sushi like the ones here? | Is this meal for one person? | What is the name of this food I am about to consume? | How much did all that cost? | Can this be ordered at a restaurant nearby?,coco_fallback
86852,coco,http://images.cocodataset.org/train2014/COCO_train2014_000000086852.jpg,Is this tennis player going to make the shot? | Who is he playing against? | What is the name of the tennis player? | What's the score in the game? | Who won the match?,coco_fallback
69003,coco,http://images.cocodataset.org/train2014/COCO_train2014_000000069003.jpg,What's the cat's name? | What is the name of the cat? | What is the cat laying on top of? | Does he like it for the heat? | Why is the cat laying on the laptop?,coco_fallback
434385,coco,http://images.cocodataset.org/train2014/COCO_train2014_000000434385.jpg,Does that cat like apple cores? | He really eats that? | Do cats like to eat apples? | Did the cat eat the food? | How old is the kitten?,coco_fallback
42696,coco,http://images.cocodataset.org/train2014/COCO_train2014_000000042696.jpg,What type of elephants are these? | Why are elephants wandering around an urban area? | Are these elephants in a zoo? | Are those elephants in captivity? | How many elephants are there in the picture?,coco_fallback
434857,coco,http://images.cocodataset.org/train2014/COCO_train2014_000000434857.jpg,What kind of food is that? | Is this table set for a meal? | What kind of breakfast is that? | Was this lunch? | How many people are eating this meal?,coco_fallback
521867,coco,http://images.cocodataset.org/train2014/COCO_train2014_000000521867.jpg,How many people live here? | Is that a picture of your ki | Why is that room pink and green? | Who's room is this? | What shade of blue is the wall painted?,coco_fallback
248191,coco,http://images.cocodataset.org/train2014/COCO_train2014_000000248191.jpg,What is Starkist? | Why is there so much tuna in front of the microwave. | How many ounces do the packets weigh? | Do you like the tuna in a pouch? | Are these packs going to be used in a special recipe?,coco_fallback
545877,coco,http://images.cocodataset.org/train2014/COCO_train2014_000000545877.jpg,Is this a classic? | What year is it? | What type of motorcycle is that? | What kind of bike is that? | How old is the motorcycle?,coco_fallback
558153,coco,http://images.cocodataset.org/train2014/COCO_train2014_000000558153.jpg,Are those fruits sweet? | What kind of fruit is that? | What kind of fruit is that? | What kind of vegetable is growing? | How long ago was that fruit tree planted?,coco_fallback
172665,coco,http://images.cocodataset.org/train2014/COCO_train2014_000000172665.jpg,Is there a lower level to the boat under the water? | Have you ridden the ship? | Where is the ferry going? | Where is the ferry going? | Where is the boat going?,coco_fallback
310240,coco,http://images.cocodataset.org/train2014/COCO_train2014_000000310240.jpg,Did any of them run? | Are these giraffes naturally walking in a line? | Did you get to pet a giraffe? | Is this an animal wildlife preserve? | How tall you you think they are?,coco_fallback
204626,coco,http://images.cocodataset.org/train2014/COCO_train2014_000000204626.jpg,Where is this ski slope? | How long has the woman skiied today? | Was this your first time skiing? | What slope is she skiing on? | Why wear white slacks when you're skiing?,coco_fallback
476634,coco,http://images.cocodataset.org/train2014/COCO_train2014_000000476634.jpg,Why is there a cell phone sitting in those green beans? | Who left the cell phone? | How did a cellphone end up in a box of beans? | What kind of food is in the crate? | Are those peas?,coco_fallback
363806,coco,http://images.cocodataset.org/train2014/COCO_train2014_000000363806.jpg,What city is the building located in? | Is this a church? | What time is on that clock? | What city is that in? | What is the architectural style of this clock tower?,coco_fallback
400134,coco,http://images.cocodataset.org/train2014/COCO_train2014_000000400134.jpg,What type of dog is that? | Does the dog belong to one of your neighbors? | How old is that dog? | Is that your dog? | Does he stay outside all the time?,coco_fallback
242210,coco,http://images.cocodataset.org/train2014/COCO_train2014_000000242210.jpg,Why is the cat ignoring the bottle of milk? | Is this cat looking for food? | What breed of cat is that? | How much does that cat weigh? | What is the name of the cat?,coco_fallback
309541,coco,http://images.cocodataset.org/train2014/COCO_train2014_000000309541.jpg,Where was the bus going? | How much was the bus fare? | Where is the bus going? | Why are there so many busses? | Where are all the buses coming from?,coco_fallback
101418,coco,http://images.cocodataset.org/train2014/COCO_train2014_000000101418.jpg,How tall is this giraffe? | How tall are giraffes? | Where is the rest of the giraffes body. | Will the giraffe eat any of those types of trees? | Did he see you?,coco_fallback
69312,coco,http://images.cocodataset.org/train2014/COCO_train2014_000000069312.jpg,What kind of food do they serve here? | Is that a resteraunt? | Is that a restaurant? | Why are there so many tables outside? | Are you staying there?,coco_fallback
544875,coco,http://images.cocodataset.org/train2014/COCO_train2014_000000544875.jpg,Does this design seem poor to you? | Why are there two toilets here? | Why are there two toilets? | Why are there two toilets in the hall? | Would you feel comfortable using this restroom?,coco_fallback
402213,coco,http://images.cocodataset.org/train2014/COCO_train2014_000000402213.jpg,What is park & ride? | Did you ride that bus? | How much does the fare for the bust cost? | Is that bus cheaper to ride? | What city is this bus from?,coco_fallback
46426,coco,http://images.cocodataset.org/train2014/COCO_train2014_000000046426.jpg,Were these on sale? | Did they sell breads also? | How many types of donuts did this place have? | How many kinds did you try? | How much for a doughnut?,coco_fallback
98408,coco,http://images.cocodataset.org/train2014/COCO_train2014_000000098408.jpg,Who won the race? | Is the motorcycle in last going to fall? | What types of motorcycles are these? | How fast are they driving? | Who is winning the race?,coco_fallback
454915,coco,http://images.cocodataset.org/train2014/COCO_train2014_000000454915.jpg,It the monitor wireless as well? | What room of the house is this computer in? | Whose computer is that? | How old is the monitor? | What is the thing the monitor is connected to called?,coco_fallback
235498,coco,http://images.cocodataset.org/train2014/COCO_train2014_000000235498.jpg,Is that an antique? | Are these hand painted? | Is that collection valuable? | Is the teapot an antique? | What are in those tins?,coco_fallback
141386,coco,http://images.cocodataset.org/train2014/COCO_train2014_000000141386.jpg,What is he drinking? | Did this man just get home from work? | Is he your boyfriend? | What is this man doing with his beer? | How expensive do you think that tie is?,coco_fallback
63421,coco,http://images.cocodataset.org/train2014/COCO_train2014_000000063421.jpg,How old is that bike? | What kind of vehicle is that? | What kind of motorcycle is that? | Where is this? | What kind of vehicle is in the front?,coco_fallback
250916,coco,http://images.cocodataset.org/train2014/COCO_train2014_000000250916.jpg,What harbor is that? | Is there a storm coming in? | Where was this taken? | Are any of those your boat? | What marina are all these boats in?,coco_fallback
558372,coco,http://images.cocodataset.org/train2014/COCO_train2014_000000558372.jpg,Is that table being sold? | Is that a surfboard table? | What kind of wood is that table made out of? | What is the man in front taking out of his bag? | What is the man doing?,coco_fallback
135982,coco,http://images.cocodataset.org/train2014/COCO_train2014_000000135982.jpg,Is that your horse? | What is the horse grazing on? | How many other horses are there? | Did you ride the horse in the forest? | What breed is that horse?,coco_fallback
390935,coco,http://images.cocodataset.org/train2014/COCO_train2014_000000390935.jpg,Is that a horse or a donkey? | What country is that in? | What is the horse doing amognst all the cars? | What are the people doing? | did they crash?,coco_fallback
387293,coco,http://images.cocodataset.org/train2014/COCO_train2014_000000387293.jpg,In what way are these two giraffes interacting? | How tall are these giraffes? | Who won the fight? | Is that a nature park? | Are those giraffes fighting?,coco_fallback
329105,coco,http://images.cocodataset.org/train2014/COCO_train2014_000000329105.jpg,What country is that in? | English and what other language are displayed on this stop sign? | Which language are these signs written in? | What language is that above the English? | What language is that sign in?,coco_fallback
534786,coco,http://images.cocodataset.org/train2014/COCO_train2014_000000534786.jpg,"Was that dog taught to fetch as a puppy, or is that instinct? | What is the dogs name? | Why is the dog in the water? | What's this dog's name? | Does he like the water?",coco_fallback
391403,coco,http://images.cocodataset.org/train2014/COCO_train2014_000000391403.jpg,How tall is that giraffe? | Is this giraffe in the city? | Why is the giraffe trying to get in that building? | Are the stripes on the wall to measure how tall the giraffe grows? | Do you know if giraffes are on the endangered list?,coco_fallback
508749,coco,http://images.cocodataset.org/train2014/COCO_train2014_000000508749.jpg,How many photos did you take? | What are you looking at? | How much did the laptop cost? | Why is she looking at photo's from a tennis match? | Are you considering taking tennis lessons?,coco_fallback
314766,coco,http://images.cocodataset.org/train2014/COCO_train2014_000000314766.jpg,How old are the zebras? | Are these zebras in their natural habitat? | Are these zebras part of a zoo exhibit? | How many zebras are laying down? | Are these zebras related?,coco_fallback
16784,coco,http://images.cocodataset.org/train2014/COCO_train2014_000000016784.jpg,Where is the plane going? | What airport was this taken at? | How long before the plane takes off? | Are all the planes moving? | What is the meaning of the advertising on this plane?,coco_fallback
208338,coco,http://images.cocodataset.org/train2014/COCO_train2014_000000208338.jpg,What type of meat is that? | What kind of meat is shown in the picture? | Is that a pork roast or beef? | What type of food is that?,coco_fallback
531309,coco,http://images.cocodataset.org/train2014/COCO_train2014_000000531309.jpg,Is this a military airport? | What airport is this? | Is this a real aerial photo? | Is that a military base? | Why are the planes in a circle?,coco_fallback
125597,coco,http://images.cocodataset.org/train2014/COCO_train2014_000000125597.jpg,How did you cook them? | Are those eggs on the pizza? | What type of oven were the pizzas cooked in? | Is that pizza burnt? | What kind of pizza is on the plate?,coco_fallback
440311,coco,http://images.cocodataset.org/train2014/COCO_train2014_000000440311.jpg,What kind of animal is he? | Is she feeding the horse? | Is the woman feeding the horse? | How many horses do you have? | What is she feeding the horse?,coco_fallback
547417,coco,http://images.cocodataset.org/train2014/COCO_train2014_000000547417.jpg,Why won't the little girl clean up? | Is the child holding a bear? | How old is the child? | How old is she? | Does she pick the toys up off the floor?,coco_fallback
186266,coco,http://images.cocodataset.org/train2014/COCO_train2014_000000186266.jpg,Where are they wine tasting at? | Do all of those wines taste the same? | Which did you like best? | Is this a wine bar? | Did you enjoy the wine tasting?,coco_fallback
4415,coco,http://images.cocodataset.org/train2014/COCO_train2014_000000004415.jpg,Which country was this taken in? | What is on top of the building in the back? | Why does that building have a bell on it? | Is that clock attached to the top of a church? | Is the bell loud?,coco_fallback
141038,coco,http://images.cocodataset.org/train2014/COCO_train2014_000000141038.jpg,Was it an airshow? | What model plane is this? | What kind of plane is that? | What kind of plane is that? | Why are the wings on the bottom of the plane?,coco_fallback
575704,coco,http://images.cocodataset.org/train2014/COCO_train2014_000000575704.jpg,What country was this taken in? | Why do the Indian elephants have tiny ears? | Where are these elephants located? | Did they show any interest in you? | How big was the enclosure?,coco_fallback
80518,coco,http://images.cocodataset.org/train2014/COCO_train2014_000000080518.jpg,What is at? | Where was the plane flying to? | Is that plane landing or taking off? | Is this plan preparing for a landing? | What airport is the plane taking off from?,coco_fallback
260696,coco,http://images.cocodataset.org/train2014/COCO_train2014_000000260696.jpg,Is that a gorilla? | What type of flip is the man attempting? | Where is this boy skateboarding? | How long has this person been skateboarding? | Whats on his face?,coco_fallback
192642,coco,http://images.cocodataset.org/train2014/COCO_train2014_000000192642.jpg,What area is it so hilly? | Do the cattle have water nearby? | What kind of cows are those? | Is the cow looking at the camera? | Is that a house?,coco_fallback
397138,coco,http://images.cocodataset.org/train2014/COCO_train2014_000000397138.jpg,Is that your bedroom? | What would you call the pattern on tha bedding? | When's the last time someone made that bed? | Is that a new bed? | What book is on the bed?,coco_fallback
458551,coco,http://images.cocodataset.org/train2014/COCO_train2014_000000458551.jpg,Is the elephant in a zoo? | Was he scratching his butt? | Is that elephant well-endowed? | Is the elephant sick? | Where was this taken?,coco_fallback
404753,coco,http://images.cocodataset.org/train2014/COCO_train2014_000000404753.jpg,Is that an antique table? | What kind of flowers are those? | What type of plant in in the vase? | What kind of flowers are in the vase? | Whose desk is that?,coco_fallback
162419,coco,http://images.cocodataset.org/train2014/COCO_train2014_000000162419.jpg,What kind of trains are those? | Are these trains just for show? | Can the trains be driven out of the building? | How old are those trains? | Are these engines in a train museum?,coco_fallback
36282,coco,http://images.cocodataset.org/train2014/COCO_train2014_000000036282.jpg,What beach is she at? | Is it raining? | Why is she holding an umbrella when it isn't raining? | Where was this taken? | What beach is she at?,coco_fallback
418257,coco,http://images.cocodataset.org/train2014/COCO_train2014_000000418257.jpg,Where are the buses headed? | How long is that bus? | Where is this? | Is this bus taking passengers? | What is the bus's next stop?,coco_fallback
209320,coco,http://images.cocodataset.org/train2014/COCO_train2014_000000209320.jpg,Does this horse live on a farmm close to you? | Do you ride horses? | How old is the horse? | Do they ride that horse? | Is the horse eating?,coco_fallback
371258,coco,http://images.cocodataset.org/train2014/COCO_train2014_000000371258.jpg,Why is the cat sleeping? | Does the cat intend to move? | Is this cat trying to close the bag? | What's the cats name? | Why did the cat fall asleep on the suitcase?,coco_fallback
455532,coco,http://images.cocodataset.org/train2014/COCO_train2014_000000455532.jpg,How did you find a spot on this beach? | Why are so many people on the beach? | Which beach is that? | What beach is that? | Where is this beach?,coco_fallback
383902,coco,http://images.cocodataset.org/train2014/COCO_train2014_000000383902.jpg,What kind of flowers are in the vase? | What's the celebration here that calls for this centerpiece? | What kind of flowers are those? | Was this flower arrangement a birthday gift? | What kind of flower is the large one in the middle?,coco_fallback
62351,coco,http://images.cocodataset.org/train2014/COCO_train2014_000000062351.jpg,Have you ever visited that website? | What kind of plane is that ? | What is the model of the plane? | What type of plane is that? | What plane is this flying?,coco_fallback
362145,coco,http://images.cocodataset.org/train2014/COCO_train2014_000000362145.jpg,Did he win? | What kind of tennis racket is he playing with? | Is this man new to tennis? | What's the score in the game? | What is his name?,coco_fallback
22274,coco,http://images.cocodataset.org/train2014/COCO_train2014_000000022274.jpg,What is the fare for this bus? | Where is the bus going to? | Did you ride that bus? | Why do you need a double decker bus? | Are those houses or shops behind the bus?,coco_fallback
456845,coco,http://images.cocodataset.org/train2014/COCO_train2014_000000456845.jpg,"Why is it stopped on the runway? | Is this plane about to take off, or has it just landed? | Where is the plane headed? | What airport is this? | Did it just land?",coco_fallback
87096,coco,http://images.cocodataset.org/train2014/COCO_train2014_000000087096.jpg,Why are there so many bananas? | Why are there so many bananas? | How much do you think those bananas cost? | Did he have any green ones? | How much do a bunch of those bananas cost?,coco_fallback
217043,coco,http://images.cocodataset.org/train2014/COCO_train2014_000000217043.jpg,Who makes this pottery? | How old are those vases? | Would you know if those were genuine antiques? | What does this design mean? | Is it an antique?,coco_fallback
2608,coco,http://images.cocodataset.org/train2014/COCO_train2014_000000002608.jpg,Who gets to sleep on the floor? | What type of yoga mat is that? | Why is that door wide open? | Why is there a pillow on the floor? | Who is sleeping on the floor?,coco_fallback
14049,coco,http://images.cocodataset.org/train2014/COCO_train2014_000000014049.jpg,What is on that hot dog? | Whose hot dog is this? | What are all the toppings on the hot dog? | How much did this hot dog cost? | What is the main topping on the hot dog?,coco_fallback
90154,coco,http://images.cocodataset.org/train2014/COCO_train2014_000000090154.jpg,Does this look like Europe? | Do the buses go fast? | Are lots of the streets there circular? | What is the name of the company on the side of the bus? | Where is the bus going?,coco_fallback
216601,coco,http://images.cocodataset.org/train2014/COCO_train2014_000000216601.jpg,What plant is that? | Where is this plant located? | Are those herbs from your garden? | What kind of plant is in this vase? | Do you grow these herbs yourself?,coco_fallback
180571,coco,http://images.cocodataset.org/train2014/COCO_train2014_000000180571.jpg,Where is this bathroom located? | Are you remodeling? | How big is this bathroom? | Are they remodeling the bathroom? | Whose bathroom is this?,coco_fallback
268659,coco,http://images.cocodataset.org/train2014/COCO_train2014_000000268659.jpg,Is he looking for his friend? | What type of brick is that? | How old is this giraffe? | Do all giraffes have the same kind of spots? | Was the giraffe in a zoo?,coco_fallback
467265,coco,http://images.cocodataset.org/train2014/COCO_train2014_000000467265.jpg,Does the girl with her back to the camera have a kite? | Why aren't they flying the kites higher? | Are these kids flying kites as part of a school project? | How many children are in the pic? | Are they all flying kites?,coco_fallback
21320,coco,http://images.cocodataset.org/train2014/COCO_train2014_000000021320.jpg,How old is that refrigerator? | Does it still work? | How old is that icebox? | Does it still work? | How old is that refrigerator?,coco_fallback
83968,coco,http://images.cocodataset.org/train2014/COCO_train2014_000000083968.jpg,Are all the lights on? | What is the square footage of the room? | Is this a single-story house? | How big is this room? | Are those hardwood floors?,coco_fallback
190732,coco,http://images.cocodataset.org/train2014/COCO_train2014_000000190732.jpg,Who won? | What's the score in the game? | Who is the guy in the striped jersey? | Isn't that move illegal? | Is that a player or a referee in the black and white stripes?,coco_fallback
538164,coco,http://images.cocodataset.org/train2014/COCO_train2014_000000538164.jpg,What kind of counter top is that? | Did you remodel? | How many bedrooms in this house? | How do you choose island lighting? | How much did the marble cost?,coco_fallback
313526,coco,http://images.cocodataset.org/train2014/COCO_train2014_000000313526.jpg,What kind of boards are they on? | Do you think she will get good? | Is that the first time the girl had skateboarded? | Where are they skating? | How long did the lesson take?,coco_fallback
136493,coco,http://images.cocodataset.org/train2014/COCO_train2014_000000136493.jpg,Are these women related? | What is that? | Is that kite a dragon? | Where is this? | IS that kite shaped like a bird?,coco_fallback
373312,coco,http://images.cocodataset.org/train2014/COCO_train2014_000000373312.jpg,What kind of bird is that? | What type of bird is this? | Is the dragonfly real? | Do you know what that bird is called? | What type of bird is that?,coco_fallback
71310,coco,http://images.cocodataset.org/train2014/COCO_train2014_000000071310.jpg,Do you know this guy? | Why is he skateboarding the wrong way? | Is a skateboard a practical form of transportation? | Does he follow you often? | Why is this person skateboarding on the wrong side of the road?,coco_fallback
158486,coco,http://images.cocodataset.org/train2014/COCO_train2014_000000158486.jpg,Is this an airplane in France? | What make is the plane? | Is that a military plane? | Where is that plane going? | Do you know anyone coming in on it?,coco_fallback
78221,coco,http://images.cocodataset.org/train2014/COCO_train2014_000000078221.jpg,Why are there statues in a bathroom? | Why are their lion statues in the bathroom? | What are they there for | Why are these statues in front of the toilets? | Do those statues make you feel like someone is watching you while you use the bathroom?,coco_fallback
546013,coco,http://images.cocodataset.org/train2014/COCO_train2014_000000546013.jpg,Which toy is the cat's favorite? | Is that your cat? | Are those girl toys? | Is the center on a real cat? | What is the name of the cat?,coco_fallback
491128,coco,http://images.cocodataset.org/train2014/COCO_train2014_000000491128.jpg,Will you upgrade the shower next? | Is the shower nice and hot? | Is this bathroom large? | Are those doors painted? | How big is that bathroom?,coco_fallback
342220,coco,http://images.cocodataset.org/train2014/COCO_train2014_000000342220.jpg,IS the girls in the pink your daughter? | Is this Sugar Bowl? | How cold is it there? | What resort is this at? | How warm was it?,coco_fallback
21698,coco,http://images.cocodataset.org/train2014/COCO_train2014_000000021698.jpg,What is it? | What is this dish called? | What food is this? | What kind of food is that? | What type of cuisine is the restaurant known for?,coco_fallback
548689,coco,http://images.cocodataset.org/train2014/COCO_train2014_000000548689.jpg,Was your friend trying to take a selfie? | What model of phone is that? | Who sent that text message? | How old is that cell phone? | Is the person texting?,coco_fallback
293174,coco,http://images.cocodataset.org/train2014/COCO_train2014_000000293174.jpg,Is there a sink in there? | Is that dark floor tile hard to keep clean? | Where do you get a toilet like that? | Do you plan to get a different colored toilet? | What country is this oddly shaped toilet in?,coco_fallback
45351,coco,http://images.cocodataset.org/train2014/COCO_train2014_000000045351.jpg,Is that downhill skiing? | How old is the skier? | How often do you go skiing? | Did she fall from leaning too far backwards? | Do you think she's going fast?,coco_fallback
564348,coco,http://images.cocodataset.org/train2014/COCO_train2014_000000564348.jpg,What is sticking out the banana split? | Who made that banana split? | Is this a desert for one or two? | How good was it? | Are those spikes made of cookies?,coco_fallback
426906,coco,http://images.cocodataset.org/train2014/COCO_train2014_000000426906.jpg,Is that a towel used as a drape? | Is that a picture of your living room? | Why the double curtain? | Why are the curtains up? | Why do the curtains seem so haphazard?,coco_fallback
41984,coco,http://images.cocodataset.org/train2014/COCO_train2014_000000041984.jpg,Where is this located? | Are any of these giraffes related? | Why are the tops of the trees cut off? | Is that a family of giraffes? | Were the giraffes friendly?,coco_fallback
102205,coco,http://images.cocodataset.org/train2014/COCO_train2014_000000102205.jpg,Are they tailgating? | Who all is going camping? | Where are these people vacationing? | What is the towing capacity of the center truck? | Where is this?,coco_fallback
371490,coco,http://images.cocodataset.org/train2014/COCO_train2014_000000371490.jpg,Where did you get the sink? | How big is this bathroom? | Does this bathroom also contain a shower? | What is outside the window? | Is that real hard wood flooring?,coco_fallback
138134,coco,http://images.cocodataset.org/train2014/COCO_train2014_000000138134.jpg,What type of bird is it? | What kind of bird is that? | How much does that bird weigh? | Does the man get his feet wet? | What ocean is this?,coco_fallback
41988,coco,http://images.cocodataset.org/train2014/COCO_train2014_000000041988.jpg,What kind of oven is that? | How much was the bi-oven? | Do you like double ovens? | What kind of stove is that? | What type of wood did they use for the cabinets?,coco_fallback
314095,coco,http://images.cocodataset.org/train2014/COCO_train2014_000000314095.jpg,What kind of car is that? | Where is this? | Is this vehicle stopped? | Did he stop just to see what would happen? | Where is the car going?,coco_fallback
275870,coco,http://images.cocodataset.org/train2014/COCO_train2014_000000275870.jpg,How any floor does that bus have? | Did you ride that bus? | How does the bus turn without tipping over? | Where is this? | Is this a tour bus?,coco_fallback
492715,coco,http://images.cocodataset.org/train2014/COCO_train2014_000000492715.jpg,Are those plastic rocks? | What craft are they going to make? | What project are you doing? | What is in those bags? | Who owns these craft supplies?,coco_fallback
519489,coco,http://images.cocodataset.org/train2014/COCO_train2014_000000519489.jpg,When was he born? | How old is the pony? | How old is the colt? | Are both of the horses adults? | How many hands are the horses?,coco_fallback
487589,coco,http://images.cocodataset.org/train2014/COCO_train2014_000000487589.jpg,Who do the bat and glove belong to? | Whose bat is that? | Is there a ball in the glove? | Who is playing? | Who's sports items are these?,coco_fallback
54642,coco,http://images.cocodataset.org/train2014/COCO_train2014_000000054642.jpg,How high is the kite flying? | Do you know the city in the background? | Who is flying the kites? | Do they ever fall in the water? | How high is that kite flying?,coco_fallback
482889,coco,http://images.cocodataset.org/train2014/COCO_train2014_000000482889.jpg,Do you think that's her natural hair color with streaks? | Does this woman go to the dentist? | Who is on the phone with her? | Is she speaking on a cell phone? | Who is she talking to?,coco_fallback
544294,coco,http://images.cocodataset.org/train2014/COCO_train2014_000000544294.jpg,Is this a slumber party? | What are they watching on the laptop? | Are they having a party? | Was this a planned photo? | What is the context of the girls dressing up for the photo?,coco_fallback
445768,coco,http://images.cocodataset.org/train2014/COCO_train2014_000000445768.jpg,Did you get a better shot of the baby? | Are these giraffes related? | How tall are the giraffes? | Is that at a zoo? | How tall are those giraffes?,coco_fallback
380500,coco,http://images.cocodataset.org/train2014/COCO_train2014_000000380500.jpg,Did it get close enough to pet? | How tall is that giraffe? | Is the giraffe in a petting zoo? | Will he bite me if I grab his tongue? | Is the giraffe reaching for someone's food?,coco_fallback
480679,coco,http://images.cocodataset.org/train2014/COCO_train2014_000000480679.jpg,What hotel is this? | Who's backpack is that? | How would you rate the room? | How many people does that room sleep? | How much a night did that cost?,coco_fallback
179725,coco,http://images.cocodataset.org/train2014/COCO_train2014_000000179725.jpg,What are the two animals doing? | Are the cat and dog friends? | Is the picture reversed? | How old is the cat? | How old is the kitten?,coco_fallback
438025,coco,http://images.cocodataset.org/train2014/COCO_train2014_000000438025.jpg,How cold was it there? | Where is this? | How many trucks are parked in that lot? | What mountain range is that behind the trucks? | Is this the beginning or end of the rainbow?,coco_fallback
390756,coco,http://images.cocodataset.org/train2014/COCO_train2014_000000390756.jpg,Is the man in front laughing as he skateboards? | Would you rather ride on a bicycle or a skateboard? | Where is this? | Why is she pulling him? | Is the man on the skateboard drinking?,coco_fallback
466223,coco,http://images.cocodataset.org/train2014/COCO_train2014_000000466223.jpg,Is this an anniversary photo? | What was the occasion? | Was this your friend's anniversary party? | Is this a birthday party? | Is today his birthday?,coco_fallback
575230,coco,http://images.cocodataset.org/train2014/COCO_train2014_000000575230.jpg,Is this a skate park? | What kind of trick is he doing? | Is yours the one with the helmet? | Did those kids build that skating ramp? | Do you want to bet he'll regret not wearing a helmet?,coco_fallback
347189,coco,http://images.cocodataset.org/train2014/COCO_train2014_000000347189.jpg,How many tables are there in the restaurant? | Are these pizzas made in the traditional Italian stlye? | Is the food good? | How much does that pizza cost? | What were the toppings on the pizzas?,coco_fallback
455667,coco,http://images.cocodataset.org/train2014/COCO_train2014_000000455667.jpg,What was the parade for? | what is this parade | Are the cops laughing? | Are the officers watching the road? | Are the cops laughing?,coco_fallback
554658,coco,http://images.cocodataset.org/train2014/COCO_train2014_000000554658.jpg,What is the model of the refrigerator? | Was the license plate from your car? | Why is there a license plate on the fridge? | What is in the corner of the kitchen? | Whose kitchen is this?,coco_fallback
491029,coco,http://images.cocodataset.org/train2014/COCO_train2014_000000491029.jpg,Will someone eat the bananas? | What shape is the bowl? | Why do they keep bananas in a bowl? | Are you taking photo classes? | What is the glass made of?,coco_fallback
317527,coco,http://images.cocodataset.org/train2014/COCO_train2014_000000317527.jpg,Is this little dog well behaved? | How old is the dog? | Where can I buy that bedspread? | Does the dog always get to go on the bed? | How old is the dog?,coco_fallback
282943,coco,http://images.cocodataset.org/train2014/COCO_train2014_000000282943.jpg,Who is she calling? | What magazine is she reading? | What name is on that magazine? | Who is she talking to on the phone? | What magazine is she reading?,coco_fallback
211027,coco,http://images.cocodataset.org/train2014/COCO_train2014_000000211027.jpg,Where was the plane going? | Where is the plane going? | Have you ever flown with this airline before? | What does SAS stand for? | Is this airplane landing?,coco_fallback
237437,coco,http://images.cocodataset.org/train2014/COCO_train2014_000000237437.jpg,Is that a palace? | Where is this? | Is that Big Ben? | What time of year was the picture taken? | Is that water in front of the buildings?,coco_fallback
115604,coco,http://images.cocodataset.org/train2014/COCO_train2014_000000115604.jpg,What restaurant was that at? | Did they cook good food? | What are they trying to cook? | What kind of meal are they preparing? | What food are they making?,coco_fallback
520092,coco,http://images.cocodataset.org/train2014/COCO_train2014_000000520092.jpg,What is the purpose of this vase with the tag? | What kind of flower is in the middle right? | Where were these picture taken? | What type of flower is that? | Was the flower picked directly from the garden?,coco_fallback
427618,coco,http://images.cocodataset.org/train2014/COCO_train2014_000000427618.jpg,Was someone injured? | What city is this street in? | Where does the car get towed to? | Is this your local tow company? | What is cedars assist?,coco_fallback
21528,coco,http://images.cocodataset.org/train2014/COCO_train2014_000000021528.jpg,Where are those people headed? | What kind of bike is the man driving in the back? | What is that tall bike called? | Where is this? | Did he fall when he tried to get off of that bicycle?,coco_fallback
313234,coco,http://images.cocodataset.org/train2014/COCO_train2014_000000313234.jpg,How old is the batter? | What's the score in the game? | Did he miss the ball? | What is the batter's name? | Is the kid talented at baseball?,coco_fallback
99598,coco,http://images.cocodataset.org/train2014/COCO_train2014_000000099598.jpg,What kind of plane is that? | What type of plane is that? | What plane is that? | Is the plane ready to take off? | Is the plane landing?,coco_fallback
257908,coco,http://images.cocodataset.org/train2014/COCO_train2014_000000257908.jpg,When was the last time someone cleaned the bathroom? | Are the urinals easier to pee in designed that way? | Where is this bathroom located? | What is behind that partition? | Why are those uninals so long?,coco_fallback
269650,coco,http://images.cocodataset.org/train2014/COCO_train2014_000000269650.jpg,Which beach is this? | Why is there a goat on a beach? | Did they hurt the goat? | Is this a beach in another country? | Were they making it swim or bathing it?,coco_fallback
54225,coco,http://images.cocodataset.org/train2014/COCO_train2014_000000054225.jpg,What kind of laptop is that? | Is the cat using the laptop? | What kind of laptop is this? | Whose computer is this? | What kind of computer is that?,coco_fallback
265330,coco,http://images.cocodataset.org/train2014/COCO_train2014_000000265330.jpg,Do they just wander around town? | Why is a sheep in the street? | Is the goat able to roam around the city free? | Is the sheep smiling? | What species of animal is this?,coco_fallback
251312,coco,http://images.cocodataset.org/train2014/COCO_train2014_000000251312.jpg,Where is everyone? | How is the sign yellow and the rest is black and white? | What is the name of this street? | Did you edit this yourself? | Do you like billiards?,coco_fallback
414989,coco,http://images.cocodataset.org/train2014/COCO_train2014_000000414989.jpg,What kind of trick is the man attempting? | What is the skateboarders name? | Is that a successful skateboard maneuver? | What is the name of that skateboard trick? | What is the person's name?,coco_fallback
509988,coco,http://images.cocodataset.org/train2014/COCO_train2014_000000509988.jpg,Is that a donkey in the background? | How much wool do the produce for you? | Which country is this? | Does he use dogs to herd the sheep? | How does that donkey feel about being part of the flock?,coco_fallback
352129,coco,http://images.cocodataset.org/train2014/COCO_train2014_000000352129.jpg,How many hours a day do these bears sleep? | How many hours a day do bears sleep? | Why are there bears laying on wood? | Are these bears in captivity? | Was this in the fall?,coco_fallback
314788,coco,http://images.cocodataset.org/train2014/COCO_train2014_000000314788.jpg,Is the plane on the right in the air? | Has a plane there ever ended up in the water? | How close were they to hitting each other? | What kind of airplanes are those? | Is that plan landing?,coco_fallback
333537,coco,http://images.cocodataset.org/train2014/COCO_train2014_000000333537.jpg,Is she homeless? | Is the bird afraid? | Who is the lady on the bench? | What is everyone looking at? | Is she feeding the pideon?,coco_fallback
71550,coco,http://images.cocodataset.org/train2014/COCO_train2014_000000071550.jpg,What did you make? | Why are they eating outside? | Was this at a resturaunt? | Why are they so dressed up? | Who eats outside wearing a suit?,coco_fallback
15153,coco,http://images.cocodataset.org/train2014/COCO_train2014_000000015153.jpg,What is the name of the tennis player? | Is the boy having fun playing tennis? | Does he practice often? | Who won the tennis match? | Did you beat him?,coco_fallback
119379,coco,http://images.cocodataset.org/train2014/COCO_train2014_000000119379.jpg,Are these people going fishing? | How did they tip their boat over? | Was anyone hurt? | What body of water are they on? | Are those guys some kind of federal agents?,coco_fallback
284088,coco,http://images.cocodataset.org/train2014/COCO_train2014_000000284088.jpg,What level of rapids are they on? | Would you call that white water rafting? | Are these people going to crash? | Where is this? | Was this your first time on the rapids?,coco_fallback
353302,coco,http://images.cocodataset.org/train2014/COCO_train2014_000000353302.jpg,Are these sheep in the USA? | Why are all not sheered? | Are those alpacas? | What land is this? | What kind of sheep are those?,coco_fallback
40274,coco,http://images.cocodataset.org/train2014/COCO_train2014_000000040274.jpg,Who is remodeling the kitchen? | Is this room under construction? | Is the kitchen complete? | Whose kitchen is this? | is the kitchen being renovated?,coco_fallback
351154,coco,http://images.cocodataset.org/train2014/COCO_train2014_000000351154.jpg,How much does a zebra weigh? | In which direction are the deer moving? | Are these animals in the wild? | Are those gazelles in the back? | Were there other animals there too?,coco_fallback
473137,coco,http://images.cocodataset.org/train2014/COCO_train2014_000000473137.jpg,Are you a gamer? | Do you write music on your computer? | Is that a musical keyboard at the bottom? | What are the dimensions of the computer screen? | What kind of small piano is that?,coco_fallback
39535,coco,http://images.cocodataset.org/train2014/COCO_train2014_000000039535.jpg,Why is that giraffe so wrinkled? | How many other giraffes were there? | How tall are giraffes? | How tall is the giraffe? | Is this giraffe trying to leave?,coco_fallback
451407,coco,http://images.cocodataset.org/train2014/COCO_train2014_000000451407.jpg,Do you think that's a sweet or savory slice? | What restaurant is this? | What kind of pizza is that? | Why would you need a knife and fork for a slice of pizza? | What kind of pizza is that?,coco_fallback
108407,coco,http://images.cocodataset.org/train2014/COCO_train2014_000000108407.jpg,How tall is he? | Do you like his purple tie? | Is the man ready to speak? | What's his name? | What type of knot did he use to tie his tie?,coco_fallback
435267,coco,http://images.cocodataset.org/train2014/COCO_train2014_000000435267.jpg,Is that a vegetarian meal/ | What food is in the center of the plate? | What kind of dish is that? | What type of food is that? | What food is between the carrots?,coco_fallback
453037,coco,http://images.cocodataset.org/train2014/COCO_train2014_000000453037.jpg,Did he just hit a line drive? | Did he make it to base? | Was that a home run? | Is this batter Little League age? | How far did he hit the ball?,coco_fallback
58741,coco,http://images.cocodataset.org/train2014/COCO_train2014_000000058741.jpg,Where is the horse going? | What mountains are those? | Is this a mirror image or a montage? | Where are they? | What city is this street in?,coco_fallback
268430,coco,http://images.cocodataset.org/train2014/COCO_train2014_000000268430.jpg,Who remodeled your kitchen? | Where does that door lead to? | What type of wood are those cabinets and counters made out of? | Who designed this kitchen? | When did you remodel the kitchen?,coco_fallback
222083,coco,http://images.cocodataset.org/train2014/COCO_train2014_000000222083.jpg,Why is that toilet so filthy? | Is this bathroom in a restaurant? | Why is the ground wet? | What is that puddle on the floor? | Did it overflow?,coco_fallback
246029,coco,http://images.cocodataset.org/train2014/COCO_train2014_000000246029.jpg,Do all the skateboarders wear protection? | Is she doing a trick? | How long have you been skateboarding? | Is the skatepark free? | What kind of boat is that?,coco_fallback
371132,coco,http://images.cocodataset.org/train2014/COCO_train2014_000000371132.jpg,Whose cat is on the computer? | Why is the desk so messy? | Why is the computer facing away from the computer chair? | Whose office is this? | Whose desk is that?,coco_fallback
38000,coco,http://images.cocodataset.org/train2014/COCO_train2014_000000038000.jpg,Who owns that house? | Is that an apartment building in the background? | What kind of flowers are they? | What cross streets are in the picture? | Where is this?,coco_fallback
543413,coco,http://images.cocodataset.org/train2014/COCO_train2014_000000543413.jpg,Are all of these elephants related? | Are the elephants satisfied? | How old is the baby elephant? | How much does the elephant weigh? | Are the elephants at a park or the zoo?,coco_fallback
142712,coco,http://images.cocodataset.org/train2014/COCO_train2014_000000142712.jpg,What mountain range is that? | What mountain range is below? | Was this Antarctica? | Which airline does the plane belong to? | Where is this airplane flying?,coco_fallback
411028,coco,http://images.cocodataset.org/train2014/COCO_train2014_000000411028.jpg,Where is this? | Is the train in motion? | Does the train have a dining car? | What kind of train is that? | Where is the train going?,coco_fallback
470398,coco,http://images.cocodataset.org/train2014/COCO_train2014_000000470398.jpg,Were there rain delays? | Is the weather bad enough for the plane to take off? | Would you fly in weather like this? | Was the plane delayed because of the weather? | What airport is this?,coco_fallback
59987,coco,http://images.cocodataset.org/train2014/COCO_train2014_000000059987.jpg,What kind of relationship do these zebras have? | How old are those zebra's? | Do you think zebras are forming a line to an image consultant? | How tall are those zebras? | Did they groom each other with their teeth?,coco_fallback
540765,coco,http://images.cocodataset.org/train2014/COCO_train2014_000000540765.jpg,What type of sunglasses are those? | Does he like to talk on the phone? | How old is the kid? | Who is he talking to on the phone? | What kind of cell phone is that?,coco_fallback
226091,coco,http://images.cocodataset.org/train2014/COCO_train2014_000000226091.jpg,Why do you like Doublemint? | How much does that cat weigh? | Was he stalking something? | How old is that kitten? | Is that cat male?,coco_fallback
79172,coco,http://images.cocodataset.org/train2014/COCO_train2014_000000079172.jpg,Did you buy any fruit? | Is fruit reasonable there? | What language is that sign in? | Was that at a farmer market? | What language is that sign in?,coco_fallback
169426,coco,http://images.cocodataset.org/train2014/COCO_train2014_000000169426.jpg,Are these cats and dogs up for adoption? | Do these pets live in the same house? | Who's pets are those? | Are these all your pets? | Do you own all of these animals?,coco_fallback
284888,coco,http://images.cocodataset.org/train2014/COCO_train2014_000000284888.jpg,At what rodeo event did this take place? | Is this a rodeo competition? | Who's the woman riding the horse? | What is the species of that horse? | Is this at the rodeo?,coco_fallback
118514,coco,http://images.cocodataset.org/train2014/COCO_train2014_000000118514.jpg,What formation are they in? | What kind of planes are these? | Why are these planes flying in formation? | Where was this taken? | Was that at an airshow?,coco_fallback
337415,coco,http://images.cocodataset.org/train2014/COCO_train2014_000000337415.jpg,Is this a commercial train? | Did that train have a caboose? | Where is the train going? | What states does this train travel to and from? | What kind of train is that?,coco_fallback
538990,coco,http://images.cocodataset.org/train2014/COCO_train2014_000000538990.jpg,Is that an old ngage? | What kind of cell phone is that? | What kind of device is this? | Does it have gps? | How old is that device?,coco_fallback
505713,coco,http://images.cocodataset.org/train2014/COCO_train2014_000000505713.jpg,Was it hard to position the mirrors? | Is that a sleep mask on the bed? | Why is there a mirror above the bed? | What time does the clock on the right say? | Where is this hotel located?,coco_fallback
23107,coco,http://images.cocodataset.org/train2014/COCO_train2014_000000023107.jpg,What kind of bus is this? | What city is this street in? | Is this a tour bus? | How tall do you think that bus is? | Where is the bus going?,coco_fallback
262997,coco,http://images.cocodataset.org/train2014/COCO_train2014_000000262997.jpg,What kind of art do you hang in a bathroom? | Is that bathroom brand new? | Was that bathroom too small? | What are those photos on the wall? | Whose bathroom is this?,coco_fallback
461306,coco,http://images.cocodataset.org/train2014/COCO_train2014_000000461306.jpg,Were there any foals? | Who do these horses belong to? | Where are these horses grazing? | Are these horses fenced in? | Are those wild horse?,coco_fallback
562602,coco,http://images.cocodataset.org/train2014/COCO_train2014_000000562602.jpg,What do you call that color on the wall behind the sofa? | How often do you multitask? | What is her laptop connected to? | Was she working? | Is the woman working?,coco_fallback
89694,coco,http://images.cocodataset.org/train2014/COCO_train2014_000000089694.jpg,Why is the cat in the luggage? | Do you think she will miss you? | What's the cat's name? | What breed of cat is that? | How old is the cat?,coco_fallback
429065,coco,http://images.cocodataset.org/train2014/COCO_train2014_000000429065.jpg,What is that shelter for? | What country is that in? | What is that? | What kind of tent is this? | What is the purpose of the tunnel?,coco_fallback
568009,coco,http://images.cocodataset.org/train2014/COCO_train2014_000000568009.jpg,Who are you playing with? | Is there another person playing tennis with this man? | How long have you played tennis? | Are you good at tennis? | What is the score in the game?,coco_fallback
544472,coco,http://images.cocodataset.org/train2014/COCO_train2014_000000544472.jpg,Is that pizza a toy? | Is that a pizza-shaped piece of candy? | Is that made out of plastic or ceramic? | Is that real pizza? | Is that a pizza box?,coco_fallback
565652,coco,http://images.cocodataset.org/train2014/COCO_train2014_000000565652.jpg,How fast can a zebra run? | Is the middle zebra pregnant? | How much does a zebra weigh? | Are these zebras in captivity? | Are the zebra's out in the wild?,coco_fallback
303140,coco,http://images.cocodataset.org/train2014/COCO_train2014_000000303140.jpg,How much does the elephant weigh? | Where is this? | Where are the elephants tusk? | Is this elephant young? | Is that a baby elephant?,coco_fallback
434214,coco,http://images.cocodataset.org/train2014/COCO_train2014_000000434214.jpg,Why does he have so many cats? | Can he sleep with the cats laying on him? | What are the names of the cats? | What breed of cats are those? | A man with a lot of cats?,coco_fallback
132503,coco,http://images.cocodataset.org/train2014/COCO_train2014_000000132503.jpg,Why isn't the fire hydrant red? | Does that fire hydrant work? | What city is this in? | Why is the hydrant grey? | Is the car parked too close to the fire hydrant?,coco_fallback
150924,coco,http://images.cocodataset.org/train2014/COCO_train2014_000000150924.jpg,Where is this? | Are they protecting the baby? | Why are the elephants so dirty? | Why is that elephant so little? | Do you think this is a family unit traveling the African plain?,coco_fallback
151322,coco,http://images.cocodataset.org/train2014/COCO_train2014_000000151322.jpg,Did he land it? | What kind of skateboard is that? | Did he land the skateboard trick? | How do pro skateboarders defy the laws of physics like that? | What is the name of the trick the skater is performing?,coco_fallback
342585,coco,http://images.cocodataset.org/train2014/COCO_train2014_000000342585.jpg,How long can they stay up? | How dangerous is that? | Is that a wave pool? | What body of water is this? | Will this man surf the rough water?,coco_fallback
151327,coco,http://images.cocodataset.org/train2014/COCO_train2014_000000151327.jpg,Are these people performers in a play? | What were they doing? | Is this a performance from a musical play? | Are these two people in a play? | Is it worth watching?,coco_fallback
353588,coco,http://images.cocodataset.org/train2014/COCO_train2014_000000353588.jpg,How tall are those giraffes? | Where did you see these giraffes? | did they eat it all? | How did you get so close? | Are those wild giraffes?,coco_fallback
254008,coco,http://images.cocodataset.org/train2014/COCO_train2014_000000254008.jpg,Is this image real? | Are those milking cows? | How many cows do you have? | What is that port in it's side for? | How much does that cow weigh?,coco_fallback
162892,coco,http://images.cocodataset.org/train2014/COCO_train2014_000000162892.jpg,Whose room is this? | Why are the beds pushed together? | Are those hand dyed bedspreads? | Are the beds comfortable? | Do you have twins?,coco_fallback
205846,coco,http://images.cocodataset.org/train2014/COCO_train2014_000000205846.jpg,Is the bottom of this pizza burnt? | What type of topping is on the pizza? | Who made the pizza? | How was the pizza made? | Did you make the pizza?,coco_fallback
3325,coco,http://images.cocodataset.org/train2014/COCO_train2014_000000003325.jpg,What type of vase is that? | Where was this vase made? | Is this vase in a museum? | Is this a museum? | How much is that worth?,coco_fallback
472426,coco,http://images.cocodataset.org/train2014/COCO_train2014_000000472426.jpg,How old is he now? | How old is this man? | What jobs did this man do in his youth? | How old is your grandpa? | Why is this man so dressed up?,coco_fallback
229660,coco,http://images.cocodataset.org/train2014/COCO_train2014_000000229660.jpg,Is the man up for bat? | Isthat his own bat? | Who is batting? | How old does that batter look to you? | Will this man hit a home run?,coco_fallback
502470,coco,http://images.cocodataset.org/train2014/COCO_train2014_000000502470.jpg,What kinds of birds are those? | Are they a mated pair? | What kind of bird is that? | Did the birds spread their wings? | Is this a male and female?,coco_fallback
207597,coco,http://images.cocodataset.org/train2014/COCO_train2014_000000207597.jpg,What kind of bird is that? | What type of dog is in the photo? | Ddo your animals always get along well? | Are this dog and bird friendly? | Is that a parrot?,coco_fallback
434699,coco,http://images.cocodataset.org/train2014/COCO_train2014_000000434699.jpg,Whose food is this? | What kind of rink is in the glass to the left? | How did the breakfast taste? | What kind of sandwich is that? | Was this at a cafe?,coco_fallback
243472,coco,http://images.cocodataset.org/train2014/COCO_train2014_000000243472.jpg,Would you wear a skirt while riding a bike? | Did you see any horses? | Who is that on the bike? | Is that a traffic light for horse crossing? | Where is she riding to?,coco_fallback
386467,coco,http://images.cocodataset.org/train2014/COCO_train2014_000000386467.jpg,What's in the bag? | is that cat alive? | Is that a cat or a dog? | Does he play with anything? | What is the cat doing in the trash bag?,coco_fallback
23035,coco,http://images.cocodataset.org/train2014/COCO_train2014_000000023035.jpg,is that a tug boat? | Is the boat able to move? | Is this canal in Venice? | Where was this taken? | How long was it stuck there?,coco_fallback
207598,coco,http://images.cocodataset.org/train2014/COCO_train2014_000000207598.jpg,What kind of donut is this? | Is that a yeast doughnut? | Did you only eat this one? | What type of doughnut is that? | What kind of doughnut is that?,coco_fallback
263008,coco,http://images.cocodataset.org/train2014/COCO_train2014_000000263008.jpg,What kind of flower is on the portrait between the beds? | Where is this? | How big are those beds? | Is that a hotel room? | How comfortable are those beds?,coco_fallback
354644,coco,http://images.cocodataset.org/train2014/COCO_train2014_000000354644.jpg,Where is the train going? | Why is there so much steam? | What kind of train is that? | What type of train is it? | Is that steam or smoke coming from the train?,coco_fallback
88477,coco,http://images.cocodataset.org/train2014/COCO_train2014_000000088477.jpg,Is the bul impeding the flow of traffic? | Do you think the cow is stopping traffic? | Is that a wild cow? | Why is there a cow in the road? | Why is there a bull in the middle of the street,coco_fallback
319522,coco,http://images.cocodataset.org/train2014/COCO_train2014_000000319522.jpg,Do those horses eat only the grass? | Are they your horses? | Are those wild horses? | What state or country is this scene located in? | What kind of crops are those in the background?,coco_fallback
228539,coco,http://images.cocodataset.org/train2014/COCO_train2014_000000228539.jpg,How fast is he going? | What kind of bike is he riding? | Where is this? | What type of motorcycle is that? | What road is this?,coco_fallback
183642,coco,http://images.cocodataset.org/train2014/COCO_train2014_000000183642.jpg,Is that bike hanging on the wall? | Is this a one bedroom flat? | What kind of bike rack is that? | What kind of bike is that? | Whose home is this?,coco_fallback
563488,coco,http://images.cocodataset.org/train2014/COCO_train2014_000000563488.jpg,What lake is this? | Can those boats be chartered? | What city is this port in? | What would you name your boat? | Are these boats all still used?,coco_fallback
162077,coco,http://images.cocodataset.org/train2014/COCO_train2014_000000162077.jpg,Do you like boats like this? | Is that a cruise ship? | Did those boats collide? | Is it a busy waterway? | What is the man in the small boat doing?,coco_fallback
394058,coco,http://images.cocodataset.org/train2014/COCO_train2014_000000394058.jpg,Do these people have experience skiing? | What mountain is this? | Where is this? | How high up are they? | Did they ski to the bottom without falling?,coco_fallback
117973,coco,http://images.cocodataset.org/train2014/COCO_train2014_000000117973.jpg,Where is this river located? | Are these people texting? | What river is that? | Where are they hiking? | Are these men texting each other?,coco_fallback
35712,coco,http://images.cocodataset.org/train2014/COCO_train2014_000000035712.jpg,Is that bench covered in carpet just for the cat? | How long does the carpeting last? | Is the bench seat made out of old carpet? | How much did that bench cost? | Is this a stray cat?,coco_fallback
165071,coco,http://images.cocodataset.org/train2014/COCO_train2014_000000165071.jpg,Are you going to buy one? | Whose bike is that? | Where are they parked? | Does this biker group have a name? | Why are there so many motorcycles together in the middle of the city?,coco_fallback
303036,coco,http://images.cocodataset.org/train2014/COCO_train2014_000000303036.jpg,Are the men veterans of foreign wars? | What are they talking about? | What are the important looking men discussing? | What are these men discussing? | Are they at a wedding?,coco_fallback
564912,coco,http://images.cocodataset.org/train2014/COCO_train2014_000000564912.jpg,How old is that refrigerator? | How much does that fridge cost? | Is that a new fridge? | Who lives in this house? | Does the stainless steel refrigerator show finger prints?,coco_fallback
299433,coco,http://images.cocodataset.org/train2014/COCO_train2014_000000299433.jpg,Where did you take this? | How many passengers are on that plane? | What is the model of the plane? | Where is the plane going? | What is the plane's destination?,coco_fallback
165077,coco,http://images.cocodataset.org/train2014/COCO_train2014_000000165077.jpg,Is the giraffe in a zoo? | Where is this? | How tall is that giraffe? | Was this at a zoo? | What are those giraffes enclosed in?,coco_fallback
561436,coco,http://images.cocodataset.org/train2014/COCO_train2014_000000561436.jpg,What kind of animal is that? | Are these baby bears looking for food? | Are these black bear cubs? | What kind of animals are these? | Where is this?,coco_fallback
126687,coco,http://images.cocodataset.org/train2014/COCO_train2014_000000126687.jpg,What model of truck is that? | Is that truck fuel efficient? | Is this truck vintage? | What kind of truck is that? | Is that a customized jeep?,coco_fallback
26504,coco,http://images.cocodataset.org/train2014/COCO_train2014_000000026504.jpg,What type of bird is that? | Why did they kill that bird? | What kind of bird is this? | What kind of rifle is he holding? | Did they kill that bird?,coco_fallback
154801,coco,http://images.cocodataset.org/train2014/COCO_train2014_000000154801.jpg,Is that chicken? | Would you enjoy this for a meal? | How much was that salad? | Where is this dish served? | Did you use salad dressing?,coco_fallback
126681,coco,http://images.cocodataset.org/train2014/COCO_train2014_000000126681.jpg,What is in the air? | How long did she keep it up? | How far up is that kite? | Where is she flying a kite at? | Did the kite on the beach crash land?,coco_fallback
23588,coco,http://images.cocodataset.org/train2014/COCO_train2014_000000023588.jpg,What kind of pizza are they making? | How well does the oven work? | Is that brick oven pizza? | What kind of pizza are they making? | What is in the oven?,coco_fallback
155047,coco,http://images.cocodataset.org/train2014/COCO_train2014_000000155047.jpg,How high are those kites flying? | Was this a coordinated effort at flying kites in formation? | Why are the kites shaped like humans? | What country are those flags from? | What country is this event being held in?,coco_fallback
105952,coco,http://images.cocodataset.org/train2014/COCO_train2014_000000105952.jpg,What river is that? | Is this the Chicago River? | What's the name of that river? | How often does the bridge raise up? | What river is this?,coco_fallback
236226,coco,http://images.cocodataset.org/train2014/COCO_train2014_000000236226.jpg,When did sectional sofas become a big thing? | Is that what you call an l-shaped couch? | Do people enjoy this living room? | Did you remodel? | Is the fan in the ceiling on?,coco_fallback
50013,coco,http://images.cocodataset.org/train2014/COCO_train2014_000000050013.jpg,What are they playing? | How old is the girl holding the frisbee? | Are they playing frisbee football? | What game are they playing? | What is the score of the match?,coco_fallback
413668,coco,http://images.cocodataset.org/train2014/COCO_train2014_000000413668.jpg,Is this easier to use for injured people? | Does it work well for you? | What kind of mouse is this? | Is this persons wrist injured? | What kind of mouse is that?,coco_fallback
322395,coco,http://images.cocodataset.org/train2014/COCO_train2014_000000322395.jpg,What kind of luggage is that? | Where are you going? | Is there anything in the luggage? | Is that your new suitcase? | Who's bag is that?,coco_fallback
155040,coco,http://images.cocodataset.org/train2014/COCO_train2014_000000155040.jpg,How many acres do you need per sheep? | Did you get close to them? | What type of animal is that on the grass? | Where is this? | Are those sheep?,coco_fallback
442321,coco,http://images.cocodataset.org/train2014/COCO_train2014_000000442321.jpg,What city is this? | What kind of bike is that? | Where is he riding to? | Shouldn't he be wearing protective equipment? | Where is he going?,coco_fallback
184223,coco,http://images.cocodataset.org/train2014/COCO_train2014_000000184223.jpg,Is that zebra asleep? | Is that zebra about to give birth? | Are the zebras related? | Where is this? | Did you think there would be a stripe on its stomach?,coco_fallback
522243,coco,http://images.cocodataset.org/train2014/COCO_train2014_000000522243.jpg,Are there any fish in the water with the men? | Did they see any sharks? | What are they throwing? | Are these two people playing a game? | Is it hard playing Frisbee in the water?,coco_fallback
39196,coco,http://images.cocodataset.org/train2014/COCO_train2014_000000039196.jpg,Is the cat asleep? | What breed of cat is that? | How long will the cat sleep there? | Does the cat have an owner? | What is the cat,coco_fallback
473500,coco,http://images.cocodataset.org/train2014/COCO_train2014_000000473500.jpg,Why do these cats love the bathroom so much? | How many cats do you have? | Aren't you annoyed by the cat in the sink? | Does the cat have a reflection? | Why did the cats take over the bathroom?,coco_fallback
385916,coco,http://images.cocodataset.org/train2014/COCO_train2014_000000385916.jpg,Is that fish? | What type of dish is this? | How did that taste? | What kind of dish is that? | What are the ingredients?,coco_fallback
456416,coco,http://images.cocodataset.org/train2014/COCO_train2014_000000456416.jpg,Are any of these buses in service? | Did you ride the bus? | How many buses can fit in this bus depot? | Did you ride the bus? | Is that the bus parking lot?,coco_fallback
72235,coco,http://images.cocodataset.org/train2014/COCO_train2014_000000072235.jpg,Were they a gift? | What kind of bananas are those? | Are bananas her favorite fruit? | Why is she holding bananas? | Why is she wearing bananas?,coco_fallback
110740,coco,http://images.cocodataset.org/train2014/COCO_train2014_000000110740.jpg,Is traffic always so light? | Is that a bus mirror? | What street is this on? | Where is the car going? | What city is this street in?,coco_fallback
492354,coco,http://images.cocodataset.org/train2014/COCO_train2014_000000492354.jpg,What is in that dish? | What kind of pizza is that? | What would you call this dish? | What kind of dish is this? | Is that a soup?,coco_fallback
278457,coco,http://images.cocodataset.org/train2014/COCO_train2014_000000278457.jpg,How do you make this? | Why are they eating dessert? | Does that taste good? | What kind of ice cream did they use in this dish? | How much do you think this dessert costs?,coco_fallback
536576,coco,http://images.cocodataset.org/train2014/COCO_train2014_000000536576.jpg,Did you see the zebras run? | Are the zebra in the wild? | What do ears down mean on a zebra? | Were there more zebras? | Where is this?,coco_fallback
445825,coco,http://images.cocodataset.org/train2014/COCO_train2014_000000445825.jpg,What were they riding for? | What kind of uniforms are those riders wearing? | Why is he stopping the horses? | Where are they riding to? | Are the horses for transportation?,coco_fallback
560858,coco,http://images.cocodataset.org/train2014/COCO_train2014_000000560858.jpg,What are you converting? | Why are there so many cords plugged into the computer? | What are the dimensions of the computer screen? | How many USB ports does your computer have? | Is that a Mac?,coco_fallback
95247,coco,http://images.cocodataset.org/train2014/COCO_train2014_000000095247.jpg,Is the quilt custom made? | What material is that blanket on the bed? | What hotel were you staying at? | Who made the bed? | What is on the bed?,coco_fallback
400307,coco,http://images.cocodataset.org/train2014/COCO_train2014_000000400307.jpg,How well does it run? | What kind of truck is that? | What kind of truck is that? | Is this truck on display? | What type of truck is that?,coco_fallback
436411,coco,http://images.cocodataset.org/train2014/COCO_train2014_000000436411.jpg,What kind of bear is this? | Is the bear sleeping? | Is the bear asleep? | Is that bear by itself in captivity? | Where is this bear located?,coco_fallback
61459,coco,http://images.cocodataset.org/train2014/COCO_train2014_000000061459.jpg,What restaurant are they eating at? | Did anyone eat pancakes that morning? | Is she full? | Was this at ihop? | Does the girl like her breakfast?,coco_fallback
179932,coco,http://images.cocodataset.org/train2014/COCO_train2014_000000179932.jpg,Why does the right sheep have a green mark on it? | Did he get run over? | In what country is this photo taken? | Did you disturb them to leave or wait it out? | Do the sheep ever run away?,coco_fallback
65153,coco,http://images.cocodataset.org/train2014/COCO_train2014_000000065153.jpg,Did you remodel your kitchen? | Is that an electric range? | Is that real marble? | Why is the kitchen so clean? | Is there anything in the stove?,coco_fallback
467469,coco,http://images.cocodataset.org/train2014/COCO_train2014_000000467469.jpg,What breed of dog is that? | Whose do | what is this dog chewing on? | What breed of dog is that? | Is the dog good at playing fetch?,coco_fallback
261648,coco,http://images.cocodataset.org/train2014/COCO_train2014_000000261648.jpg,What type of dish is that? | Was that the whole salad? | Is this food? | What are those things that look like crinkle-cut fries? | How did you eat this without utensils?,coco_fallback
507934,coco,http://images.cocodataset.org/train2014/COCO_train2014_000000507934.jpg,Which mall is this? | IS the mural on the window of a restaurant or a business office? | Is this in a mall? | What kind of store is this? | What is in the reflection?,coco_fallback
577051,coco,http://images.cocodataset.org/train2014/COCO_train2014_000000577051.jpg,Is that a suitcase? | What kind of suitcase is the boy carrying? | What does he have in the suitcase? | What is the child dragging? | Is that a little boy or girl?,coco_fallback
528299,coco,http://images.cocodataset.org/train2014/COCO_train2014_000000528299.jpg,Are you going to make bread? | What can you do with rotten bananas? | Why is that banana so black? | Are you making banana bread? | What do you do with over-ripe bananas?,coco_fallback
267762,coco,http://images.cocodataset.org/train2014/COCO_train2014_000000267762.jpg,What year is this truck from? | How old is that truck? | Is this a customized truck or a classic model? | How old is that truck? | How old is that fire truck?,coco_fallback
453154,coco,http://images.cocodataset.org/train2014/COCO_train2014_000000453154.jpg,Are those pickles? | What kind of sandwich is that? | Did you already eat the fries? | Who made that lunch/ | Is that bread toasted?,coco_fallback
430175,coco,http://images.cocodataset.org/train2014/COCO_train2014_000000430175.jpg,What beach is this guy surfing on? | Was it a good surf day? | How cold is the water? | When did you learn to surf? | What beach was this?,coco_fallback
131565,coco,http://images.cocodataset.org/train2014/COCO_train2014_000000131565.jpg,What do those bananas do? | What is this banana contraption supposed to be? | What does this art mean? | What type of device is that? | Are those bananas conducting electricity?,coco_fallback
177840,coco,http://images.cocodataset.org/train2014/COCO_train2014_000000177840.jpg,What is the child eating? | How old is she? | What is she eating? | What is the child eating? | Do you think this child lives in a small or large home?,coco_fallback
483971,coco,http://images.cocodataset.org/train2014/COCO_train2014_000000483971.jpg,Did they intentionally match their bike to that bench? | What city is this street in? | Is bike-rider taking a lunch-break? | Why is the bike the same color as the bench? | What language is written there?,coco_fallback
425117,coco,http://images.cocodataset.org/train2014/COCO_train2014_000000425117.jpg,What kind of laptop is that? | What kind of business is this? | Are these computer | How much electricity is being used in this room? | Why are there so many different screens?,coco_fallback
379613,coco,http://images.cocodataset.org/train2014/COCO_train2014_000000379613.jpg,What soccer team does she play for? | Who is this soccer player? | Is that a tournament? | What is that expression on her face? | Do you play too?,coco_fallback
422792,coco,http://images.cocodataset.org/train2014/COCO_train2014_000000422792.jpg,Why is there two computers running? | Are these computers used for gaming? | What brand computer is that? | What is the benefit of having two monitors next to each other? | Could they fit more electronics on this desk?,coco_fallback
383987,coco,http://images.cocodataset.org/train2014/COCO_train2014_000000383987.jpg,Where is the train going? | Where is the train going? | How often do trains come down that track? | What is that crop growing on the right? | Where is the train going to?,coco_fallback
366651,coco,http://images.cocodataset.org/train2014/COCO_train2014_000000366651.jpg,Why don't they eat from the other side? | Do the zebras have room to run? | Are those zebras eating? | What are the zebra's chewing on? | Are the zebras fed at a certain time each day?,coco_fallback
289428,coco,http://images.cocodataset.org/train2014/COCO_train2014_000000289428.jpg,Is this design for a new apartment? | Is this second life? | Why does the image look so digital? | Did you create this virtual living room? | What kind of fish live in the aquarium?,coco_fallback
477473,coco,http://images.cocodataset.org/train2014/COCO_train2014_000000477473.jpg,Why is a fire hydrant in the middle of the woods? | Where is this? | Was there a fire? | Is there a fire nearby? | Is the truck taking water from the fire hydrant?,coco_fallback
562162,coco,http://images.cocodataset.org/train2014/COCO_train2014_000000562162.jpg,What type of dish is that? | Does the toy mean something? | What are the vegetables in the container? | What if someone accidentally eats that mickey mouse? | Why is there a Mickey Mouse in that bowl of vegetables?,coco_fallback
371672,coco,http://images.cocodataset.org/train2014/COCO_train2014_000000371672.jpg,Is he joining a team? | How old is the kid? | Why is the boy covering his face with the mit? | What size glove is that? | Is that an adults baseball mitt?,coco_fallback
287666,coco,http://images.cocodataset.org/train2014/COCO_train2014_000000287666.jpg,How old is the girl with the horse? | Is this horse racing today? | What kind of dog is the girl walking? | How long have you been riding? | Do you think that dog can scare the horse?,coco_fallback
468518,coco,http://images.cocodataset.org/train2014/COCO_train2014_000000468518.jpg,How old are the kids? | How old are these kids? | Is this from a tv show? | What food do they have in the fridge? | What kind of cabinet is that?,coco_fallback
177762,coco,http://images.cocodataset.org/train2014/COCO_train2014_000000177762.jpg,What is the cat's name? | What game is the cat playing? | Does he play with it? | Is that a nintendo wii remote? | Does the cat likt to watch you play Wii games?,coco_fallback
46725,coco,http://images.cocodataset.org/train2014/COCO_train2014_000000046725.jpg,How long did the girl get to ride the horse? | What beach is she at? | How many people went riding? | Do you think horses like walking on the beach? | How long has be been riding?,coco_fallback
153780,coco,http://images.cocodataset.org/train2014/COCO_train2014_000000153780.jpg,What's inside the pasta? | What is in that food? | What dish is this?? | What kind of dish is that? | Whats inside the pasta?,coco_fallback
106269,coco,http://images.cocodataset.org/train2014/COCO_train2014_000000106269.jpg,What breed of cat is that? | Why is the cat's body shaven? | Why is this cat shaved? | How old is the cat? | Was the cat unhappy to get a haircut?,coco_fallback
490680,coco,http://images.cocodataset.org/train2014/COCO_train2014_000000490680.jpg,Is it real or ornamental? | Is that rocks or gravel? | Is that snow on the ground? | Is red the traditional color of hydrants? | What is the red and white pole behind the hydrant for?,coco_fallback
514567,coco,http://images.cocodataset.org/train2014/COCO_train2014_000000514567.jpg,What kind of tank top is that/ | Who is that guy? | What is on TV behind the man? | What show are they watching? | Do you bleach your socks?,coco_fallback
348180,coco,http://images.cocodataset.org/train2014/COCO_train2014_000000348180.jpg,Are the cows in an open field? | How often do dairy cows get milked? | How many cows do they have? | Where is this? | What will the cows be used for?,coco_fallback
401434,coco,http://images.cocodataset.org/train2014/COCO_train2014_000000401434.jpg,What species of bird is in the image? | What kind of bird is that? | What type bird is this? | Did the bird eat a worm? | Would it hurt to be attacked by that bird?,coco_fallback
518218,coco,http://images.cocodataset.org/train2014/COCO_train2014_000000518218.jpg,Did you paint that yourself? | Is this a hotel room? | Is that a hotel room? | Is the room being used? | Do you like having such a small bed?,coco_fallback
209200,coco,http://images.cocodataset.org/train2014/COCO_train2014_000000209200.jpg,What is the man in the truck selling? | What is in the back of the truck? | What is written on that truck? | Is anyone working at the food stand? | Did you buy vegetables from this vendor?,coco_fallback
328548,coco,http://images.cocodataset.org/train2014/COCO_train2014_000000328548.jpg,When did hard-sided luggage go out of style? | Is that the only luggage you brought? | Why is that little kid pushing the luggage? | How old is the child? | Is he always helpful?,coco_fallback
494208,coco,http://images.cocodataset.org/train2014/COCO_train2014_000000494208.jpg,What game was she playing? | What is she holding in her hand? | Why is she excited? | Is she exercising? | What would you call her sense of style?,coco_fallback
43110,coco,http://images.cocodataset.org/train2014/COCO_train2014_000000043110.jpg,How much experience does this group have skiing? | Why is the person in pink cheering? | What slope is that? | Are the people enjoying themselves? | Do you go skiing often?,coco_fallback
348479,coco,http://images.cocodataset.org/train2014/COCO_train2014_000000348479.jpg,Was there something wrong with it? | Why is there two buttons for the toilet? | How small is that bathroom? | Where is this public restroom? | Is this the toilet in your hotel?,coco_fallback
535663,coco,http://images.cocodataset.org/train2014/COCO_train2014_000000535663.jpg,How tall is the giraffe that is standing? | Are those wild giraffes? | Was there ore than one parent around? | Are these giraffes in a zoo> | Are those giraffes tired?,coco_fallback
510225,coco,http://images.cocodataset.org/train2014/COCO_train2014_000000510225.jpg,Was the bathroom to small? | Whose bathroom is this? | Does that bathroom smell clean? | What are the measurements of the bathroom? | Why is the bathroom so small?,coco_fallback
309024,coco,http://images.cocodataset.org/train2014/COCO_train2014_000000309024.jpg,"How fast do these trains go? | What kind of train is that? | Is that train fast? | Is that a train yard in another country"" | Where was the train going?",coco_fallback
328727,coco,http://images.cocodataset.org/train2014/COCO_train2014_000000328727.jpg,What grade is this classroom for? | Who gets to sit in the special chair? | What grade is taught here? | What is the chair about? | Why is there a big chair in that classroom?,coco_fallback
246364,coco,http://images.cocodataset.org/train2014/COCO_train2014_000000246364.jpg,How long do the cattle stay chained to the ground? | Why are there cows on the street? | Are they milk cows? | Why do they chain up the cows? | Why are these animals by a building?,coco_fallback
542130,coco,http://images.cocodataset.org/train2014/COCO_train2014_000000542130.jpg,"Did the water drip slowly, or did it come out all at once? | How long does that normally take to thaw this time of the year? | Does it work in the winter? | Does this spout have a drip? | How cold was it outside?",coco_fallback
231941,coco,http://images.cocodataset.org/train2014/COCO_train2014_000000231941.jpg,Is that a snake kite in the air? | Who is flying the kite? | What's the name of the park? | What park is that? | Are they flying kites?,coco_fallback
358667,coco,http://images.cocodataset.org/train2014/COCO_train2014_000000358667.jpg,WITHhose suitcases are those? | where are they travelling? | Is that your livingroom? | Is that a hotel? | Is this the hotel?,coco_fallback
440302,coco,http://images.cocodataset.org/train2014/COCO_train2014_000000440302.jpg,Is this airplane being boarded by passengers? | Is this airport in Canada? | Have you flown with Air Canada before? | What kind of plane is that? | WHERE WERE THEY FLYING TO?,coco_fallback
377672,coco,http://images.cocodataset.org/train2014/COCO_train2014_000000377672.jpg,Whose plane is that? | Did you fly in it? | How many passengers can the plane carry? | Did you get to fly it? | What model of plane is that?,coco_fallback
499120,coco,http://images.cocodataset.org/train2014/COCO_train2014_000000499120.jpg,Is the man flying a kite? | Is that a kite that is being flown? | Where is this kite being flown? | What is flying in the air? | How experienced is this person at kite flying?,coco_fallback
349907,coco,http://images.cocodataset.org/train2014/COCO_train2014_000000349907.jpg,How old is the bear? | Was the bear injured? | Is that a bear or a wolf? | How old is the bear? | Was this bear in the wild?,coco_fallback
534687,coco,http://images.cocodataset.org/train2014/COCO_train2014_000000534687.jpg,What is that trick called? | Does he ever skate wearing a helmet? | Is this man doing a kick flip? | What is his name? | How can he balance like that?,coco_fallback
66943,coco,http://images.cocodataset.org/train2014/COCO_train2014_000000066943.jpg,How old is the baby giraffe? | How old is the baby? | Where is this? | How old is the baby giraffe? | How old is the baby giraffe?,coco_fallback
235840,coco,http://images.cocodataset.org/train2014/COCO_train2014_000000235840.jpg,Did the giraffes have room to run? | Are the giraffes in the zoo? | What is the average height of giraffes? | Where are those giraffes at? | How old are the giraffes?,coco_fallback
330988,coco,http://images.cocodataset.org/train2014/COCO_train2014_000000330988.jpg,Is that a boy flying a kite? | Is that red kite home made? | What kind of kite is that? | How do you know if it's a good day to fly a kite? | Who is standing in the field?,coco_fallback
473616,coco,http://images.cocodataset.org/train2014/COCO_train2014_000000473616.jpg,Did he win the tennis match? | Is that Andy Roddick? | What is the name of the tennis player? | Who sponsors this tennis match? | What is it called if they step over the line?,coco_fallback
33358,coco,http://images.cocodataset.org/train2014/COCO_train2014_000000033358.jpg,Was there a fire? | Did they get the fire out? | What fire department sent out these trucks? | Why are there no firemen near the truck? | Was it a bad fire?,coco_fallback
3866,coco,http://images.cocodataset.org/train2014/COCO_train2014_000000003866.jpg,Did you grow the flowers? | Did you pick those flowers yourself? | Are those real flowers? | Who put those flowers there? | Will those plants live long in the vase?,coco_fallback
471834,coco,http://images.cocodataset.org/train2014/COCO_train2014_000000471834.jpg,Who's living room is that? | What brand is that couch? | What's the last name of the family who lives in this house? | Is that a picture of your living room? | Is that leather or is it fake?,coco_fallback
196776,coco,http://images.cocodataset.org/train2014/COCO_train2014_000000196776.jpg,Don't you think he needs to grip the bat higher up on the handle? | Did he hit the ball? | Do you still play baseball? | How old is the batter? | What baseball team is he playing for?,coco_fallback
302035,coco,http://images.cocodataset.org/train2014/COCO_train2014_000000302035.jpg,Did you check out the title of the book? | Where is this park bench located? | Did someone forget their book on the bench? | Does it get crowded there? | Who left their book on the bench?,coco_fallback
175491,coco,http://images.cocodataset.org/train2014/COCO_train2014_000000175491.jpg,Does the cat ever scratch your leather purse? | How old is this cat? | What kind of cat is it? | Who is the cat sitting on? | Does he dig in your purse?,coco_fallback
138347,coco,http://images.cocodataset.org/train2014/COCO_train2014_000000138347.jpg,Is this a kite festival? | Is there an organization that hosts this event? | Were any kites for sale? | How many cars are in that parking lot? | What sort of event was this?,coco_fallback
169502,coco,http://images.cocodataset.org/train2014/COCO_train2014_000000169502.jpg,Why are those teddy bears so small? | Why do most of the bears look sad? | Are these handmade? | Do you make these? | Who owns these teddy bears?,coco_fallback
365258,coco,http://images.cocodataset.org/train2014/COCO_train2014_000000365258.jpg,What kind of cheese is that sticking out of the sandwich? | Where's this sandwich from? | What's in the sandwich? | How much does that sandwich cost? | Does it come with a drink?,coco_fallback
208640,coco,http://images.cocodataset.org/train2014/COCO_train2014_000000208640.jpg,Is the cat male or female? | Is the cat going to fall off the desk? | What's the cat's name? | What happens when you startle the cat? | What is the cat's name?,coco_fallback
203312,coco,http://images.cocodataset.org/train2014/COCO_train2014_000000203312.jpg,Where is the train going? | Where is this? | Where is the train going? | Who owns that train? | Is the train in motion?,coco_fallback
453621,coco,http://images.cocodataset.org/train2014/COCO_train2014_000000453621.jpg,Do you remove the whole peel before you eat a banana? | How old is the girl? | Did you take the offered banana? | Why is she holding the banana? | How old is she?,coco_fallback
452719,coco,http://images.cocodataset.org/train2014/COCO_train2014_000000452719.jpg,Is this serving as a birthday cake? | Where can I buy that birthday cake? | How many different candies did you use to make this cake? | Whose idea was it for a candy cake? | Who made that candy cake?,coco_fallback
371149,coco,http://images.cocodataset.org/train2014/COCO_train2014_000000371149.jpg,What language is that on the hydrant cap? | How old is the fire hydrant? | Why is the hydrant also blue when most are only red? | Why is the fire hydrant two different colors? | Where is this fire hydrant?,coco_fallback
495310,coco,http://images.cocodataset.org/train2014/COCO_train2014_000000495310.jpg,Who is the guy on the bike? | What street is that? | Would you feel safe riding a bike next to that truck? | Why is the pole painted red and white? | Is the man on the bike stopped at a traffic light?,coco_fallback
493959,coco,http://images.cocodataset.org/train2014/COCO_train2014_000000493959.jpg,Are these actual triplets? | What is he reading? | How is he in the picture three times? | Are the three men triplets? | Are these people triplets?,coco_fallback
290524,coco,http://images.cocodataset.org/train2014/COCO_train2014_000000290524.jpg,What brand of monitor is that? | How old is that computer? | Who set up that computer? | What model computer is that? | Is that a curved computer monitor?,coco_fallback
203847,coco,http://images.cocodataset.org/train2014/COCO_train2014_000000203847.jpg,Who is batting? | Did the hitter get a hit? | Is he going to hit the baseball? | Did he get a hit? | can this guy be considered an athlete,coco_fallback
381821,coco,http://images.cocodataset.org/train2014/COCO_train2014_000000381821.jpg,How many bikes are parked there? | Did you have a bike in the show? | Is this a custom bike? | What kind of bike is that? | What model is this motorcylce?,coco_fallback
555794,coco,http://images.cocodataset.org/train2014/COCO_train2014_000000555794.jpg,What sport is she playing? | Is she a pro? | What is the score in this tennis match? | What is the score of the match? | Is she going to hit the ball?,coco_fallback
433921,coco,http://images.cocodataset.org/train2014/COCO_train2014_000000433921.jpg,How much do those laptops cost? | Why does he need two laptops? | What is this person working on? | Is the laptop on the left a Chromebook? | Whose laptops are these?,coco_fallback
357929,coco,http://images.cocodataset.org/train2014/COCO_train2014_000000357929.jpg,How did you get all of those animals together? | Are the camels and Zebras interacting? | Why are there so many different animals together in one setting? | What kind of animal is behind the zebra? | Are all the animals babies?,coco_fallback
502043,coco,http://images.cocodataset.org/train2014/COCO_train2014_000000502043.jpg,Why is he holding a blue bear? | Do you think he smiles like that when he hugs other inanimate objects? | How long has he had that teddy bear? | Is his nose lose under that? | Why is the man hugging the toy bear?,coco_fallback
184109,coco,http://images.cocodataset.org/train2014/COCO_train2014_000000184109.jpg,What is that round fruit by the bananas? | What kind of fruit are they cutting? | Where is this? | Where is this market located? | Is that spotted hat made of real fur?,coco_fallback
474668,coco,http://images.cocodataset.org/train2014/COCO_train2014_000000474668.jpg,What is he talking about? | Is this man texting as he talks on the microphone? | What is he speaking about? | What was he speaking about? | Who is speaking?,coco_fallback
453538,coco,http://images.cocodataset.org/train2014/COCO_train2014_000000453538.jpg,What is the name of the cat? | Is this cat watching the keyboard? | Why is the cat looking like that? | What kind of computer is that? | Does the cat like to sit there a lot?,coco_fallback
544261,coco,http://images.cocodataset.org/train2014/COCO_train2014_000000544261.jpg,Are there many fans in the stands? | Are those real life cowboys? | Is she a barrel rider? | What country does that flag belong to? | Do you go every year?,coco_fallback
288169,coco,http://images.cocodataset.org/train2014/COCO_train2014_000000288169.jpg,What is in the basket? | What food is in this basket? | How long do the apple slices take to dry? | How do you dehydrate apple chips? | Do you enjoy dried apple chips for a snack?,coco_fallback
463533,coco,http://images.cocodataset.org/train2014/COCO_train2014_000000463533.jpg,What teams are playing in this baseball game? | How long was the game? | What inning is it? | What teams are playing? | What color shows the most in the stands?,coco_fallback
222871,coco,http://images.cocodataset.org/train2014/COCO_train2014_000000222871.jpg,Is this bench anywhere near a road? | Where is this? | Why is this bench in the middle of no where? | Is this a desert or a mountain range? | Where is this?,coco_fallback
379955,coco,http://images.cocodataset.org/train2014/COCO_train2014_000000379955.jpg,What does that flag mean? | What does the red flag stand for? | What beach is that? | What type of red flag is that? | Was this from your childhood?,coco_fallback
460575,coco,http://images.cocodataset.org/train2014/COCO_train2014_000000460575.jpg,What is he pointing at? | Is he sharing his food with the girl? | Where was this taken? | Are these two young people related? | Are they at a formal dinner?,coco_fallback
317833,coco,http://images.cocodataset.org/train2014/COCO_train2014_000000317833.jpg,What are the vegetables on this plate? | How were the vegetables cooked? | What is the name of this food? | What type of food is that? | Who prepared the vegetables?,coco_fallback
488139,coco,http://images.cocodataset.org/train2014/COCO_train2014_000000488139.jpg,What type of fodder are they consuming? | Are they related? | How many elephants did you see? | How old is the baby elephant? | Are those wild elephants?,coco_fallback
548013,coco,http://images.cocodataset.org/train2014/COCO_train2014_000000548013.jpg,What city is this train in? | Will this train take me to Berlin? | Did you ride on that train? | What is in the train? | What cities does this train go to?,coco_fallback
438300,coco,http://images.cocodataset.org/train2014/COCO_train2014_000000438300.jpg,What is the name of the mountain range in the background? | What mountain is this? | Is everyone here skiing? | Are those snow shoes? | Is snow shoeing hard?,coco_fallback
463596,coco,http://images.cocodataset.org/train2014/COCO_train2014_000000463596.jpg,Why are they dressed that way? | Are the bears dressed formally? | Whose bears are these? | What was the combined price of these stuffed bears? | Where can I buy those bears?,coco_fallback
50791,coco,http://images.cocodataset.org/train2014/COCO_train2014_000000050791.jpg,Could you eat that entire bowl of donuts? | What is the woman mixing? | What kind of doughnuts are those? | Are there more donuts in the large pot? | Do you want to learn how to make fresh donuts?,coco_fallback
503028,coco,http://images.cocodataset.org/train2014/COCO_train2014_000000503028.jpg,Is this plane taking off? | Why is there so much smoke on this planes landing? | What kind of plane is that? | What type of plane is this?,coco_fallback
526035,coco,http://images.cocodataset.org/train2014/COCO_train2014_000000526035.jpg,Is that your horse? | Do you have any other horses? | How much does the blanket help? | Whose horse is that? | Why is this horse wearing clothes?,coco_fallback
431948,coco,http://images.cocodataset.org/train2014/COCO_train2014_000000431948.jpg,Is the person taking the picture planning to buy any of these machines? | What drink can these machines make? | What are babycook devices? | How much coffee can that make? | Are those antiques?,coco_fallback
409884,coco,http://images.cocodataset.org/train2014/COCO_train2014_000000409884.jpg,What meal are they making? | Are those vegetables from your garden? | Are these vegetables for dinner? | What dish will be made with the vegetables? | Are those vegetables fresh?,coco_fallback
369543,coco,http://images.cocodataset.org/train2014/COCO_train2014_000000369543.jpg,Is that a vase? | How tall is that vase? | Who owns this vase? | Is this vase a antique? | How old is the vase?,coco_fallback
181475,coco,http://images.cocodataset.org/train2014/COCO_train2014_000000181475.jpg,What is sitting in the blue seat? | How old is he? | Whats for dinner? | How old is that baby? | How old is the child?,coco_fallback
527291,coco,http://images.cocodataset.org/train2014/COCO_train2014_000000527291.jpg,Is he going to hit the baseball? | Who won the game? | Who is playing? | Will this boy hit the ball? | Did he get to first base?,coco_fallback
118724,coco,http://images.cocodataset.org/train2014/COCO_train2014_000000118724.jpg,DO you think the giraffes notice the view of the city? | Are the two giraffes on the left kissing? | Do the giraffes climb over the short fence? | What zoo is this? | Are the giraffes at a zoo?,coco_fallback
475546,coco,http://images.cocodataset.org/train2014/COCO_train2014_000000475546.jpg,Is that a basement or a bar? | Is that your local bar? | What bar is this? | What drinks did they have? | Is everyone at the party?,coco_fallback
520342,coco,http://images.cocodataset.org/train2014/COCO_train2014_000000520342.jpg,Did the car owner use the emergency brake? | What kind of car is that? | Is it scary to park there? | How much time is left on the parking meter? | Is the parking brake strong enough to hold the car in place?,coco_fallback
292827,coco,http://images.cocodataset.org/train2014/COCO_train2014_000000292827.jpg,Does he like carrots? | What do you think he was hoping to find? | Is that cat trying to drink the cups? | Why is the cat allowed on the table? | What is the cat standing on?,coco_fallback
345090,coco,http://images.cocodataset.org/train2014/COCO_train2014_000000345090.jpg,What is on the back of the motorcycle? | Is that a bar in the background? | What kind of motorcycle is that? | What kind of motorcycle is this? | Why is there only one motorcycle?,coco_fallback
334011,coco,http://images.cocodataset.org/train2014/COCO_train2014_000000334011.jpg,What was the name of the preformance? | What play are they performing? | Is this a scene from a famous play? | What performance is this? | Is this part of a show?,coco_fallback
472393,coco,http://images.cocodataset.org/train2014/COCO_train2014_000000472393.jpg,I wonder how bad it hurts to fall on that court? | Are these people related? | How well does everyone play? | What kind of drink is pictured on the vending machine? | Are all five players part of a larger team?,coco_fallback
323369,coco,http://images.cocodataset.org/train2014/COCO_train2014_000000323369.jpg,Is this comfortable to use? | What kind of toilet is that? | What country is this toilet from? | Where is this? | Where is the toilet located?,coco_fallback
305270,coco,http://images.cocodataset.org/train2014/COCO_train2014_000000305270.jpg,Where is this? | What kind of skateboard is this? | What is the person standing on? | What is she standing on? | What does the woman have on her toes?,coco_fallback
334936,coco,http://images.cocodataset.org/train2014/COCO_train2014_000000334936.jpg,Is it a flood? | Do you think their motorcycle stalled in the water? | What kind of bike is that? | Were they underwater? | How deep is the water?,coco_fallback
501773,coco,http://images.cocodataset.org/train2014/COCO_train2014_000000501773.jpg,Don't you love taking a bath with this awesome view? | Who took a bath or shower here? | How much is it to stay there? | Is this a hotel or an apartment? | Wouldn't you feel like someone is watching while you bathe?,coco_fallback
311868,coco,http://images.cocodataset.org/train2014/COCO_train2014_000000311868.jpg,Is this house vacant? | Why is the bathroom empty? | Is this the new house? | When was the last time someone renovated that bathroom? | Is that your bathroom?,coco_fallback
124663,coco,http://images.cocodataset.org/train2014/COCO_train2014_000000124663.jpg,Did you feed it? | Are these people on a genuine safari? | Where was this taken? | Do you think this kind of safari is safe? | What country are they in?,coco_fallback
85291,coco,http://images.cocodataset.org/train2014/COCO_train2014_000000085291.jpg,Where is the plane going? | What kind of plane is that? | What type of fighter jet is that? | What airport is this plane at? | Is the jet taking off?,coco_fallback
337087,coco,http://images.cocodataset.org/train2014/COCO_train2014_000000337087.jpg,What country has cops who ride checkerboard motorbikes? | How many motorcycle cops does the city have? | What city does this police officer work for? | From what country and city is this motorcycle cop? | What police department does that officer work for?,coco_fallback
513434,coco,http://images.cocodataset.org/train2014/COCO_train2014_000000513434.jpg,Do you brown all the onions? | Will the food be ready soon? | Is that kim chee on the cutting board? | What dish is being prepared? | What are they cooking on the stove?,coco_fallback
354327,coco,http://images.cocodataset.org/train2014/COCO_train2014_000000354327.jpg,Why do the women have teddy bears? | Why are they holding bears? | Are they all sisters? | Why did everyone get a bear? | Are these three people visiting a hospital?,coco_fallback
560437,coco,http://images.cocodataset.org/train2014/COCO_train2014_000000560437.jpg,Do other people fly kites in this park? | Can he fly the kite higher? | Is that a kite or a hang glider? | Does he fly it a lot? | What is the name of that lake?,coco_fallback
220071,coco,http://images.cocodataset.org/train2014/COCO_train2014_000000220071.jpg,What kind of bird are those? | Are those birds on the bank of a river? | What kind of birds are those? | What kind of birds are they? | Are those sandpipers?,coco_fallback
290767,coco,http://images.cocodataset.org/train2014/COCO_train2014_000000290767.jpg,"What's her name? | Where is she walking to? | Where is this woman skateboarding to? | Does that look like the ""Kate Plus Eight"" mom to you? | Is it hard to skateboard while listening to music?",coco_fallback
555101,coco,http://images.cocodataset.org/train2014/COCO_train2014_000000555101.jpg,Did you not know that it is important to have the camera flash off when taking a selfie? | How big is that bathroom? | Is the faucet new? | How much would it cost to renovate a bathroom with these features? | What is the person in the mirror doing?,coco_fallback
572791,coco,http://images.cocodataset.org/train2014/COCO_train2014_000000572791.jpg,Ave you ever seen a bus towed before? | What is the building in the background? | How long did it take for them to tow the bus away? | Have you ever heard of a bus towing company? | How many people does that bus hold?,coco_fallback
139304,coco,http://images.cocodataset.org/train2014/COCO_train2014_000000139304.jpg,What is sitting on the sink? | Are you going to expand the bathroom? | How do they keep their walls so white? | can anyone fit in that shower | Is that your bathroom?,coco_fallback
537475,coco,http://images.cocodataset.org/train2014/COCO_train2014_000000537475.jpg,Is that a passenger train? | What kind of room is this? | Where is this? | Why is there a mirror here? | What are there mirrors for?,coco_fallback
556356,coco,http://images.cocodataset.org/train2014/COCO_train2014_000000556356.jpg,What is that floor made of? | Why is this room dark? | Who decorated the room? | How were those windows made? | Whose room is this?,coco_fallback
547348,coco,http://images.cocodataset.org/train2014/COCO_train2014_000000547348.jpg,Do you think this woman chose the color of her umbrella? | What kind of earrings are those? | How long is her hair? | Did the lady make her own stylish earrings? | Is the woman being shielded from sun?,coco_fallback
243818,coco,http://images.cocodataset.org/train2014/COCO_train2014_000000243818.jpg,Is that a baby giraffe? | What zoo is this? | What sound do giraffes make? | Is this a baby giraffe? | Are these giraffes in a zoo or in Africa?,coco_fallback
43968,coco,http://images.cocodataset.org/train2014/COCO_train2014_000000043968.jpg,What resort is this at? | How far did he fly? | Are they having a snowboarding competition near homes? | Is the boy safe? | Should a kid that young be allowed to snowboard?,coco_fallback
179963,coco,http://images.cocodataset.org/train2014/COCO_train2014_000000179963.jpg,Is the light stopping traffic? | How many birds are on the pole? | Do these birds migrate together? | Where is this? | What city is this in?,coco_fallback
533377,coco,http://images.cocodataset.org/train2014/COCO_train2014_000000533377.jpg,What country is that in? | Are they in Africa? | How old is the baby? | Is this woman satisfied with her life? | Is that a hammock over the bed?,coco_fallback
124477,coco,http://images.cocodataset.org/train2014/COCO_train2014_000000124477.jpg,Who won? | What are their names? | How do doubles partners communicate on the court? | Are they playing doubles? | Is this a doubles game of tennis?,coco_fallback
402757,coco,http://images.cocodataset.org/train2014/COCO_train2014_000000402757.jpg,"Did you get close to the zebras? | What are the zebra eating? | Does anyone live in that building on top,of the hill? | What is the castle on the top of the hill called? | Are these zebras in their natural habitat?",coco_fallback
318924,coco,http://images.cocodataset.org/train2014/COCO_train2014_000000318924.jpg,Did you walk up to a watering hole in Africa? | What is the name of the bird? | What museum was this? | Was this photo taken in a museum? | Are all those different animals real?,coco_fallback
324910,coco,http://images.cocodataset.org/train2014/COCO_train2014_000000324910.jpg,Are these men a couple? | What is he drinking? | What kind of beverage is he drinking? | What is the man on the left drinking? | Were they celebrating something?,coco_fallback
151822,coco,http://images.cocodataset.org/train2014/COCO_train2014_000000151822.jpg,Do you think he ate the whole pizza? | How much did he eat? | What kind of pizza is that? | What kind of pizza is that? | Is he eating a whole pizza himself?,coco_fallback
69874,coco,http://images.cocodataset.org/train2014/COCO_train2014_000000069874.jpg,How did that tree fall? | Is the log blocking the road? | How did the tree fall? | Did the tree fall on the road? | Where is this?,coco_fallback
199598,coco,http://images.cocodataset.org/train2014/COCO_train2014_000000199598.jpg,Why is there so much space between the sink and tub? | What kind of tub is that? | How big is that room? | Are you buying this house? | Did you recently remodel the bathroom?,coco_fallback
478802,coco,http://images.cocodataset.org/train2014/COCO_train2014_000000478802.jpg,What is the lady's name? | Why does the bear look so evil? | Is that a cosplay of Annie from League of Legends? | Is she cosplaying as Annie from League of Legends? | What cartoon character is she dressed up as?,coco_fallback
572310,coco,http://images.cocodataset.org/train2014/COCO_train2014_000000572310.jpg,Was this taken at a bike rally? | How many bikes are parked there? | What were they all there for? | How many Harley's are there? | Is this a motorcycle convention?,coco_fallback
511133,coco,http://images.cocodataset.org/train2014/COCO_train2014_000000511133.jpg,What recipe are these bananas going into? | What are you going to make with the bananas? | Don't you pick off those stringy things from the bananas? | What are you making? | What are they making with bananas?,coco_fallback
131351,coco,http://images.cocodataset.org/train2014/COCO_train2014_000000131351.jpg,Is the bathroom being remodeled? | is the bath in a working condition? | What was in the blue box? | What will the remodel look like? | Is that wall on the right stained?,coco_fallback
5396,coco,http://images.cocodataset.org/train2014/COCO_train2014_000000005396.jpg,So you went to Germany? | What model plane is this? | Where is the plane going? | Did the plane just arrive? | Is this a commercial plane?,coco_fallback
254060,coco,http://images.cocodataset.org/train2014/COCO_train2014_000000254060.jpg,Is that a police officer on the motorcycle? | What model of bike is that? | Have you ever ridden a motorbike on cobblestone? | Where is this? | What kind of motorcycle is that?,coco_fallback
497320,coco,http://images.cocodataset.org/train2014/COCO_train2014_000000497320.jpg,Does he have his own blog? | How old is that cat? | What is the cats name? | What kind of computer is that? | Is the cat declawed?,coco_fallback
428778,coco,http://images.cocodataset.org/train2014/COCO_train2014_000000428778.jpg,What kind of blender is that? | What do you use that machine for? | Do you use that to make margaritas? | Is that new? | What is the cup capacity of the food processor?,coco_fallback
147716,coco,http://images.cocodataset.org/train2014/COCO_train2014_000000147716.jpg,What kind of flowers are they? | Who are these flowers for? | How old are those flowers? | What kind of flowers are those? | What kind of flowers are they?,coco_fallback
485369,coco,http://images.cocodataset.org/train2014/COCO_train2014_000000485369.jpg,Is this a vulture? | What kind of bird is that? | What kind of black bird do you think that is? | What kind of bird is that? | I wonder where this bird is from?,coco_fallback
60419,coco,http://images.cocodataset.org/train2014/COCO_train2014_000000060419.jpg,How long has that guy been surfing? | What kind of surfboard is that? | Is this person surfing in Australia? | Is he going to ride the wave out? | What's the biggest wave you've surfed?,coco_fallback
62896,coco,http://images.cocodataset.org/train2014/COCO_train2014_000000062896.jpg,Is Frisbee now an organized sport? | Is that an intramural match? | What sport are they playing? | What are the people doing? | What sport are these people going to play?,coco_fallback
158514,coco,http://images.cocodataset.org/train2014/COCO_train2014_000000158514.jpg,What kind of dressing does it have? | What type of salad is that? | What ingredients are in this food? | Is that celery hiding in that fruit salad? | Is this food tasty?,coco_fallback
140821,coco,http://images.cocodataset.org/train2014/COCO_train2014_000000140821.jpg,Where is this bathroom? | Why are there chairs in the bathroom? | Why do those chairs face the toilet like that? | Why are there chairs next to the toilet? | Why is there chairs in the bathroom?,coco_fallback
159105,coco,http://images.cocodataset.org/train2014/COCO_train2014_000000159105.jpg,Do you prefer curtains over blinds? | Do you spend a lot of time in the window chair? | Who's living room is this? | Where is thi apartment located at? | Did you spend all day polishing the floor?,coco_fallback
29377,coco,http://images.cocodataset.org/train2014/COCO_train2014_000000029377.jpg,Who drew those art images on the wall? | Do you need more space? | Is that a picture of your kitchen? | What food do they have in the fridge? | Who drew the artwork that is on the wall?,coco_fallback
473587,coco,http://images.cocodataset.org/train2014/COCO_train2014_000000473587.jpg,How old is this baby zebra? | Is the zebra an adult? | How old is the baby zebra? | Is that what a baby zebra looks like? | Where is this zebra's mom?,coco_fallback
396221,coco,http://images.cocodataset.org/train2014/COCO_train2014_000000396221.jpg,Where can you get a kite that big? | How big is that kite? | Is that a kite or a plane on the grass? | What is the wingspan of the kite? | Is that a butterfly kite?,coco_fallback
445306,coco,http://images.cocodataset.org/train2014/COCO_train2014_000000445306.jpg,Does it not work? | Are they using that microwave for storage? | Is that a convection oven also? | Why is there so much stuff in the microwave? | How often do you need to use the microwave for storage?,coco_fallback
578232,coco,http://images.cocodataset.org/train2014/COCO_train2014_000000578232.jpg,What type of plane is this? | What kind of plane is that? | Where's it going? | Where is the plane going? | Is this plane just carrying packages?,coco_fallback
203796,coco,http://images.cocodataset.org/train2014/COCO_train2014_000000203796.jpg,Were the bears in a zoo? | Are these bears trying to break the fence? | Are the bears at a zoo? | How old is that bear? | What are the bears doing?,coco_fallback
71328,coco,http://images.cocodataset.org/train2014/COCO_train2014_000000071328.jpg,Is this a hotel room? | Is the bathroom clean? | Why is this bathroom so narrow? | Did you recently remodel the bathroom? | Is that bathroom in a house or hotel?,coco_fallback
554502,coco,http://images.cocodataset.org/train2014/COCO_train2014_000000554502.jpg,Are those real pictures hanging? | Why is the light on if no one is in the room? | What type of wood is that desk? | Whose desk is that? | How much time do you spend there?,coco_fallback
308963,coco,http://images.cocodataset.org/train2014/COCO_train2014_000000308963.jpg,Is this a minor league game? | Why aren't there very many people in the stands? | Which team won the game? | Was the game slow? | What two teams were playing baseball?,coco_fallback
569975,coco,http://images.cocodataset.org/train2014/COCO_train2014_000000569975.jpg,What is the cat looking at? | What type of breed is the cat? | Is that picture in a book? | Was the cat ever let outside? | Does the cat want to eat the bird?,coco_fallback
210729,coco,http://images.cocodataset.org/train2014/COCO_train2014_000000210729.jpg,Is this woman drinking coffee? | What is she drinking? | What is she drinking? | What is she drinking? | Is this your girlfriend?,coco_fallback
523981,coco,http://images.cocodataset.org/train2014/COCO_train2014_000000523981.jpg,Whose items are these? | Does the kitchen have actual cabinets? | Is this kitchen very cluttered? | why is that kitchen so cluttered | Do you think this is a bachelor's kitchen?,coco_fallback
351876,coco,http://images.cocodataset.org/train2014/COCO_train2014_000000351876.jpg,How fast can this motorcycle go? | What year is it? | Is that yours? | How many miles to the gallon does it get? | What kind of motorcycle is that?,coco_fallback
544950,coco,http://images.cocodataset.org/train2014/COCO_train2014_000000544950.jpg,Where was this taken? | Where is this? | Is this your town? | Is there a limit to how tall advertising signs can be? | How often does a train pass by on those tracks?,coco_fallback
36413,coco,http://images.cocodataset.org/train2014/COCO_train2014_000000036413.jpg,Who made this donut? | Why do doughnuts have holes in the middle? | How many calories are in that donut? | What kind of donut is that? | How many calories are in this donut?,coco_fallback
362558,coco,http://images.cocodataset.org/train2014/COCO_train2014_000000362558.jpg,What kind of flower is in the vase? | What kind of flowers are in the vase? | Why is the vase outside? | What type of flowers is this? | Is the plant outside?,coco_fallback
274665,coco,http://images.cocodataset.org/train2014/COCO_train2014_000000274665.jpg,Why are the baloons on the ground? | Why are there balloons on the ground? | Are the balloons for a birthday party? | Are these balloons left over from a party? | What kind of party is this?,coco_fallback
535510,coco,http://images.cocodataset.org/train2014/COCO_train2014_000000535510.jpg,Is this train still in service? | Did you ride the train? | Is the train on fire? | Is this train still in service? | Is that a real train?,coco_fallback
349044,coco,http://images.cocodataset.org/train2014/COCO_train2014_000000349044.jpg,Will the coffee pot get damaged if the power is on when it's empty? | What kind of juice is in that machine? | What kind of juices are those? | Where is this drink station located? | What food is served in this restaurant?,coco_fallback
403357,coco,http://images.cocodataset.org/train2014/COCO_train2014_000000403357.jpg,Is your friend about to attend a toga party? | Was it a toga party? | Why is the man wearing a toga? | Isn't it strange to see a guy in a robe using a cell phone? | Why is the man dressed that way?,coco_fallback
349046,coco,http://images.cocodataset.org/train2014/COCO_train2014_000000349046.jpg,Is this giraffe at a zoo? | Do giraffes usually eat wood? | Why is the giraffe licking the doorway? | How tall is the giraffe? | Why is that giraffe biting the wall?,coco_fallback
290437,coco,http://images.cocodataset.org/train2014/COCO_train2014_000000290437.jpg,Where is this giraffe? | Were there other giraffes nearby? | How tall is that giraffe? | How tall is that giraffe? | What is the giraffe staring at?,coco_fallback
164262,coco,http://images.cocodataset.org/train2014/COCO_train2014_000000164262.jpg,Is she playing singles or doubles? | Is she psychotic? | Wjy do women grunt or shriek when they hit the ball? | What kind of shot is the woman attempting? | Does she play tennis often?,coco_fallback
226176,coco,http://images.cocodataset.org/train2014/COCO_train2014_000000226176.jpg,Where are they riding to? | Why is the man with the backpack smiling? | What is the make of the motorbike? | Where are they going? | How fast were they going?,coco_fallback
302282,coco,http://images.cocodataset.org/train2014/COCO_train2014_000000302282.jpg,Did you get to fly in it? | How many people can fit into the plane? | What kind of plane is that? | How many engines does this plane have? | What model plane is this?,coco_fallback
473745,coco,http://images.cocodataset.org/train2014/COCO_train2014_000000473745.jpg,Is this the location you are hoping to spend your vacation? | How much does that house cost? | Is that a picture of your bathroom? | Is that pool indoors or outdoors? | What is the name of this hotel?,coco_fallback
566737,coco,http://images.cocodataset.org/train2014/COCO_train2014_000000566737.jpg,Can they see where they are walking? | How can this person see with the umbrella in their face? | Where is the person going? | What's the name of the sandwich shop? | Is this a man or a woman?,coco_fallback
426829,coco,http://images.cocodataset.org/train2014/COCO_train2014_000000426829.jpg,Do the dirty sneakers smell up the trunk? | Was that a present? | Was this some sort of gift box? | Are those shoes dirty or are they painted that way? | How old is this suitcase?,coco_fallback
285076,coco,http://images.cocodataset.org/train2014/COCO_train2014_000000285076.jpg,Who is flying this kite? | How high is that kite flying? | Who was flying the kite? | Who is flying the kite? | Is this kite flying high?,coco_fallback
568974,coco,http://images.cocodataset.org/train2014/COCO_train2014_000000568974.jpg,Are those handles on the bench so you can tie yourself down during a wind storm? | What are those things on the bench? | What brand of shoes is the man wearing? | Is that coffee cup empty? | What are those things on the bench for?,coco_fallback
512007,coco,http://images.cocodataset.org/train2014/COCO_train2014_000000512007.jpg,Is there any way to cook in that kitchen alcove? | How big is this room? | What size the the television? | Is that a dorm or a hotel room? | Did the traveler just arrive?,coco_fallback
506011,coco,http://images.cocodataset.org/train2014/COCO_train2014_000000506011.jpg,Whose birthday is it? | What are they celebrating? | Whose birthday is it? | what is on that birthday cake? | How old is the birthday person?,coco_fallback
574232,coco,http://images.cocodataset.org/train2014/COCO_train2014_000000574232.jpg,What story or book is this bear related to? | Does it have much value? | Why is that teddy bear red? | What do you think that stuffed bear is worth? | Is that teddy bear an antique?,coco_fallback
568884,coco,http://images.cocodataset.org/train2014/COCO_train2014_000000568884.jpg,Where is the fire truck going? | What does that truck usually carry? | What kind of emergency is currently going on that's requiring these vehicles to be here? | Is that a tow truck just for buses? | Where is the fire truck going?,coco_fallback
384678,coco,http://images.cocodataset.org/train2014/COCO_train2014_000000384678.jpg,How old is the kitten? | Why is the cat outside? | How old is that cat? | Is the cat popping the tire? | What is the cats name?,coco_fallback
490496,coco,http://images.cocodataset.org/train2014/COCO_train2014_000000490496.jpg,Why is Santa Claus in the back of the truck? | Is that figurine racist? | What kind of Santa is that? | What is in the box near the santa statue? | Does this Santa light up from the inside?,coco_fallback
363190,coco,http://images.cocodataset.org/train2014/COCO_train2014_000000363190.jpg,Did you recently remodel the kitchen? | Where did they get those chairs? | Did you remodel the kitchen? | Why is the kitchen green? | Does that kitchen look small?,coco_fallback
473964,coco,http://images.cocodataset.org/train2014/COCO_train2014_000000473964.jpg,What is the cat on? | Is this cat trying to pack bags? | How old is the cat? | Is the cat resting? | Does your cat lay on your backpack?,coco_fallback
331129,coco,http://images.cocodataset.org/train2014/COCO_train2014_000000331129.jpg,Is that Big Ben? | How long was your visit? | Was this taken in London? | How is the traffic there? | Is that Big Ben?,coco_fallback
264495,coco,http://images.cocodataset.org/train2014/COCO_train2014_000000264495.jpg,What is his name? | How experienced is the skateboarder? | Is this man doing a successful trick? | What is that trick called? | Did he get hurt?,coco_fallback
41713,coco,http://images.cocodataset.org/train2014/COCO_train2014_000000041713.jpg,Do the giraffes eat all the leaves? | What kind of trees are these? | How tall are those giraffes? | Is it feeding time for these giraffes? | Are these animals in their natural habitat?,coco_fallback
237976,coco,http://images.cocodataset.org/train2014/COCO_train2014_000000237976.jpg,Where was this taken? | What is she using to take the photo? | Did you do the hairdo yourself? | What kind of camera is she using? | What style is that?,coco_fallback
388754,coco,http://images.cocodataset.org/train2014/COCO_train2014_000000388754.jpg,What body of water is in the background? | Did you pet the sheep? | What kind of animals are these? | What kind of sheep is that? | What kind of sheep are those?,coco_fallback
441464,coco,http://images.cocodataset.org/train2014/COCO_train2014_000000441464.jpg,Where is the train going? | Who left their bag? | Don't you wonder what's in the bag? | Do you think there's a bomb in that bag? | What lens did you use?,coco_fallback
382046,coco,http://images.cocodataset.org/train2014/COCO_train2014_000000382046.jpg,Did the elephant in front fall? | How long did they play for? | Do the elephants wash the dirt off later? | How much does the elephant weigh? | Did the elephant fall?,coco_fallback
469293,coco,http://images.cocodataset.org/train2014/COCO_train2014_000000469293.jpg,How old is she? | Why is this cake so plain? | Was this an anniversary? | Which anniversary are they celebrating? | Is that a cake or toast?,coco_fallback
507494,coco,http://images.cocodataset.org/train2014/COCO_train2014_000000507494.jpg,What kind of plane is that? | Did you take this from the airport as the plane was landing? | Is the plane flying low to the ground? | Do you fly much? | What the the passenger capacity of this plane?,coco_fallback
273304,coco,http://images.cocodataset.org/train2014/COCO_train2014_000000273304.jpg,What is the model of these planes? | Was that at an airshow? | Why are the planes here flying like this? | What formation are they in? | How long does it take to learn to fly like that?,coco_fallback
257773,coco,http://images.cocodataset.org/train2014/COCO_train2014_000000257773.jpg,Is the person moving very fast? | What is she cooking? | How fast does she cook? | What food is she making? | Is this woman making grilled sandwiches in a restaurant?,coco_fallback
518894,coco,http://images.cocodataset.org/train2014/COCO_train2014_000000518894.jpg,How long has that guy been surfing? | Is he going to be able to complete the wave? | What kind of board is he riding? | Where is this? | Did he do tricks on his surfboard?,coco_fallback
233476,coco,http://images.cocodataset.org/train2014/COCO_train2014_000000233476.jpg,How long before the train leaves? | Is this considered hipster attire? | Why is that man dressed like that? | Where is this man going? | Where is he heading?,coco_fallback
378373,coco,http://images.cocodataset.org/train2014/COCO_train2014_000000378373.jpg,Where was this taken? | Is the girl petting the sheep? | Is the little girl a Packer fan? | What are they doing to the sheep? | Why is the animal in the cage?,coco_fallback
106952,coco,http://images.cocodataset.org/train2014/COCO_train2014_000000106952.jpg,Does that bridge have a name? | Were you on a boat that day? | Is that a scary bridge to cross? | Where is this bridge located? | How deep is the river under the bridge?,coco_fallback
262529,coco,http://images.cocodataset.org/train2014/COCO_train2014_000000262529.jpg,Who was he playing against? | Who is he playing tennis against? | Was he playing in a tennis tournament? | Is this a professional tennis player? | Who is the guy playing tennis?,coco_fallback
533176,coco,http://images.cocodataset.org/train2014/COCO_train2014_000000533176.jpg,Do you do this too? | When and where was this photo taken? | How old do you think this photograph is? | How old is this skiing picture? | How old is this photo?,coco_fallback
228989,coco,http://images.cocodataset.org/train2014/COCO_train2014_000000228989.jpg,Is that motorcycle a Harley-Davidson? | Do you ride yourself? | Who owns the motorcycle? | What kind of motorcycle is that? | Is that a new bike?,coco_fallback
230614,coco,http://images.cocodataset.org/train2014/COCO_train2014_000000230614.jpg,Is this picture real? | Is she flying off a burger kite? | Is this photo supposed to look realistic? | Where was this taken? | How do you think they created this shot?,coco_fallback
405622,coco,http://images.cocodataset.org/train2014/COCO_train2014_000000405622.jpg,Was this taken at sunrise or sunset? | How deep is the river at this point? | Can you think of a more romantic setting than this? | Is the bridge really green? | Was this during your vacation?,coco_fallback
553502,coco,http://images.cocodataset.org/train2014/COCO_train2014_000000553502.jpg,Where was this taken? | Why are the cows on the road? | What animal is that? | What kind of cow is that? | Are the animals cared for well there?,coco_fallback
562037,coco,http://images.cocodataset.org/train2014/COCO_train2014_000000562037.jpg,Who put those teddy bears in that position? | Are those yours? | What kind of conversation are these bears having? | Are those the kind of teddy bears that talk? | Are the bears fighting?,coco_fallback
430092,coco,http://images.cocodataset.org/train2014/COCO_train2014_000000430092.jpg,Does she have cancer? | Are those plants in a greenhouse? | What is that growing next to the corn? | What is all planted in the garden? | What plants are those?,coco_fallback
429096,coco,http://images.cocodataset.org/train2014/COCO_train2014_000000429096.jpg,What is that thing strapped to her back? | Who is she calling? | Why is the woman not wearing shoes? | Is this woman waiting for a bus? | Who is that lady?,coco_fallback
73174,coco,http://images.cocodataset.org/train2014/COCO_train2014_000000073174.jpg,What kind of dog is that? | What breed is the dog? | Does the dog get cold after its haircut? | Is the dog enjoying its haircut? | Is this dog having an enjoyable experience?,coco_fallback
469431,coco,http://images.cocodataset.org/train2014/COCO_train2014_000000469431.jpg,Is snowboarding easier to learn than skiing? | Are the planning to snowboard in that fresh powder? | Are they going to go down the slope? | How long have they been snowboarding? | Is the weather safe?,coco_fallback
542814,coco,http://images.cocodataset.org/train2014/COCO_train2014_000000542814.jpg,Do they both work? | Why two microwaves? | Why are there two microwaves on top of each other? | Why are there two microwaves? | Why are those microwaves stacked on the floor?,coco_fallback
221743,coco,http://images.cocodataset.org/train2014/COCO_train2014_000000221743.jpg,What are you making? | Did you grow those yourself? | Were those vegetables picked in the garden? | What meal are they going to make? | What do they say about eating dark green vegetables?,coco_fallback
282466,coco,http://images.cocodataset.org/train2014/COCO_train2014_000000282466.jpg,What kind of cake was that? | What is the occasion? | How did you make that? | What types of desserts are they serving? | Who did the baking?,coco_fallback
480823,coco,http://images.cocodataset.org/train2014/COCO_train2014_000000480823.jpg,Where is this? | What kind of animal is that? | Are they 4H projects? | What are the sheep eating? | Are those sheep for sale?,coco_fallback
429898,coco,http://images.cocodataset.org/train2014/COCO_train2014_000000429898.jpg,Is this bird hunting? | What kind of bird is this? | What type of bird is this? | What kind of bird is this? | What kind of bird is this?,coco_fallback
214589,coco,http://images.cocodataset.org/train2014/COCO_train2014_000000214589.jpg,Is he giving those umbrellas away? | Did you buy one? | What is in the box? | Are the umbrellas for sale? | Was he excited to receive his package?,coco_fallback
266536,coco,http://images.cocodataset.org/train2014/COCO_train2014_000000266536.jpg,Did he just sleep the whole time you were there? | Is this bear wet? | What zoo is this sleepy bear in? | What breed of bear is that? | How big is the bear's living area?,coco_fallback
541067,coco,http://images.cocodataset.org/train2014/COCO_train2014_000000541067.jpg,When did you get a dog? | Was that from one brushing? | What is the dog looking at? | Did they just give the dog a haircut? | How old do you think that dog is?,coco_fallback
224468,coco,http://images.cocodataset.org/train2014/COCO_train2014_000000224468.jpg,What is the name of the dog? | What breed of dog is this? | Is the dog happy? | What type of dog is this? | How old is the dog?,coco_fallback
420397,coco,http://images.cocodataset.org/train2014/COCO_train2014_000000420397.jpg,Why is the woman in black dressed like that? | Where can I buy such an unusual umbrella? | What is the name of the woman in black? | How tall is the woman in black? | What event is this?,coco_fallback
455824,coco,http://images.cocodataset.org/train2014/COCO_train2014_000000455824.jpg,"Is that a real animal, between the chairs? | Why is that stuffed animal creepily looking out of that closet? | How long did the toy stay there? | What is behind the door? | Where did you find those chairs?",coco_fallback
391627,coco,http://images.cocodataset.org/train2014/COCO_train2014_000000391627.jpg,How many bags are there? | Are those umbrella bags? | What do you think about this idea? | Do you think those umbrella bags are genius? | Where is this?,coco_fallback
101891,coco,http://images.cocodataset.org/train2014/COCO_train2014_000000101891.jpg,Are the cars visible vintage? | Are all the cars small? | What kind of cars are those? | Who owns those old cars? | Do you ever take the cars out?,coco_fallback
413895,coco,http://images.cocodataset.org/train2014/COCO_train2014_000000413895.jpg,Is this a motorcycle gang? | What road are they riding on? | Would you ride a motorcycle like the ones in the picture? | Was this a club ride? | Are these bikers going on a road trip?,coco_fallback
277134,coco,http://images.cocodataset.org/train2014/COCO_train2014_000000277134.jpg,How high is that mount on the wall? | Where is this? | Where is this building located? | Is this an altar in an Orthodox Christian church? | What kind of building is this?,coco_fallback
233902,coco,http://images.cocodataset.org/train2014/COCO_train2014_000000233902.jpg,Will they eat the pizza? | What are the toppings on that pizza? | What restaurant was this photo taken at? | How old is the man in this picture? | Is that pizza homemade?,coco_fallback
397746,coco,http://images.cocodataset.org/train2014/COCO_train2014_000000397746.jpg,Is the boat docked? | Is the boat being pushed to sea? | What is the boat used for? | Is the boat grounded? | Where was this taken?,coco_fallback
529562,coco,http://images.cocodataset.org/train2014/COCO_train2014_000000529562.jpg,Is this fridge easier to clean than regular ones? | How much do you think that refridgerator costs? | Is this in an apartment? | Is that a new refrigerator? | How old is this kitchen?,coco_fallback
386166,coco,http://images.cocodataset.org/train2014/COCO_train2014_000000386166.jpg,What toppings are on that pizza? | Whose meal is this? | Why are there so many candles on the table? | Do these pizzas have cheese? | What kind of pizza is that?,coco_fallback
78460,coco,http://images.cocodataset.org/train2014/COCO_train2014_000000078460.jpg,How small is this bathroom? | When is it time to trim the foliage in your bathroom? | Whose bathroom is this? | Why are there no doors in the bathroom? | Why are there plants growing on the ceiling?,coco_fallback
504540,coco,http://images.cocodataset.org/train2014/COCO_train2014_000000504540.jpg,Is this plane in the clouds or below them? | Where is the plane going? | Was is sunset or sunrise? | What airport did the plane take off from? | How high is that airplane?,coco_fallback
560885,coco,http://images.cocodataset.org/train2014/COCO_train2014_000000560885.jpg,What park are they riding the horses in? | When did people start wearing helmets to ride horseback? | How experienced are these riders? | Which horse is the oldest? | How long was the ride?,coco_fallback
292579,coco,http://images.cocodataset.org/train2014/COCO_train2014_000000292579.jpg,How much money is there? | How much money is on this table? | What is the combined cost of the coffee and doughnut? | How much money is there on the table? | What kind of money is that?,coco_fallback
424705,coco,http://images.cocodataset.org/train2014/COCO_train2014_000000424705.jpg,Why is there a traffic jam? | How bad was traffic that day? | Is this stopped traffic? | How long was the wait? | Why was traffic so backed up?,coco_fallback
305451,coco,http://images.cocodataset.org/train2014/COCO_train2014_000000305451.jpg,What toppings are they putting on the pizza? | What are these two people cooking? | What is on that pizza? | What are they making? | How old is the child?,coco_fallback
561917,coco,http://images.cocodataset.org/train2014/COCO_train2014_000000561917.jpg,Did the black car below run the red light | Is this intersection safe? | Where is this? | Why is the car in the crosswalk? | What street is that?,coco_fallback
235187,coco,http://images.cocodataset.org/train2014/COCO_train2014_000000235187.jpg,Where is the carriage going? | What is the horse tied to? | Was that horse pulling the carriage? | How many people can ride in the carriage? | Is the horse resting?,coco_fallback
579533,coco,http://images.cocodataset.org/train2014/COCO_train2014_000000579533.jpg,Are these people in uniform from different countries? | Are they happy to see each other? | How many medals are pinned on the man with the blue suit? | Who are the two men shaking hands? | Why are all those people there?,coco_fallback
483043,coco,http://images.cocodataset.org/train2014/COCO_train2014_000000483043.jpg,Did you buy any of those? | Why are there so many stuffed bears? | Where did they get all those dolls? | Is this a kid's closet? | Is this a display of toys for sale or a collection?,coco_fallback
551470,coco,http://images.cocodataset.org/train2014/COCO_train2014_000000551470.jpg,Where is this? | Did you ride the train? | How fast is that monorail? | Where is the train going? | How much is the fare?,coco_fallback
562937,coco,http://images.cocodataset.org/train2014/COCO_train2014_000000562937.jpg,Where was this taken? | Is this taken in Africa? | Where is this? | Were there any babies? | What kind of tree do you think that is?,coco_fallback
416860,coco,http://images.cocodataset.org/train2014/COCO_train2014_000000416860.jpg,Does that tie use batteries? | Why does the man feel the need to wear that tie? | What kind of tie is that? | Where can I get a tie like that? | How long do the batteries last for that light up tie?,coco_fallback
376731,coco,http://images.cocodataset.org/train2014/COCO_train2014_000000376731.jpg,Where is she riding to? | What is she wearing on her head? | Where is this? | What is the lady's name? | Is this woman shopping?,coco_fallback
254301,coco,http://images.cocodataset.org/train2014/COCO_train2014_000000254301.jpg,Were you up in a building? | What is that body of water? | Is that leaving the city? | What's the name of that body of water? | What city is this?,coco_fallback
321500,coco,http://images.cocodataset.org/train2014/COCO_train2014_000000321500.jpg,Are all of those suitcases yours? | Is the luggage all packed? | What do you think is the story with this luggage? | Is someone moving across country? | Where is the luggage going?,coco_fallback
558538,coco,http://images.cocodataset.org/train2014/COCO_train2014_000000558538.jpg,Do you think this is a quiet neighborhood? | Who lives in these houses? | Is the snow melting? | Is that the street you live on? | Is that your garage?,coco_fallback
520204,coco,http://images.cocodataset.org/train2014/COCO_train2014_000000520204.jpg,How long has he been skateboarding? | Is this skater boy signed? | What is this skateboarder's name? | Is he going to fall? | What kind of skateboard is that?,coco_fallback
512838,coco,http://images.cocodataset.org/train2014/COCO_train2014_000000512838.jpg,Is that an equestrian horse? | How well did the horse preform? | How high did that horse jump? | Did any of them fall? | Did he go clean?,coco_fallback
69049,coco,http://images.cocodataset.org/train2014/COCO_train2014_000000069049.jpg,How long was the kite in the sky for? | Is that an octopus kite? | What kind of kite is this? | Is the kite on a string? | Where is this?,coco_fallback
559591,coco,http://images.cocodataset.org/train2014/COCO_train2014_000000559591.jpg,Where was the vase bought at? | What is on the window sill? | What kind of vase is by the window? | Is that vase fragile? | Is that glass valuable?,coco_fallback
303668,coco,http://images.cocodataset.org/train2014/COCO_train2014_000000303668.jpg,Are those bananas or plantains? | Who designed that cool banana font for the price sign? | Aren't bananas sold by the pound? | Are these bananas ripe? | Did you buy any?,coco_fallback
488746,coco,http://images.cocodataset.org/train2014/COCO_train2014_000000488746.jpg,Is this a working clock? | Does this clock belong in someone's home? | Where are they putting this clock? | Why does someone need a clock that large? | What is this clock mounted on?,coco_fallback
489900,coco,http://images.cocodataset.org/train2014/COCO_train2014_000000489900.jpg,Is that a picture of an apartment building? | Whats the temperature outside? | What happens in that building? | Where is this? | What street is this?,coco_fallback
260630,coco,http://images.cocodataset.org/train2014/COCO_train2014_000000260630.jpg,What team are the Bulls? | Does he get paid to play? | Does he have a good batting average? | Is this a high school player? | What is Bull Baseball?,coco_fallback
166972,coco,http://images.cocodataset.org/train2014/COCO_train2014_000000166972.jpg,What is that building? | Where is this? | Is that big ben in the background? | What city is that in? | Is that a castle in the background?,coco_fallback
395765,coco,http://images.cocodataset.org/train2014/COCO_train2014_000000395765.jpg,Does the bus slide on the snow? | Were the roads i | Is the bus in motion? | Where is this? | How much snow is on the ground?,coco_fallback
21364,coco,http://images.cocodataset.org/train2014/COCO_train2014_000000021364.jpg,How many hot dogs are there? | Who is cooking the hot dogs? | Why is he making so much food? | Are the hot dogs almost done cooking? | Did they burn all the hot dogs?,coco_fallback
427389,coco,http://images.cocodataset.org/train2014/COCO_train2014_000000427389.jpg,How did that bird get inside? | What kind of bird is this? | What is the bird standing on? | How did it get inside? | Who is the artist that painted the sculpture?,coco_fallback
275837,coco,http://images.cocodataset.org/train2014/COCO_train2014_000000275837.jpg,Where are the elephants going? | Why is the elephant trying to get in the building? | How much does the elephant weigh? | Does she press her head on the wall a lot? | Are the elephants on a time out?,coco_fallback
554538,coco,http://images.cocodataset.org/train2014/COCO_train2014_000000554538.jpg,Is that your liv | Is this near the beach? | Is that surfboard just for decoration? | Is all this stuff from Ikea? | What is that rug made of?,coco_fallback
546088,coco,http://images.cocodataset.org/train2014/COCO_train2014_000000546088.jpg,What kind of flowers are those? | What kind of flowers are those? | Did you cook with those flowers? | What type of flowers are in this bowl? | What are the flowers for?,coco_fallback
192516,coco,http://images.cocodataset.org/train2014/COCO_train2014_000000192516.jpg,What is the dog looking at? | What is the dog watching? | What is the dog's name? | How does the dog get onto the table? | What breed of dog is this?,coco_fallback
45153,coco,http://images.cocodataset.org/train2014/COCO_train2014_000000045153.jpg,What kind of soup is that? | Is that soup served hot or cold? | Who made the meal? | Was the food delicious? | What is the recipe for this?,coco_fallback
367990,coco,http://images.cocodataset.org/train2014/COCO_train2014_000000367990.jpg,Is that bathroom in an apartment? | Is this a bathroom in a hotel or in a residence? | do they like geese? | Who used the bathroom last? | Did you just clean it?,coco_fallback
481725,coco,http://images.cocodataset.org/train2014/COCO_train2014_000000481725.jpg,What hotel is that? | Is this a hotel room? | What can you see outside the window? | Where is this? | How much does is cost to stay in that room for one night?,coco_fallback
146705,coco,http://images.cocodataset.org/train2014/COCO_train2014_000000146705.jpg,Is that a public toilet? | Where is this public restroom? | Can you reach that when sitting? | Who is the person in the mirror? | Where is this bathroom at?,coco_fallback
451588,coco,http://images.cocodataset.org/train2014/COCO_train2014_000000451588.jpg,How old is that elephant? | Is it freshly born? | Do you think the baby elephant is cute? | Is the baby elephant just learning how to walk? | Are those wild ele,coco_fallback
105318,coco,http://images.cocodataset.org/train2014/COCO_train2014_000000105318.jpg,Is that toilet seat gold? | Is this toilet gold-plated? | Why is the toilet gold? | Is this toilet made out of real gold? | Is that gold?,coco_fallback
529963,coco,http://images.cocodataset.org/train2014/COCO_train2014_000000529963.jpg,What time does he brush his teeth? | How long has he been brushing his teeth? | Are you growing a beard? | Does he always brush for two full minutes? | How long has he been brushing his teeth for?,coco_fallback
481120,coco,http://images.cocodataset.org/train2014/COCO_train2014_000000481120.jpg,What are those green balls? | What is being made here? | What could they possibly be making here? | Were you making a raft? | What are the scissors and peas for?,coco_fallback
269183,coco,http://images.cocodataset.org/train2014/COCO_train2014_000000269183.jpg,Is that umbrella actually of use? | Where did you buy that umbrella? | Where can I buy that umbrella? | Where did she get that umbrella | How old is the lady with pink hair?,coco_fallback
42748,coco,http://images.cocodataset.org/train2014/COCO_train2014_000000042748.jpg,Was this a clean hotel room? | Did the TV get a clear picture? | Why is this room so dark? | Is that a hotel room? | Is that a hotel room?,coco_fallback
342618,coco,http://images.cocodataset.org/train2014/COCO_train2014_000000342618.jpg,Who is that woman? | Why is she so dressed up? | Who is she taking the picture for? | How old is that mirror? | Is it for a special occasion?,coco_fallback
478057,coco,http://images.cocodataset.org/train2014/COCO_train2014_000000478057.jpg,How clean is the lake? | Is this elephant bathing near a populated area? | Where is the elephant going? | Is the elephant alone? | What country is this in?,coco_fallback
4173,coco,http://images.cocodataset.org/train2014/COCO_train2014_000000004173.jpg,Did he get to ride in a wave tube? | Why is the color so odd? | Who is that surfer? | What beach is this? | What type of surf board is that?,coco_fallback
137779,coco,http://images.cocodataset.org/train2014/COCO_train2014_000000137779.jpg,What time is that clock showing? | Why is it so dark at 4:45? | How old is that clock tower? | How tall is the clock? | What is the name of that tower?,coco_fallback
450977,coco,http://images.cocodataset.org/train2014/COCO_train2014_000000450977.jpg,Is he cutting someone's hair? | Did you really let him cut your hair? | What is this man going to do with those scissors? | Why does he look so happy to have scissors? | What is the man about to cut?,coco_fallback
353412,coco,http://images.cocodataset.org/train2014/COCO_train2014_000000353412.jpg,What kind of plant is this? | Do you can food from your garden? | What type of plant is that? | Are those spinach? | How big is your garden this year?,coco_fallback
229754,coco,http://images.cocodataset.org/train2014/COCO_train2014_000000229754.jpg,Why is the cat outside? | What is the cat doing? | Do you think that cat has fleas? | Does he have fleas? | Does your cat like to stay outside?,coco_fallback
503014,coco,http://images.cocodataset.org/train2014/COCO_train2014_000000503014.jpg,What type of food is pictured? | what is on that bread | What type of wine is in the glass? | Do they make the rolls from scratch? | What restaurant is that?,coco_fallback
431139,coco,http://images.cocodataset.org/train2014/COCO_train2014_000000431139.jpg,Where is the train? | Is this train stationed? | Do you think traveling this way is cheaper? | Is the train for passengers? | Where is the train going?,coco_fallback
360614,coco,http://images.cocodataset.org/train2014/COCO_train2014_000000360614.jpg,What flavor cake is this? | Is that a mini cake? | Did you make that? | Who decorated the cake? | Where can you get this cake?,coco_fallback
526467,coco,http://images.cocodataset.org/train2014/COCO_train2014_000000526467.jpg,Why is the laptop raised? | What model is it? | Why does the laptop have two keyboards? | What is the benefit of putting a laptop on that device? | What kind of laptop is that?,coco_fallback
407751,coco,http://images.cocodataset.org/train2014/COCO_train2014_000000407751.jpg,Is the Zebra looking at the camera? | Why do the zebra's stripes run in different directions? | Is the giraffe an adult? | How many other zebras were there? | Is she pregnant?,coco_fallback
308468,coco,http://images.cocodataset.org/train2014/COCO_train2014_000000308468.jpg,Why are there cows on the street? | Do donkeys often travel on the street in this city? | Why are there cows in the street? | Do cows walk down the street in other countries like this often? | What country was this taken in?,coco_fallback
460235,coco,http://images.cocodataset.org/train2014/COCO_train2014_000000460235.jpg,What is the player's name? | What's the score in the game? | Who were they playing againt? | What is the name of the baseball player? | Is he practicing or playing in a game?,coco_fallback
404964,coco,http://images.cocodataset.org/train2014/COCO_train2014_000000404964.jpg,Do you like flying kites? | Doesn't that look like a UFO over that white pole to the right of the photo? | Were you biking or kite flying? | What type of festival is this? | How many kites are flying?,coco_fallback
24974,coco,http://images.cocodataset.org/train2014/COCO_train2014_000000024974.jpg,Where did you find this flower? | What kind of flower is that? | What kind of flower is that? | Is that a real plant in the vase? | What kind of flower is it?,coco_fallback
543683,coco,http://images.cocodataset.org/train2014/COCO_train2014_000000543683.jpg,Where is that plane? | Where is this airplane headed? | Has Air Canada had any major crashes? | How often do you take plane photos? | Where was the flight headed to?,coco_fallback
574456,coco,http://images.cocodataset.org/train2014/COCO_train2014_000000574456.jpg,Why is the street flooded? | Why did it rain so much? | Did it get any deeper? | How deep was the rain water? | What do you think caused the water to be standing in the street like that?,coco_fallback
527134,coco,http://images.cocodataset.org/train2014/COCO_train2014_000000527134.jpg,"What color is the bus? | Does the bus have curtains? | Where is the bus going? | Where is this bus headed? | Curtains, really?",coco_fallback
160549,coco,http://images.cocodataset.org/train2014/COCO_train2014_000000160549.jpg,What kind of plane is that? | Where is this flight headed to? | Where is that plane going? | Was this a military plane? | Are the men setting down cones?,coco_fallback
480059,coco,http://images.cocodataset.org/train2014/COCO_train2014_000000480059.jpg,What kind of cell phone is that? | What kind of phone is that? | What's the point? | What is this phone trying to log? | How long have you had the phone?,coco_fallback
298299,coco,http://images.cocodataset.org/train2014/COCO_train2014_000000298299.jpg,Does your cat always sit on your laptop? | How often do you brush her? | Is the laptop the cat's favorite spot? | What is the website on display behind the cat? | Why is the cat on top of the computer?,coco_fallback
501325,coco,http://images.cocodataset.org/train2014/COCO_train2014_000000501325.jpg,Does a married couple live in this house? | Is the cat going to bed? | Did he jump in the box? | How old is the cat? | Is the cat looking at a door?,coco_fallback
444866,coco,http://images.cocodataset.org/train2014/COCO_train2014_000000444866.jpg,What kind of bike is this? | What kind of motorcycle is this? | How old is this motorcycle? | What kind of motorcycle is that? | What year is this motorcycle?,coco_fallback
330499,coco,http://images.cocodataset.org/train2014/COCO_train2014_000000330499.jpg,Where did the throw pillows come from? | Is that your living room? | Do you decorate with things in pairs or triplets? | Is that a television on the dresser? | Is that a new sofa?,coco_fallback
41054,coco,http://images.cocodataset.org/train2014/COCO_train2014_000000041054.jpg,What is this truck hauling? | What is on the back of the semi? | What type of engine is in that truck? | Is this at the fair. | What kind of truck is that?,coco_fallback
112801,coco,http://images.cocodataset.org/train2014/COCO_train2014_000000112801.jpg,What types of food are on the plate? | Didn't they have a bigger fork? | What is on top of the toast? | What do you call that dish? | Whose breakfast is that?,coco_fallback
534189,coco,http://images.cocodataset.org/train2014/COCO_train2014_000000534189.jpg,What harbor is this boat docked at? | Were you allowed to go on the ship? | Where is the ship going? | Did you go on a boat? | Why are there so many people on the dock?,coco_fallback
27591,coco,http://images.cocodataset.org/train2014/COCO_train2014_000000027591.jpg,Is that your new place? | Where is the rest of the furniture? | What is outside the window? | Whose bed is this? | How can someone live with only a bed?,coco_fallback
258006,coco,http://images.cocodataset.org/train2014/COCO_train2014_000000258006.jpg,Is that inside a camper? | Does this look like a boat interior? | What kind of flowers are on the table? | What kind of wood is it? | Is this dining table on a train?,coco_fallback
577953,coco,http://images.cocodataset.org/train2014/COCO_train2014_000000577953.jpg,Did the batter hit a home run? | Did this batter hit the ball? | Who is batting? | Did he hit a home run? | What teams are playing?,coco_fallback
161782,coco,http://images.cocodataset.org/train2014/COCO_train2014_000000161782.jpg,How old is that parking meter? | How much did the parking meter cost? | Is this a modern parking meter? | What city is this in? | How much time is left on the meter?,coco_fallback
560571,coco,http://images.cocodataset.org/train2014/COCO_train2014_000000560571.jpg,What city is this street in? | How far is it to Royal Albert Hall? | How many people can fit on this tour bus? | What kind of bus is that? | Where is this bus headed?,coco_fallback
574324,coco,http://images.cocodataset.org/train2014/COCO_train2014_000000574324.jpg,What country is this banana tree in? | Did you eat any? | Is that a banana tree? | Why does the cluster of bananas grow upwards? | Can you eat those bananas at that stage?,coco_fallback
95533,coco,http://images.cocodataset.org/train2014/COCO_train2014_000000095533.jpg,Who was he playing against? | Were you looking at his tennis form or his form? | Is he a professional tennis player? | What's the score in the tennis game? | Who won the tennis match?,coco_fallback
4893,coco,http://images.cocodataset.org/train2014/COCO_train2014_000000004893.jpg,What is the source of the red glow? | Is this a hotel? | Why is there green light in the bathroom? | Is this retro or actually old? | Do you use these lights to relax while taking a bath?,coco_fallback
556880,coco,http://images.cocodataset.org/train2014/COCO_train2014_000000556880.jpg,Is the newborn horse ok? | Is the small horse okay? | What kind of horse is that? | Is the animal laying on the ground dead? | Does the foal sleep a lot?,coco_fallback
315609,coco,http://images.cocodataset.org/train2014/COCO_train2014_000000315609.jpg,How old are those appliances? | Are you planning to paint the cabinets a lighter color? | Is that an old stove? | How much would it cost to fix this kitchen? | Why is this photo in black and white?,coco_fallback
547089,coco,http://images.cocodataset.org/train2014/COCO_train2014_000000547089.jpg,How old are those kids? | Does he make the landing? | Are these kids very good at boarding? | Is this an elaborate skate park? | Why no helmets?,coco_fallback
564663,coco,http://images.cocodataset.org/train2014/COCO_train2014_000000564663.jpg,Is the cat at the front door? | Is this cat relaxing? | Is the cat hiding? | Does the cat chew on the shoe laces? | why do cats like stinky shoes?,coco_fallback
437446,coco,http://images.cocodataset.org/train2014/COCO_train2014_000000437446.jpg,Are the toy bears hand made? | How long did it take to make a bear? | Who made those animals? | Can you send me instructions on how to make these bears? | Who made these?,coco_fallback
534627,coco,http://images.cocodataset.org/train2014/COCO_train2014_000000534627.jpg,What is she feeding to the giraffe? | What is he feeding the giraffe? | What are you allowed to feed giraffes like this at the zoo with? | What was it's tongue like? | Do giraffes ever bite?,coco_fallback
147331,coco,http://images.cocodataset.org/train2014/COCO_train2014_000000147331.jpg,Is that a map he is looking at? | Who is that guy? | What street is that? | What type of shoes is the man wearing? | Is the man reading a map?,coco_fallback
252069,coco,http://images.cocodataset.org/train2014/COCO_train2014_000000252069.jpg,Why do they both have Mac's? | What are the men doing on their laptops? | What is the person on the right looking at that is so interesting? | What are they looking up? | Why aren't they wearing any shoes?,coco_fallback
238607,coco,http://images.cocodataset.org/train2014/COCO_train2014_000000238607.jpg,Is that food? | Is that a donut or a candle? | Is that maple flavored glaze? | What kind of doughnut is that? | Did you eat more than one?,coco_fallback
213826,coco,http://images.cocodataset.org/train2014/COCO_train2014_000000213826.jpg,How did a bus end up in the river? | What ocean are they in? | Is that a floating bus? | Is that buss supposed to go into the water? | Is that a boat made to look like a bus?,coco_fallback
444582,coco,http://images.cocodataset.org/train2014/COCO_train2014_000000444582.jpg,Are these giraffes related? | Where is this located? | How tall are those giraffes? | How tall is the giraffe on the right? | Which zoo was this?,coco_fallback
334158,coco,http://images.cocodataset.org/train2014/COCO_train2014_000000334158.jpg,Is the cow bathing in the background? | How deep is the water that the cow is standing in? | Did you add the caption yourself? | Do you think that cow could lick its eyeballs too? | Why is the cow staring at the camera?,coco_fallback
471895,coco,http://images.cocodataset.org/train2014/COCO_train2014_000000471895.jpg,How much did the tiles cost? | Is the sink new? | What's the red stuff on the sink? | Is that new tile? | Is this the only bathroom in the house?,coco_fallback
189912,coco,http://images.cocodataset.org/train2014/COCO_train2014_000000189912.jpg,What are they waiting for? | Was this at the airport? | Would you wear that shirt in public? | What are the people in this photo waiting in line for? | What are these people waiting for?,coco_fallback
243734,coco,http://images.cocodataset.org/train2014/COCO_train2014_000000243734.jpg,Is this a friendly cat? | What kind of cat is that? | Is this cat feeling playful? | What emotions is the cat feeling? | What is the cat watching?,coco_fallback
417715,coco,http://images.cocodataset.org/train2014/COCO_train2014_000000417715.jpg,Is that a train station? | Where is this? | What kind of station is that? | DO a lot of the staff use the trains? | What is this building?,coco_fallback
563617,coco,http://images.cocodataset.org/train2014/COCO_train2014_000000563617.jpg,What beach are they on? | What beach is this? | What beach are they surfing at? | Why did they stop surfing? | What would you give to have that kind of rear view?,coco_fallback
339403,coco,http://images.cocodataset.org/train2014/COCO_train2014_000000339403.jpg,Can you turn left at this sign? | What street is this on? | What were all the stickers on the signs? | What does the bottom sign mean? | Where is this?,coco_fallback
374956,coco,http://images.cocodataset.org/train2014/COCO_train2014_000000374956.jpg,What are the cows looking at? | Where are these cows going? | Did anyone get loose? | How many cows were there? | What are the cows looking at?,coco_fallback
383379,coco,http://images.cocodataset.org/train2014/COCO_train2014_000000383379.jpg,What type of train is that? | How old is that train? | How old is this train car? | Is the train small? | What company owns this train cart?,coco_fallback
372870,coco,http://images.cocodataset.org/train2014/COCO_train2014_000000372870.jpg,What's the cat's name? | Why is the cat looking at the flowers? | What is the cat looking at? | Is the cat smelling the flower? | Does the cat tip the vase over?,coco_fallback
469124,coco,http://images.cocodataset.org/train2014/COCO_train2014_000000469124.jpg,How much snow is on the ground? | What country is this in? | How many inches of snow did you get during this storm? | Was anyone riding a bicycle in that weather? | How deep did it get?,coco_fallback
335092,coco,http://images.cocodataset.org/train2014/COCO_train2014_000000335092.jpg,Why is the cat in the suitcase? | Is the cat peeing in the luggage? | Is that furry critter traveling in your lunchbox? | Why is that luggage so small/ | What is the cat inside of?,coco_fallback
386112,coco,http://images.cocodataset.org/train2014/COCO_train2014_000000386112.jpg,Is frisbee golf good exercise? | Is this some sort of tackle-Frisbee game? | Did everyone have fun? | Why are they taking frisbee so seriously? | Where is the man in black going to throw the disc?,coco_fallback
226243,coco,http://images.cocodataset.org/train2014/COCO_train2014_000000226243.jpg,What flat is blue and white? | Where are these flags? | Why are there Israeli and Japanese flags together. | Where was this taken? | Where was this photo taken?,coco_fallback
356615,coco,http://images.cocodataset.org/train2014/COCO_train2014_000000356615.jpg,How cold is it there? | Where is this bridge located? | what river is that? | What city was this taken in? | Where is this?,coco_fallback
407958,coco,http://images.cocodataset.org/train2014/COCO_train2014_000000407958.jpg,What belongs on that platter? | What event is being prepared for? | What kind of china is that? | Where is this? | Is this a family get together?,coco_fallback
383805,coco,http://images.cocodataset.org/train2014/COCO_train2014_000000383805.jpg,What is the name of this type of fruit? | What kind of fruit is that? | Why are the bananas misshapen? | What kind of bananas are these? | Where did these grow?,coco_fallback
258283,coco,http://images.cocodataset.org/train2014/COCO_train2014_000000258283.jpg,What ocean is this? | Are they about to go surfing? | What beach is that? | What is the name of the beach? | Have they finished surfing?,coco_fallback
356610,coco,http://images.cocodataset.org/train2014/COCO_train2014_000000356610.jpg,How long has the dog been sleeping? | How old is she? | Is that the dog's toy? | Do you think that puppy is cute? | What kind of dog is that?,coco_fallback
357635,coco,http://images.cocodataset.org/train2014/COCO_train2014_000000357635.jpg,Whose ties are these? | Why so many ties? | What brand is the pink polka dot necktie? | Which one's your favorite? | Does the person own more ties?,coco_fallback
258288,coco,http://images.cocodataset.org/train2014/COCO_train2014_000000258288.jpg,What city is this building in? | Did you edit this? | Do both clocks have the same time? | Why does the sky look purple? | How did you get the purple background?,coco_fallback
184329,coco,http://images.cocodataset.org/train2014/COCO_train2014_000000184329.jpg,Where is the train going? | Where is this train headed? | Is this train in motion? | Where is this? | What kind of train is that?,coco_fallback
347463,coco,http://images.cocodataset.org/train2014/COCO_train2014_000000347463.jpg,What kind of interview is this? | Is the woman with the recorder a journalist? | Was she recording their conversation? | What is she holding in her hand? | Are these two people married?,coco_fallback
334373,coco,http://images.cocodataset.org/train2014/COCO_train2014_000000334373.jpg,Where did the bear come from? | Do you always take the bear on your motorcycle? | How much did the stuffed bear cost? | Who owns this teddy bear? | Does it ride along all the time?,coco_fallback
335362,coco,http://images.cocodataset.org/train2014/COCO_train2014_000000335362.jpg,Did you have dessert? | Is Guiness a stout? | How much did the food cost? | What type of sandwich is on the plate? | How would you rate the food?,coco_fallback
567997,coco,http://images.cocodataset.org/train2014/COCO_train2014_000000567997.jpg,"Is the dog wet? | How'd he get wet? | Why does,the dog look so sad? | Why might the dog be wet? | Is that a full breed dog or a mongrel?",coco_fallback
460533,coco,http://images.cocodataset.org/train2014/COCO_train2014_000000460533.jpg,What breed of cat is this? | Does that cat like baths? | What is the cat's name? | Why does the cat choose to be in the sink? | Is the cats tail very large?,coco_fallback
490361,coco,http://images.cocodataset.org/train2014/COCO_train2014_000000490361.jpg,Is she really going to cut her own hair? | Why is she cutting her own hair? | Why is she cutting her own hair? | Is she cutting her hair? | How did her cut turn out?,coco_fallback
518966,coco,http://images.cocodataset.org/train2014/COCO_train2014_000000518966.jpg,What is under the surfboard? | What kind of board is that? | Are they good at surfing? | Are they both carrying the surf board? | Where are they taking that board?,coco_fallback
250400,coco,http://images.cocodataset.org/train2014/COCO_train2014_000000250400.jpg,Why is my cat so skinny? | Is that cat alive? | Why is she sitting so proper? | How old is the cat? | Does this woman have any dogs?,coco_fallback
374916,coco,http://images.cocodataset.org/train2014/COCO_train2014_000000374916.jpg,What type of breed is the cat? | Is that you cat in the background of the picture? | Do all the apples have worm holes? | What is the animal in that picture? | What kind of apple is that?,coco_fallback
119714,coco,http://images.cocodataset.org/train2014/COCO_train2014_000000119714.jpg,Are these college kids? | What of pizzas are those? | What is he cutting? | What are they celebrating? | Where did they order the pizzas from?,coco_fallback
460043,coco,http://images.cocodataset.org/train2014/COCO_train2014_000000460043.jpg,What kind of monkey is that? | Do you what type of animal that is? | Was there a lot of these kinds of monkeys? | Does the monkey eat apples too? | What kind of animal is that?,coco_fallback
93070,coco,http://images.cocodataset.org/train2014/COCO_train2014_000000093070.jpg,Is the sky cloudy? | Is that a tour bus? | Did you go on the tour? | where is that bus headed? | Where is this?,coco_fallback
378001,coco,http://images.cocodataset.org/train2014/COCO_train2014_000000378001.jpg,Why is a fake plastic hot dog on some rocks? | Why does that hot dog have legs? | Why is there a fake hot dog on the ledge? | Who's toy is that? | Wht happened to this hot dog thing?,coco_fallback
443129,coco,http://images.cocodataset.org/train2014/COCO_train2014_000000443129.jpg,Did someone leave this toy here on purpose? | Who does the teddy bear belong to? | What is the blue item on the log? | Who put the blue bear there? | What is the meaning of a blue bear?,coco_fallback
428587,coco,http://images.cocodataset.org/train2014/COCO_train2014_000000428587.jpg,Where are these elephants travelling to? | Where are the elephants going? | Where are the elephants going? | Do people ride elephants often? | Can the public ride these elephants?,coco_fallback
406601,coco,http://images.cocodataset.org/train2014/COCO_train2014_000000406601.jpg,Do you think a safari would be fun | How close did they get? | How tall is that giraffe? | How tall are the giraffes? | Is this in Africa?,coco_fallback
411969,coco,http://images.cocodataset.org/train2014/COCO_train2014_000000411969.jpg,How many doughnuts are they making? | How many will be frosted with chocolate? | How quickly does the glaze dry on the donuts? | Where can I buy some of them? | Do those look like Krispy Kreme donuts?,coco_fallback
515426,coco,http://images.cocodataset.org/train2014/COCO_train2014_000000515426.jpg,Does she skate well? | How old is that girl? | How old is she? | Do you think the girl can do tricks on her skateboard? | Do you make sure your kid always wears a helmet?,coco_fallback
156152,coco,http://images.cocodataset.org/train2014/COCO_train2014_000000156152.jpg,Did he wipe out when he landed? | Is the man doing a trick? | How high in the air is the snowboarder? | What is NITRO? | What is the name of the person?,coco_fallback
460665,coco,http://images.cocodataset.org/train2014/COCO_train2014_000000460665.jpg,Are they moving on top of the snow? | Is that in New York? | Is there even any slope? | What city is that in? | Is there enough snow to ski?,coco_fallback
357413,coco,http://images.cocodataset.org/train2014/COCO_train2014_000000357413.jpg,Will he catch the frisbee? | Is the boy afraid of the frisbee? | Did he catch the frisbee? | Why does this boy have his eyes closed? | Is he going to be able to catch the frisbee?,coco_fallback
425670,coco,http://images.cocodataset.org/train2014/COCO_train2014_000000425670.jpg,When will the bus stop here? | Is that a church up ahead? | Did you use a special filter to photograph this street in black and white? | What does that sign mean? | What street is that?,coco_fallback
200980,coco,http://images.cocodataset.org/train2014/COCO_train2014_000000200980.jpg,Was the bird hurt? | What kind of bird is that? | Was this bird injured by flying into a window? | What kind of bird is that? | Is the bird okay after hitting the window?,coco_fallback
424105,coco,http://images.cocodataset.org/train2014/COCO_train2014_000000424105.jpg,Do you play well? | Who owns the tennis racket? | Is tennis being played? | Is that your stuff on the bench? | How often do you play?,coco_fallback
557514,coco,http://images.cocodataset.org/train2014/COCO_train2014_000000557514.jpg,How old is this woman? | Who is she talking to? | Who is she calling? | What are all those things on her phone? | Why does she have so many keychains?,coco_fallback
41890,coco,http://images.cocodataset.org/train2014/COCO_train2014_000000041890.jpg,Where was this taken? | Are these people gathering for a funeral? | What biker gang are they in? | Are these people in the same club? | Do they take long trips together on their motorcycles?,coco_fallback
514064,coco,http://images.cocodataset.org/train2014/COCO_train2014_000000514064.jpg,Who is Manos? | Why are there two cakes? | Are those both birthday cakes? | Who made that ca?ke | What flavor cake is on the left?,coco_fallback
440372,coco,http://images.cocodataset.org/train2014/COCO_train2014_000000440372.jpg,How long did it take to drink that? | Is this at a celebration dinner? | How old do you have to be to drink this type of alcohol? | What was the occasion? | What type of liquor was in this bottle?,coco_fallback
505343,coco,http://images.cocodataset.org/train2014/COCO_train2014_000000505343.jpg,How safe is the crossing? | Is it evening? | What city is this in? | What scity are these gates in? | Where are the pedestrians?,coco_fallback
458533,coco,http://images.cocodataset.org/train2014/COCO_train2014_000000458533.jpg,Can you tell how old an elephant is by the tusks? | How much does that elephant weigh? | Where are these elephants located? | How old are these elephants? | How many tusks are visible in the picture?,coco_fallback
254327,coco,http://images.cocodataset.org/train2014/COCO_train2014_000000254327.jpg,Was this a practice game? | Who won the game? | Is he playing softball? | Is he looking at the third base coach? | Why is the coach behind the fence upset?,coco_fallback
436584,coco,http://images.cocodataset.org/train2014/COCO_train2014_000000436584.jpg,How would you decorate an outhouse? | Is this outhouse still operational? | How old is this bathroom? | How old is the outhouse? | Where is this?,coco_fallback
215655,coco,http://images.cocodataset.org/train2014/COCO_train2014_000000215655.jpg,What is this baby's name? | Why is he eating like that? | Does he like any other food like he likes bananas? | Do you think this kid can eat the banana peel safely? | Did you show him the right way?,coco_fallback
481251,coco,http://images.cocodataset.org/train2014/COCO_train2014_000000481251.jpg,How many people can fit in that bus? | Did you ride the bus? | Did you ride the double-decker buses? | Did you ride the bus? | Why do they need double decker buses?,coco_fallback
122631,coco,http://images.cocodataset.org/train2014/COCO_train2014_000000122631.jpg,What is she doing on that phone? | Who is she texting? | Does she like that brand of cell phone? | Is she texting? | What kind of phone does the girl have?,coco_fallback
55039,coco,http://images.cocodataset.org/train2014/COCO_train2014_000000055039.jpg,What time of day did they go surfing? | Are these guys surfing or just holding boards? | Are they finishing up surfing for the day? | What beach is that? | Did they just finish surfing?,coco_fallback
48616,coco,http://images.cocodataset.org/train2014/COCO_train2014_000000048616.jpg,Are they eating in a store? | What kind of pizza is that? | How old are the children? | Why was there pizza in the store? | How old is the little boy?,coco_fallback
557602,coco,http://images.cocodataset.org/train2014/COCO_train2014_000000557602.jpg,How much does a zebra weigh? | Are those zebras happy? | What are the zebra's eating? | How old is the zebra on the left? | Do these zebras have names?,coco_fallback
287519,coco,http://images.cocodataset.org/train2014/COCO_train2014_000000287519.jpg,Was he just controlling traffic? | Is that officer at some event? | Who is he talking to? | Why is that cop using his phone on the job? | What type of gun does the policeman have?,coco_fallback
484287,coco,http://images.cocodataset.org/train2014/COCO_train2014_000000484287.jpg,Where did you take this? | Were there any aligators or crocodiles in the water? | How much does an elephant drink? | How old are the young elephants? | Where are the elephants?,coco_fallback
246869,coco,http://images.cocodataset.org/train2014/COCO_train2014_000000246869.jpg,What kind of sandwich is that? | What kind of sauce is that? | What kind of sandwich is this? | Is this a punishment or endurance testing? | Where is the sandwich from?,coco_fallback
274039,coco,http://images.cocodataset.org/train2014/COCO_train2014_000000274039.jpg,Are they in a skateboarding gang? | Where are these guys skateboarding? | Do all of these people have skateboards? | What city is this in? | What are their names?,coco_fallback
558396,coco,http://images.cocodataset.org/train2014/COCO_train2014_000000558396.jpg,Are these cows all grazing? | How would you describe the green in this picture? | What time of year is this? | What mountain is this? | Why do the animals look further away then they actually are?,coco_fallback
176790,coco,http://images.cocodataset.org/train2014/COCO_train2014_000000176790.jpg,Why is this couple dressed up so fancy? | Are they brother and sister or a couple? | Are they dressed up for a prom? | Are they going to prom? | Why are they dressed up?,coco_fallback
125350,coco,http://images.cocodataset.org/train2014/COCO_train2014_000000125350.jpg,Who won? | What game are they playing? | What game were you guys playing? | Are they at a tournament? | Who had high score?,coco_fallback
432805,coco,http://images.cocodataset.org/train2014/COCO_train2014_000000432805.jpg,Is that a blue bunting? | Can that bird get hurt on the barbed wire? | How close did you get? | What kind of bird is that? | What kind of bird is that?,coco_fallback
174623,coco,http://images.cocodataset.org/train2014/COCO_train2014_000000174623.jpg,Who designed your shelf arrangement? | What books are those? | What does the apron say? | Is this in a hotel? | How do you like your new shelves?,coco_fallback
278796,coco,http://images.cocodataset.org/train2014/COCO_train2014_000000278796.jpg,Why is the picture so colorful? | Did you buy this? | Are those real people or a painting? | Is this painting based on a real scene? | Is this a painting?,coco_fallback
578171,coco,http://images.cocodataset.org/train2014/COCO_train2014_000000578171.jpg,Where did you get the signs? | Who is that guy? | Why is he so angry? | Who is that on the TV screen? | Whose home is this?,coco_fallback
531515,coco,http://images.cocodataset.org/train2014/COCO_train2014_000000531515.jpg,Is he flying a kite? | What is being thrown in the air? | How long did it stay up? | What kind of kite is that? | What is flying in the sky?,coco_fallback
566762,coco,http://images.cocodataset.org/train2014/COCO_train2014_000000566762.jpg,What type of airplane is that? | How many engines does this plane have? | What kind of plane is that? | Was this plane at an air show? | Was this a tourist plane?,coco_fallback
518754,coco,http://images.cocodataset.org/train2014/COCO_train2014_000000518754.jpg,Is this in Italy? | Where is this? | What river is this? | Is the sky cloudy enough for rain? | Do you think the photographer used a special exposure for this picture?,coco_fallback
54442,coco,http://images.cocodataset.org/train2014/COCO_train2014_000000054442.jpg,Will that boy in the blue uniform make it to the base? | Do you coach on one of the little league team? | What baseball game is that? | Who won? | How good is he at the game?,coco_fallback
542832,coco,http://images.cocodataset.org/train2014/COCO_train2014_000000542832.jpg,Why is he carrying fruit | What country is this man in? | How heavy was it? | Where is he taking those vegetables? | Why is the woman putting the hat on the man?,coco_fallback
202076,coco,http://images.cocodataset.org/train2014/COCO_train2014_000000202076.jpg,Is he throwing luggage off that balcony? | Where are they going? | Anyone you know on board? | Are those suitcases empty? | Did the suitcases drop in the water?,coco_fallback
528849,coco,http://images.cocodataset.org/train2014/COCO_train2014_000000528849.jpg,What exactly is the design of the kite? | What type of kite is that? | Was it a good day to fly the kite? | What beach is this? | Is that kite of a dragon?,coco_fallback
467817,coco,http://images.cocodataset.org/train2014/COCO_train2014_000000467817.jpg,What is the cat's name? | Does he let you sit down? | Did that cat steal the chair? | Is that a macbook charger? | How old is the cat?,coco_fallback
299029,coco,http://images.cocodataset.org/train2014/COCO_train2014_000000299029.jpg,How did she hurt her knee? | Are they playing frisbee golf? | What game were they playing? | What is everyone playing? | Are these people playing frisbee?,coco_fallback
410772,coco,http://images.cocodataset.org/train2014/COCO_train2014_000000410772.jpg,Doesn't he get crumbs on the couch? | What song is the boy listening to? | How old is the child? | What is this kid watching? | Is it easy to clean grease from this couch?,coco_fallback
78609,coco,http://images.cocodataset.org/train2014/COCO_train2014_000000078609.jpg,What event was this? | Was this an olympic race? | Who won? | What competition is this? | Were you exicted to be at a ski race?,coco_fallback
450054,coco,http://images.cocodataset.org/train2014/COCO_train2014_000000450054.jpg,What are in the cows ears? | What do the different colored ear tags mean? | Do all of the cows have tags? | What is the point of the tags? | Are those your cows?,coco_fallback
334381,coco,http://images.cocodataset.org/train2014/COCO_train2014_000000334381.jpg,What kind of shoes are those? | Who puts their shoes on the bed like this? | What brand of shoes are those? | What brand of shoes are they? | How often do you wear them?,coco_fallback
359691,coco,http://images.cocodataset.org/train2014/COCO_train2014_000000359691.jpg,Is the horse without an owner? | Is that a wild horse? | Is the horse domesticated? | Was the heron perched on the horse before? | What is the horse doing?,coco_fallback
357881,coco,http://images.cocodataset.org/train2014/COCO_train2014_000000357881.jpg,Is the cat ready for dinner? | Is he allowed up there? | How old is the cat? | What kind of table is that? | Is this cat happy to see its owner returning?,coco_fallback
445605,coco,http://images.cocodataset.org/train2014/COCO_train2014_000000445605.jpg,Are these clocks all antiques? | Where were these clocks hanging? | Is this an antique shop? | Do you know the clock maker? | Are the clocks vintage or antique?,coco_fallback
471315,coco,http://images.cocodataset.org/train2014/COCO_train2014_000000471315.jpg,Where are the elephants going? | Where is this? | Where was this taken? | How many elephants still get poached for ivory? | Is there enough food for the elephants?,coco_fallback
296844,coco,http://images.cocodataset.org/train2014/COCO_train2014_000000296844.jpg,Is that a new computer? | Do you prefer Mac to Windows? | Is that Macbook brand new? | Whose computer is this? | Do you use the computer to do your homework?,coco_fallback
339211,coco,http://images.cocodataset.org/train2014/COCO_train2014_000000339211.jpg,What does that controller in his hands do? | What kind of flag is that? | Is that remote control for an airplane? | Did you speak with him? | Why is he pressing the button?,coco_fallback
394817,coco,http://images.cocodataset.org/train2014/COCO_train2014_000000394817.jpg,Whose bathroom is this? | What is that inside the toilet ring? | How big is the toilet? | What kind of toilet is that? | Is this toilet clean?,coco_fallback
183427,coco,http://images.cocodataset.org/train2014/COCO_train2014_000000183427.jpg,Is that woman cross-eyed? | Did she post a picture on Facebook? | What is she looking at on the phone? | What is she doing on her phone? | What kind of pizza is that?,coco_fallback
128763,coco,http://images.cocodataset.org/train2014/COCO_train2014_000000128763.jpg,Who owns these cows? | Where is the sheep herder at? | What type of trees are in the background? | Who owns these cows? | Where are these cow grazing?,coco_fallback
291201,coco,http://images.cocodataset.org/train2014/COCO_train2014_000000291201.jpg,What country is this in? | How did it feel to ride one? | Do locals also ride the elephants? | How tall is the elephant? | How much does it cost to ride an elephant?,coco_fallback
338544,coco,http://images.cocodataset.org/train2014/COCO_train2014_000000338544.jpg,What kind of board is he riding? | Does this person know how to surf? | Are there any sharks nearby? | Is the man about to surf? | How long have you been surfing?,coco_fallback
373137,coco,http://images.cocodataset.org/train2014/COCO_train2014_000000373137.jpg,Is that enough orange to make juice? | Where is the other orange half? | Where is the other half of the orange? | How long has this orange been laying out? | Where is the other half of the orange?,coco_fallback
479218,coco,http://images.cocodataset.org/train2014/COCO_train2014_000000479218.jpg,Were the animals taken care of well? | Is this the black sheep of the family? | Is this sheep dirty? | What type of sheep are they? | How many sheep do you have?,coco_fallback
151694,coco,http://images.cocodataset.org/train2014/COCO_train2014_000000151694.jpg,Why aren't the oranges very big? | Did you pick one? | What will these oranges be used for? | Is this orange tree in a big orange grove? | Did you grow those yourself?,coco_fallback
473952,coco,http://images.cocodataset.org/train2014/COCO_train2014_000000473952.jpg,Is this an adult or a baby giraffe? | How much did he eat? | Is this at a zoo? | What zoo is the giraffe living in? | Does that giraffe like the taste of carrots more than regular leaves?,coco_fallback
11299,coco,http://images.cocodataset.org/train2014/COCO_train2014_000000011299.jpg,What airplane company is this plane associated with? | How long did it sit there? | Is that plane going to Rome? | What airline does the plane belong to? | Is Alitalia the Italian national plane?,coco_fallback
378654,coco,http://images.cocodataset.org/train2014/COCO_train2014_000000378654.jpg,How many tricks did they do in the air show? | What is that formation called? | How fast are the planes flyign? | Was that at an airshow? | Have you ever attended an airshow?,coco_fallback
496606,coco,http://images.cocodataset.org/train2014/COCO_train2014_000000496606.jpg,What type of dog is that? | Is the dog sad? | Was this in your backyard? | Does the dog nap like that? | Is he begging for attention or food?,coco_fallback
213895,coco,http://images.cocodataset.org/train2014/COCO_train2014_000000213895.jpg,Are these elephants going for a dip? | How much does that elephant weigh? | How deep did they go? | Is that how elephants drink? | Are these three elephants in the same family?,coco_fallback
563404,coco,http://images.cocodataset.org/train2014/COCO_train2014_000000563404.jpg,Did you recently remodel the bathroom? | How big is that bathroom? | Did a professional decorator choose that tile? | How much did it cost to remodel? | How much did this bathroom cost?,coco_fallback
493702,coco,http://images.cocodataset.org/train2014/COCO_train2014_000000493702.jpg,What is he taking a picture of? | Is the camera aimed at the clouds? | Where is this? | What are they waiting on? | What sort of event is this?,coco_fallback
520810,coco,http://images.cocodataset.org/train2014/COCO_train2014_000000520810.jpg,Why are they in an old building? | Why are these people standing here? | What ominous plot do you think they're discussing? | Why are they meeting in a dirty warehouse? | Are they in a factory?,coco_fallback
556835,coco,http://images.cocodataset.org/train2014/COCO_train2014_000000556835.jpg,Did the giraffe have any babies? | How tall is that giraffe? | Is that giraffe in a zoo? | Where is this? | Is this giraffe peaking in the window?,coco_fallback
173146,coco,http://images.cocodataset.org/train2014/COCO_train2014_000000173146.jpg,Are they playing a game? | What is the cat doing? | What is the cat's name? | Are they both watching the cat? | What is she holding?,coco_fallback
30725,coco,http://images.cocodataset.org/train2014/COCO_train2014_000000030725.jpg,Why is that horse figure on the floor? | Why did the horse fall down? | What happened? | Where is this? | Does this scene remind you of a famous short story?,coco_fallback
579568,coco,http://images.cocodataset.org/train2014/COCO_train2014_000000579568.jpg,What street is that? | Do a lot of people take the bus? | Where is the bus going? | Did she make it to the bus stop in time? | How often do you actually remember to take an umbrella?,coco_fallback
8053,coco,http://images.cocodataset.org/train2014/COCO_train2014_000000008053.jpg,What does that graffiti say or mean? | Why is the fire hydrant so skinny? | How often do you go shopping? | What store did she come from? | Why is the hydrant yellow?,coco_fallback
478118,coco,http://images.cocodataset.org/train2014/COCO_train2014_000000478118.jpg,What cuisine does this belong to? | Did you make this yourself? | How many calories in that? | How much did this hot dog cost? | Is this at a sporting event?,coco_fallback
577975,coco,http://images.cocodataset.org/train2014/COCO_train2014_000000577975.jpg,How much is this horse worth? | What kind of outfit is she wearing? | Did this horse go on to win the competition? | What was her score? | What event was this taken at?,coco_fallback
422298,coco,http://images.cocodataset.org/train2014/COCO_train2014_000000422298.jpg,What kind of bike is that? | Are there picnic tables near here? | What kind of bike is that? | Where is this? | Do you know the model of this motorbike?,coco_fallback
321938,coco,http://images.cocodataset.org/train2014/COCO_train2014_000000321938.jpg,When's the party? | Is this at a restaurant? | How much food is here? | What kind of meat is in the sandwiches on the tray? | Who made all the food?,coco_fallback
324315,coco,http://images.cocodataset.org/train2014/COCO_train2014_000000324315.jpg,Where were the umbrella hats purchased? | Are these hats used for rain or sun? | Where can I buy those umbrella hats? | How many of those umbrella hats did you see? | Where can I get these umbrella-hats?,coco_fallback
236375,coco,http://images.cocodataset.org/train2014/COCO_train2014_000000236375.jpg,Do they cook bread in the fire brick oven also? | How many does he make a night? | Is that a pizza restaurant? | Is this a restaurant? | What food are they making?,coco_fallback
346812,coco,http://images.cocodataset.org/train2014/COCO_train2014_000000346812.jpg,Do you think the little girl hit the ball? | How old is she? | Did she hit any thing? | What's the score in the game? | Does the little kid even know how to play baseball?,coco_fallback
476086,coco,http://images.cocodataset.org/train2014/COCO_train2014_000000476086.jpg,What's the cat's name? | What are the names of the dogs and the cat? | What breed of dog is the black dog? | How long have they been laying there? | Do the pets always get along?,coco_fallback
466445,coco,http://images.cocodataset.org/train2014/COCO_train2014_000000466445.jpg,Why is the man smiling? | Is this man dressed up to go out to dinner? | Who is this man? | What is the mans name? | Why is he dressed up?,coco_fallback
392618,coco,http://images.cocodataset.org/train2014/COCO_train2014_000000392618.jpg,Why is this picture blurry? | Were you driving when you took this? | Is this photo intentionally blurry? | Is there a storm approaching? | How did you make that effect?,coco_fallback
5736,coco,http://images.cocodataset.org/train2014/COCO_train2014_000000005736.jpg,What is this body of water? | Where is the boat going? | Which decade would this picture have been taken? | Where is the sailboat going? | Is the plane landing or taking off?,coco_fallback
415427,coco,http://images.cocodataset.org/train2014/COCO_train2014_000000415427.jpg,Is the bus parked? | Where is the bus going? | How many people can the bus hold? | How many stops does the bus make along its route? | Did you get on?,coco_fallback
459475,coco,http://images.cocodataset.org/train2014/COCO_train2014_000000459475.jpg,Have you ever been on a cruise? | Is that an art sculpture on the right? | What ship is that? | What beach is this? | Is the ship in the water a cruise ship?,coco_fallback
79971,coco,http://images.cocodataset.org/train2014/COCO_train2014_000000079971.jpg,Is there water in the vase? | What kind of flowers are those? | Who did the painting? | Are those real flowers? | Is this a photograph or a painting?,coco_fallback
405441,coco,http://images.cocodataset.org/train2014/COCO_train2014_000000405441.jpg,What kind of plane is that? | What sort of plane is this? | Is this a plane or a jet? | What kind of plane is that? | Is that plane from the Cold War?,coco_fallback
528161,coco,http://images.cocodataset.org/train2014/COCO_train2014_000000528161.jpg,Does that person believe in the importance of scissor-safety? | Why do those scissors have teeth? | What kind of scissors are those? | What color is his left pupil? | Would you trust this person with a pair of scissors?,coco_fallback
548218,coco,http://images.cocodataset.org/train2014/COCO_train2014_000000548218.jpg,Do you sleep with the window open for air? | Why is the window open? | How many bedrooms are in this house? | Who made the bed? | Whose Bedroom is that?,coco_fallback
562456,coco,http://images.cocodataset.org/train2014/COCO_train2014_000000562456.jpg,What kind of beer is that? | How much was the drink? | What is on that sandwich? | What kind of bread is that? | Does that taste good?,coco_fallback
474419,coco,http://images.cocodataset.org/train2014/COCO_train2014_000000474419.jpg,What year is this bus from? | What kind of bus is that? | Did you ride that bus? | Where is that bus headed? | Where is this bus going?,coco_fallback
529012,coco,http://images.cocodataset.org/train2014/COCO_train2014_000000529012.jpg,Does this banana look old? | Is someone going to eat this banana? | Which end do you peel a banana from? | Is that banana bad? | Is that a banana?,coco_fallback
414648,coco,http://images.cocodataset.org/train2014/COCO_train2014_000000414648.jpg,How tall is that building? | Is there a bird by the top of the building? | Where is that building located? | How would you describe the blueness of that sky? | What building is this?,coco_fallback
12416,coco,http://images.cocodataset.org/train2014/COCO_train2014_000000012416.jpg,Where is this? | When will it start to rain? | Is that a NYC neighborhood? | Is the red light on top or in the middle? | Is that your apartment building?,coco_fallback
533253,coco,http://images.cocodataset.org/train2014/COCO_train2014_000000533253.jpg,Is the luggage being used to hold up the ceiling? | how did they stack so much luggage? | Why is everything stacked to the ceiling? | Why is the luggage stacked so high? | Was this a practical joke?,coco_fallback
196922,coco,http://images.cocodataset.org/train2014/COCO_train2014_000000196922.jpg,Why is the grass yellow? | Are those cows on a farm? | Why did someone take a picture of cow butt? | What breed are these cattle? | Where are the cows going?,coco_fallback
560020,coco,http://images.cocodataset.org/train2014/COCO_train2014_000000560020.jpg,Do those giraffes have a house? | Were they friendly? | How tall of a fence do you need to contain a giraffe? | How much do you think giraffes enjoy hay? | How tall is that giraffe?,coco_fallback
262561,coco,http://images.cocodataset.org/train2014/COCO_train2014_000000262561.jpg,Does he have a hotspot on he back? | Is the dog climbing the couch? | Does the dog like to watch whats on tv? | What is the name of the dog? | How old is the dog?,coco_fallback
